"date","DTB3","DGS2","DGS5","DGS7","DGS10","DGS30"
1965-01-04,3.81,7.26,4.12,6.88,4.2,7.7
1965-01-05,3.8,7.26,4.11,6.88,4.2,7.7
1965-01-06,3.82,7.26,4.11,6.88,4.2,7.7
1965-01-07,3.8,7.26,4.12,6.88,4.2,7.7
1965-01-08,3.78,7.26,4.12,6.88,4.2,7.7
1965-01-11,3.77,7.26,4.12,6.88,4.2,7.7
1965-01-12,3.76,7.26,4.11,6.88,4.19,7.7
1965-01-13,3.77,7.26,4.1,6.88,4.19,7.7
1965-01-14,3.77,7.26,4.1,6.88,4.19,7.7
1965-01-15,3.77,7.26,4.11,6.88,4.19,7.7
1965-01-18,3.77,7.26,4.11,6.88,4.19,7.7
1965-01-19,3.77,7.26,4.1,6.88,4.18,7.7
1965-01-20,3.83,7.26,4.09,6.88,4.18,7.7
1965-01-21,3.83,7.26,4.08,6.88,4.17,7.7
1965-01-22,3.83,7.26,4.08,6.88,4.17,7.7
1965-01-25,3.84,7.26,4.08,6.88,4.18,7.7
1965-01-26,3.84,7.26,4.09,6.88,4.19,7.7
1965-01-27,3.85,7.26,4.09,6.88,4.19,7.7
1965-01-28,3.86,7.26,4.1,6.88,4.19,7.7
1965-01-29,3.87,7.26,4.11,6.88,4.19,7.7
1965-02-01,3.88,7.26,4.12,6.88,4.2,7.7
1965-02-02,3.88,7.26,4.12,6.88,4.2,7.7
1965-02-03,3.89,7.26,4.13,6.88,4.2,7.7
1965-02-04,3.9,7.26,4.15,6.88,4.21,7.7
1965-02-05,3.91,7.26,4.16,6.88,4.22,7.7
1965-02-08,3.89,7.26,4.15,6.88,4.21,7.7
1965-02-09,3.89,7.26,4.15,6.88,4.21,7.7
1965-02-10,3.91,7.26,4.15,6.88,4.21,7.7
1965-02-11,3.92,7.26,4.15,6.88,4.21,7.7
1965-02-15,3.91,7.26,4.15,6.88,4.22,7.7
1965-02-16,3.92,7.26,4.15,6.88,4.21,7.7
1965-02-17,3.96,7.26,4.14,6.88,4.21,7.7
1965-02-18,3.96,7.26,4.15,6.88,4.21,7.7
1965-02-19,3.96,7.26,4.16,6.88,4.22,7.7
1965-02-23,3.98,7.26,4.15,6.88,4.21,7.7
1965-02-24,4,7.26,4.15,6.88,4.22,7.7
1965-02-25,4,7.26,4.15,6.88,4.21,7.7
1965-02-26,3.99,7.26,4.16,6.88,4.22,7.7
1965-03-01,3.97,7.26,4.16,6.88,4.22,7.7
1965-03-02,3.96,7.26,4.18,6.88,4.24,7.7
1965-03-03,3.97,7.26,4.17,6.88,4.23,7.7
1965-03-04,3.96,7.26,4.17,6.88,4.22,7.7
1965-03-05,3.95,7.26,4.17,6.88,4.23,7.7
1965-03-08,3.94,7.26,4.17,6.88,4.23,7.7
1965-03-09,3.94,7.26,4.18,6.88,4.23,7.7
1965-03-10,3.95,7.26,4.17,6.88,4.23,7.7
1965-03-11,3.94,7.26,4.16,6.88,4.22,7.7
1965-03-12,3.93,7.26,4.16,6.88,4.22,7.7
1965-03-15,3.92,7.26,4.15,6.88,4.21,7.7
1965-03-16,3.91,7.26,4.14,6.88,4.21,7.7
1965-03-17,3.92,7.26,4.12,6.88,4.2,7.7
1965-03-18,3.92,7.26,4.13,6.88,4.2,7.7
1965-03-19,3.92,7.26,4.13,6.88,4.2,7.7
1965-03-22,3.92,7.26,4.13,6.88,4.19,7.7
1965-03-23,3.91,7.26,4.13,6.88,4.19,7.7
1965-03-24,3.91,7.26,4.12,6.88,4.18,7.7
1965-03-25,3.89,7.26,4.13,6.88,4.19,7.7
1965-03-26,3.9,7.26,4.14,6.88,4.2,7.7
1965-03-29,3.9,7.26,4.15,6.88,4.2,7.7
1965-03-30,3.92,7.26,4.14,6.88,4.2,7.7
1965-03-31,3.93,7.26,4.14,6.88,4.2,7.7
1965-04-01,3.93,7.26,4.14,6.88,4.2,7.7
1965-04-02,3.94,7.26,4.15,6.88,4.2,7.7
1965-04-05,3.93,7.26,4.15,6.88,4.2,7.7
1965-04-06,3.92,7.26,4.14,6.88,4.2,7.7
1965-04-07,3.94,7.26,4.14,6.88,4.2,7.7
1965-04-08,3.92,7.26,4.13,6.88,4.19,7.7
1965-04-09,3.93,7.26,4.15,6.88,4.2,7.7
1965-04-12,3.93,7.26,4.15,6.88,4.2,7.7
1965-04-13,3.92,7.26,4.14,6.88,4.2,7.7
1965-04-14,3.94,7.26,4.14,6.88,4.19,7.7
1965-04-15,3.94,7.26,4.15,6.88,4.2,7.7
1965-04-19,3.94,7.26,4.16,6.88,4.21,7.7
1965-04-20,3.93,7.26,4.16,6.88,4.21,7.7
1965-04-21,3.94,7.26,4.16,6.88,4.21,7.7
1965-04-22,3.94,7.26,4.16,6.88,4.21,7.7
1965-04-23,3.92,7.26,4.16,6.88,4.21,7.7
1965-04-26,3.9,7.26,4.16,6.88,4.21,7.7
1965-04-27,3.9,7.26,4.16,6.88,4.21,7.7
1965-04-28,3.92,7.26,4.16,6.88,4.21,7.7
1965-04-29,3.92,7.26,4.16,6.88,4.21,7.7
1965-04-30,3.91,7.26,4.16,6.88,4.21,7.7
1965-05-03,3.9,7.26,4.16,6.88,4.21,7.7
1965-05-04,3.88,7.26,4.14,6.88,4.2,7.7
1965-05-05,3.9,7.26,4.14,6.88,4.2,7.7
1965-05-06,3.89,7.26,4.14,6.88,4.2,7.7
1965-05-07,3.89,7.26,4.14,6.88,4.2,7.7
1965-05-10,3.88,7.26,4.15,6.88,4.2,7.7
1965-05-11,3.88,7.26,4.15,6.88,4.2,7.7
1965-05-12,3.9,7.26,4.16,6.88,4.2,7.7
1965-05-13,3.9,7.26,4.16,6.88,4.21,7.7
1965-05-14,3.9,7.26,4.15,6.88,4.21,7.7
1965-05-17,3.89,7.26,4.15,6.88,4.21,7.7
1965-05-18,3.89,7.26,4.15,6.88,4.22,7.7
1965-05-19,3.9,7.26,4.15,6.88,4.22,7.7
1965-05-20,3.9,7.26,4.15,6.88,4.22,7.7
1965-05-21,3.9,7.26,4.15,6.88,4.22,7.7
1965-05-24,3.88,7.26,4.15,6.88,4.22,7.7
1965-05-25,3.88,7.26,4.15,6.88,4.22,7.7
1965-05-26,3.89,7.26,4.14,6.88,4.22,7.7
1965-05-27,3.88,7.26,4.14,6.88,4.22,7.7
1965-05-28,3.87,7.26,4.15,6.88,4.23,7.7
1965-06-01,3.88,7.26,4.15,6.88,4.23,7.7
1965-06-02,3.87,7.26,4.16,6.88,4.23,7.7
1965-06-03,3.84,7.26,4.15,6.88,4.23,7.7
1965-06-04,3.81,7.26,4.15,6.88,4.23,7.7
1965-06-07,3.78,7.26,4.15,6.88,4.23,7.7
1965-06-08,3.81,7.26,4.16,6.88,4.23,7.7
1965-06-09,3.82,7.26,4.16,6.88,4.23,7.7
1965-06-10,3.81,7.26,4.16,6.88,4.23,7.7
1965-06-11,3.81,7.26,4.16,6.88,4.23,7.7
1965-06-14,3.8,7.26,4.15,6.88,4.21,7.7
1965-06-15,3.8,7.26,4.15,6.88,4.21,7.7
1965-06-16,3.79,7.26,4.15,6.88,4.21,7.7
1965-06-17,3.8,7.26,4.15,6.88,4.21,7.7
1965-06-18,3.8,7.26,4.15,6.88,4.21,7.7
1965-06-21,3.78,7.26,4.15,6.88,4.2,7.7
1965-06-22,3.78,7.26,4.15,6.88,4.2,7.7
1965-06-23,3.78,7.26,4.13,6.88,4.2,7.7
1965-06-24,3.77,7.26,4.13,6.88,4.19,7.7
1965-06-25,3.77,7.26,4.13,6.88,4.19,7.7
1965-06-28,3.78,7.26,4.14,6.88,4.19,7.7
1965-06-29,3.81,7.26,4.14,6.88,4.2,7.7
1965-06-30,3.81,7.26,4.14,6.88,4.2,7.7
1965-07-01,3.82,7.26,4.15,6.88,4.2,7.7
1965-07-02,3.83,7.26,4.16,6.88,4.21,7.7
1965-07-06,3.87,7.26,4.16,6.88,4.21,7.7
1965-07-07,3.86,7.26,4.14,6.88,4.21,7.7
1965-07-08,3.87,7.26,4.14,6.88,4.2,7.7
1965-07-09,3.87,7.26,4.15,6.88,4.21,7.7
1965-07-12,3.87,7.26,4.15,6.88,4.21,7.7
1965-07-13,3.88,7.26,4.15,6.88,4.21,7.7
1965-07-14,3.87,7.26,4.15,6.88,4.21,7.7
1965-07-15,3.85,7.26,4.15,6.88,4.2,7.7
1965-07-16,3.84,7.26,4.15,6.88,4.2,7.7
1965-07-19,3.82,7.26,4.14,6.88,4.2,7.7
1965-07-20,3.82,7.26,4.14,6.88,4.2,7.7
1965-07-21,3.82,7.26,4.14,6.88,4.2,7.7
1965-07-22,3.81,7.26,4.15,6.88,4.2,7.7
1965-07-23,3.81,7.26,4.15,6.88,4.2,7.7
1965-07-26,3.8,7.26,4.15,6.88,4.2,7.7
1965-07-27,3.81,7.26,4.15,6.88,4.2,7.7
1965-07-28,3.81,7.26,4.15,6.88,4.2,7.7
1965-07-29,3.8,7.26,4.17,6.88,4.21,7.7
1965-07-30,3.81,7.26,4.18,6.88,4.22,7.7
1965-08-02,3.82,7.26,4.18,6.88,4.22,7.7
1965-08-03,3.85,7.26,4.18,6.88,4.22,7.7
1965-08-04,3.85,7.26,4.18,6.88,4.23,7.7
1965-08-05,3.85,7.26,4.19,6.88,4.23,7.7
1965-08-06,3.84,7.26,4.19,6.88,4.24,7.7
1965-08-09,3.83,7.26,4.19,6.88,4.24,7.7
1965-08-10,3.85,7.26,4.19,6.88,4.24,7.7
1965-08-11,3.84,7.26,4.2,6.88,4.25,7.7
1965-08-12,3.83,7.26,4.2,6.88,4.25,7.7
1965-08-13,3.8,7.26,4.2,6.88,4.25,7.7
1965-08-16,3.8,7.26,4.2,6.88,4.26,7.7
1965-08-17,3.83,7.26,4.22,6.88,4.27,7.7
1965-08-18,3.83,7.26,4.22,6.88,4.26,7.7
1965-08-19,3.83,7.26,4.21,6.88,4.26,7.7
1965-08-20,3.83,7.26,4.2,6.88,4.26,7.7
1965-08-23,3.84,7.26,4.21,6.88,4.26,7.7
1965-08-24,3.87,7.26,4.22,6.88,4.27,7.7
1965-08-25,3.87,7.26,4.21,6.88,4.26,7.7
1965-08-26,3.86,7.26,4.22,6.88,4.27,7.7
1965-08-27,3.86,7.26,4.22,6.88,4.27,7.7
1965-08-30,3.86,7.26,4.22,6.88,4.27,7.7
1965-08-31,3.9,7.26,4.22,6.88,4.27,7.7
1965-09-01,3.89,7.26,4.23,6.88,4.28,7.7
1965-09-02,3.86,7.26,4.23,6.88,4.28,7.7
1965-09-03,3.87,7.26,4.22,6.88,4.27,7.7
1965-09-07,3.91,7.26,4.23,6.88,4.27,7.7
1965-09-08,3.91,7.26,4.23,6.88,4.27,7.7
1965-09-09,3.9,7.26,4.24,6.88,4.27,7.7
1965-09-10,3.88,7.26,4.24,6.88,4.28,7.7
1965-09-13,3.88,7.26,4.23,6.88,4.28,7.7
1965-09-14,3.88,7.26,4.23,6.88,4.28,7.7
1965-09-15,3.88,7.26,4.24,6.88,4.28,7.7
1965-09-16,3.88,7.26,4.23,6.88,4.27,7.7
1965-09-17,3.88,7.26,4.23,6.88,4.27,7.7
1965-09-20,3.89,7.26,4.23,6.88,4.27,7.7
1965-09-21,3.93,7.26,4.24,6.88,4.28,7.7
1965-09-22,3.94,7.26,4.25,6.88,4.29,7.7
1965-09-23,3.96,7.26,4.26,6.88,4.3,7.7
1965-09-24,3.98,7.26,4.27,6.88,4.31,7.7
1965-09-27,3.99,7.26,4.27,6.88,4.31,7.7
1965-09-28,4.02,7.26,4.3,6.88,4.33,7.7
1965-09-29,4.05,7.26,4.34,6.88,4.36,7.7
1965-09-30,4.02,7.26,4.33,6.88,4.35,7.7
1965-10-01,4,7.26,4.34,6.88,4.36,7.7
1965-10-04,3.98,7.26,4.33,6.88,4.35,7.7
1965-10-05,4.05,7.26,4.32,6.88,4.33,7.7
1965-10-06,4.04,7.26,4.31,6.88,4.32,7.7
1965-10-07,4,7.26,4.31,6.88,4.31,7.7
1965-10-08,4,7.26,4.31,6.88,4.32,7.7
1965-10-11,3.98,7.26,4.31,6.88,4.31,7.7
1965-10-13,4.01,7.26,4.3,6.88,4.3,7.7
1965-10-14,4.01,7.26,4.31,6.88,4.31,7.7
1965-10-15,4.02,7.26,4.33,6.88,4.34,7.7
1965-10-18,4.02,7.26,4.34,6.88,4.34,7.7
1965-10-19,4.04,7.26,4.34,6.88,4.35,7.7
1965-10-20,4.04,7.26,4.35,6.88,4.36,7.7
1965-10-21,4.04,7.26,4.35,6.88,4.37,7.7
1965-10-22,4.04,7.26,4.34,6.88,4.36,7.7
1965-10-25,4.03,7.26,4.37,6.88,4.38,7.7
1965-10-26,4.05,7.26,4.37,6.88,4.38,7.7
1965-10-27,4.05,7.26,4.37,6.88,4.39,7.7
1965-10-28,4.06,7.26,4.39,6.88,4.4,7.7
1965-10-29,4.06,7.26,4.4,6.88,4.41,7.7
1965-11-01,4.07,7.26,4.43,6.88,4.43,7.7
1965-11-03,4.09,7.26,4.44,6.88,4.43,7.7
1965-11-04,4.07,7.26,4.45,6.88,4.43,7.7
1965-11-05,4.04,7.26,4.48,6.88,4.43,7.7
1965-11-08,4.04,7.26,4.5,6.88,4.45,7.7
1965-11-09,4.07,7.26,4.5,6.88,4.47,7.7
1965-11-10,4.08,7.26,4.49,6.88,4.46,7.7
1965-11-12,4.07,7.26,4.47,6.88,4.44,7.7
1965-11-15,4.08,7.26,4.47,6.88,4.45,7.7
1965-11-16,4.09,7.26,4.46,6.88,4.44,7.7
1965-11-17,4.09,7.26,4.46,6.88,4.45,7.7
1965-11-18,4.1,7.26,4.45,6.88,4.45,7.7
1965-11-19,4.1,7.26,4.46,6.88,4.46,7.7
1965-11-22,4.1,7.26,4.45,6.88,4.45,7.7
1965-11-23,4.12,7.26,4.45,6.88,4.45,7.7
1965-11-24,4.12,7.26,4.44,6.88,4.45,7.7
1965-11-26,4.11,7.26,4.44,6.88,4.45,7.7
1965-11-29,4.1,7.26,4.45,6.88,4.46,7.7
1965-11-30,4.13,7.26,4.47,6.88,4.48,7.7
1965-12-01,4.13,7.26,4.52,6.88,4.52,7.7
1965-12-02,4.12,7.26,4.51,6.88,4.52,7.7
1965-12-03,4.12,7.26,4.52,6.88,4.52,7.7
1965-12-06,4.3,7.26,4.69,6.88,4.61,7.7
1965-12-07,4.36,7.26,4.67,6.88,4.59,7.7
1965-12-08,4.36,7.26,4.69,6.88,4.6,7.7
1965-12-09,4.34,7.26,4.69,6.88,4.6,7.7
1965-12-10,4.33,7.26,4.69,6.88,4.6,7.7
1965-12-13,4.36,7.26,4.74,6.88,4.65,7.7
1965-12-14,4.41,7.26,4.77,6.88,4.67,7.7
1965-12-15,4.4,7.26,4.77,6.88,4.67,7.7
1965-12-16,4.42,7.26,4.76,6.88,4.66,7.7
1965-12-17,4.46,7.26,4.75,6.88,4.65,7.7
1965-12-20,4.5,7.26,4.71,6.88,4.61,7.7
1965-12-21,4.48,7.26,4.74,6.88,4.64,7.7
1965-12-22,4.47,7.26,4.76,6.88,4.65,7.7
1965-12-23,4.47,7.26,4.78,6.88,4.65,7.7
1965-12-27,4.47,7.26,4.77,6.88,4.62,7.7
1965-12-28,4.47,7.26,4.79,6.88,4.61,7.7
1965-12-29,4.48,7.26,4.81,6.88,4.62,7.7
1965-12-30,4.48,7.26,4.84,6.88,4.63,7.7
1965-12-31,4.49,7.26,4.88,6.88,4.65,7.7
1966-01-03,4.51,7.26,4.88,6.88,4.63,7.7
1966-01-04,4.56,7.26,4.89,6.88,4.65,7.7
1966-01-05,4.56,7.26,4.87,6.88,4.63,7.7
1966-01-06,4.54,7.26,4.84,6.88,4.6,7.7
1966-01-07,4.54,7.26,4.83,6.88,4.6,7.7
1966-01-10,4.55,7.26,4.84,6.88,4.61,7.7
1966-01-11,4.6,7.26,4.83,6.88,4.6,7.7
1966-01-12,4.61,7.26,4.77,6.88,4.56,7.7
1966-01-13,4.6,7.26,4.79,6.88,4.58,7.7
1966-01-14,4.63,7.26,4.82,6.88,4.59,7.7
1966-01-17,4.63,7.26,4.84,6.88,4.61,7.7
1966-01-18,4.66,7.26,4.83,6.88,4.61,7.7
1966-01-19,4.62,7.26,4.83,6.88,4.61,7.7
1966-01-20,4.59,7.26,4.84,6.88,4.6,7.7
1966-01-21,4.59,7.26,4.85,6.88,4.59,7.7
1966-01-24,4.57,7.26,4.88,6.88,4.6,7.7
1966-01-25,4.6,7.26,4.9,6.88,4.61,7.7
1966-01-26,4.6,7.26,4.91,6.88,4.61,7.7
1966-01-27,4.56,7.26,4.92,6.88,4.63,7.7
1966-01-28,4.57,7.26,4.95,6.88,4.65,7.7
1966-01-31,4.63,7.26,4.98,6.88,4.69,7.7
1966-02-01,4.66,7.26,4.94,6.88,4.69,7.7
1966-02-02,4.64,7.26,4.95,6.88,4.7,7.7
1966-02-03,4.63,7.26,4.95,6.88,4.7,7.7
1966-02-04,4.62,7.26,4.95,6.88,4.71,7.7
1966-02-07,4.61,7.26,4.99,6.88,4.73,7.7
1966-02-08,4.64,7.26,4.97,6.88,4.72,7.7
1966-02-09,4.64,7.26,4.97,6.88,4.74,7.7
1966-02-10,4.65,7.26,4.98,6.88,4.78,7.7
1966-02-11,4.65,7.26,5.01,6.88,4.86,7.7
1966-02-14,4.65,7.26,5,6.88,4.87,7.7
1966-02-15,4.68,7.26,5,6.88,4.88,7.7
1966-02-16,4.7,7.26,5,6.88,4.89,7.7
1966-02-17,4.66,7.26,4.97,6.88,4.88,7.7
1966-02-18,4.66,7.26,4.98,6.88,4.9,7.7
1966-02-21,4.66,7.26,5,6.88,4.92,7.7
1966-02-23,4.69,7.26,5,6.88,4.92,7.7
1966-02-24,4.67,7.26,4.99,6.88,4.93,7.7
1966-02-25,4.63,7.26,5.02,6.88,4.97,7.7
1966-02-28,4.64,7.26,5.03,6.88,5.02,7.7
1966-03-01,4.65,7.26,5.02,6.88,5.01,7.7
1966-03-02,4.64,7.26,5,6.88,5,7.7
1966-03-03,4.61,7.26,4.99,6.88,5,7.7
1966-03-04,4.57,7.26,4.97,6.88,4.98,7.7
1966-03-07,4.57,7.26,4.97,6.88,4.96,7.7
1966-03-08,4.63,7.26,4.95,6.88,4.93,7.7
1966-03-09,4.63,7.26,4.96,6.88,4.93,7.7
1966-03-10,4.65,7.26,4.98,6.88,4.95,7.7
1966-03-11,4.69,7.26,4.99,6.88,4.96,7.7
1966-03-14,4.67,7.26,4.95,6.88,4.94,7.7
1966-03-15,4.65,7.26,4.91,6.88,4.91,7.7
1966-03-16,4.65,7.26,4.91,6.88,4.9,7.7
1966-03-17,4.64,7.26,4.88,6.88,4.86,7.7
1966-03-18,4.59,7.26,4.88,6.88,4.84,7.7
1966-03-21,4.52,7.26,4.84,6.88,4.81,7.7
1966-03-22,4.55,7.26,4.84,6.88,4.78,7.7
1966-03-23,4.49,7.26,4.81,6.88,4.73,7.7
1966-03-24,4.46,7.26,4.88,6.88,4.76,7.7
1966-03-25,4.53,7.26,4.95,6.88,4.82,7.7
1966-03-28,4.5,7.26,4.93,6.88,4.81,7.7
1966-03-29,4.55,7.26,4.91,6.88,4.8,7.7
1966-03-30,4.53,7.26,4.81,6.88,4.7,7.7
1966-03-31,4.52,7.26,4.84,6.88,4.71,7.7
1966-04-01,4.5,7.26,4.81,6.88,4.7,7.7
1966-04-04,4.48,7.26,4.81,6.88,4.69,7.7
1966-04-05,4.54,7.26,4.76,6.88,4.66,7.7
1966-04-06,4.56,7.26,4.79,6.88,4.71,7.7
1966-04-07,4.58,7.26,4.83,6.88,4.73,7.7
1966-04-11,4.59,7.26,4.83,6.88,4.73,7.7
1966-04-12,4.66,7.26,4.83,6.88,4.73,7.7
1966-04-13,4.67,7.26,4.84,6.88,4.74,7.7
1966-04-14,4.66,7.26,4.84,6.88,4.76,7.7
1966-04-15,4.66,7.26,4.86,6.88,4.77,7.7
1966-04-18,4.65,7.26,4.84,6.88,4.76,7.7
1966-04-19,4.66,7.26,4.83,6.88,4.76,7.7
1966-04-20,4.67,7.26,4.85,6.88,4.8,7.7
1966-04-21,4.66,7.26,4.83,6.88,4.77,7.7
1966-04-22,4.63,7.26,4.83,6.88,4.77,7.7
1966-04-25,4.63,7.26,4.84,6.88,4.78,7.7
1966-04-26,4.64,7.26,4.86,6.88,4.79,7.7
1966-04-27,4.64,7.26,4.85,6.88,4.78,7.7
1966-04-28,4.63,7.26,4.84,6.88,4.78,7.7
1966-04-29,4.65,7.26,4.85,6.88,4.79,7.7
1966-05-02,4.65,7.26,4.86,6.88,4.8,7.7
1966-05-03,4.68,7.26,4.86,6.88,4.81,7.7
1966-05-04,4.67,7.26,4.86,6.88,4.81,7.7
1966-05-05,4.67,7.26,4.87,6.88,4.81,7.7
1966-05-06,4.66,7.26,4.86,6.88,4.79,7.7
1966-05-09,4.61,7.26,4.82,6.88,4.75,7.7
1966-05-10,4.61,7.26,4.82,6.88,4.75,7.7
1966-05-11,4.61,7.26,4.85,6.88,4.77,7.7
1966-05-12,4.61,7.26,4.84,6.88,4.77,7.7
1966-05-13,4.61,7.26,4.85,6.88,4.77,7.7
1966-05-16,4.6,7.26,4.85,6.88,4.77,7.7
1966-05-17,4.64,7.26,4.84,6.88,4.75,7.7
1966-05-18,4.65,7.26,4.84,6.88,4.75,7.7
1966-05-19,4.65,7.26,4.86,6.88,4.75,7.7
1966-05-20,4.64,7.26,4.88,6.88,4.75,7.7
1966-05-23,4.62,7.26,4.92,6.88,4.77,7.7
1966-05-24,4.65,7.26,4.96,6.88,4.79,7.7
1966-05-25,4.65,7.26,4.97,6.88,4.78,7.7
1966-05-26,4.64,7.26,4.99,6.88,4.8,7.7
1966-05-27,4.62,7.26,5,6.88,4.81,7.7
1966-05-31,4.64,7.26,5,6.88,4.8,7.7
1966-06-01,4.63,7.26,5.02,6.88,4.79,7.7
1966-06-02,4.56,7.26,4.99,6.88,4.77,7.7
1966-06-03,4.54,7.26,5.01,6.88,4.78,7.7
1966-06-06,4.54,7.26,5.01,6.88,4.79,7.7
1966-06-07,4.6,7.26,5.01,6.88,4.81,7.7
1966-06-08,4.59,7.26,5.02,6.88,4.83,7.7
1966-06-09,4.58,7.26,5.02,6.88,4.83,7.7
1966-06-10,4.57,7.26,5.01,6.88,4.83,7.7
1966-06-13,4.56,7.26,5,6.88,4.83,7.7
1966-06-14,4.58,7.26,5,6.88,4.83,7.7
1966-06-15,4.54,7.26,4.93,6.88,4.79,7.7
1966-06-16,4.5,7.26,4.9,6.88,4.81,7.7
1966-06-17,4.46,7.26,4.9,6.88,4.8,7.7
1966-06-20,4.43,7.26,4.88,6.88,4.76,7.7
1966-06-21,4.47,7.26,4.88,6.88,4.75,7.7
1966-06-22,4.4,7.26,4.89,6.88,4.76,7.7
1966-06-23,4.34,7.26,4.88,6.88,4.77,7.7
1966-06-24,4.38,7.26,4.94,6.88,4.8,7.7
1966-06-27,4.33,7.26,4.98,6.88,4.83,7.7
1966-06-28,4.38,7.26,5.02,6.88,4.89,7.7
1966-06-29,4.43,7.26,5.01,6.88,4.9,7.7
1966-06-30,4.58,7.26,5.09,6.88,4.97,7.7
1966-07-01,4.64,7.26,5.11,6.88,4.99,7.7
1966-07-05,4.77,7.26,5.09,6.88,4.96,7.7
1966-07-06,4.66,7.26,5.08,6.88,4.95,7.7
1966-07-07,4.66,7.26,5.1,6.88,4.95,7.7
1966-07-08,4.68,7.26,5.13,6.88,4.97,7.7
1966-07-11,4.74,7.26,5.19,6.88,5.03,7.7
1966-07-12,4.89,7.26,5.19,6.88,5.05,7.7
1966-07-13,4.88,7.26,5.2,6.88,5.07,7.7
1966-07-14,4.92,7.26,5.22,6.88,5.1,7.7
1966-07-15,4.93,7.26,5.21,6.88,5.09,7.7
1966-07-18,4.93,7.26,5.16,6.88,5.04,7.7
1966-07-19,4.96,7.26,5.15,6.88,5.03,7.7
1966-07-20,4.9,7.26,5.16,6.88,5.02,7.7
1966-07-21,4.88,7.26,5.18,6.88,5.04,7.7
1966-07-22,4.84,7.26,5.18,6.88,5.02,7.7
1966-07-25,4.78,7.26,5.17,6.88,4.99,7.7
1966-07-26,4.77,7.26,5.18,6.88,4.99,7.7
1966-07-27,4.66,7.26,5.19,6.88,4.99,7.7
1966-07-28,4.69,7.26,5.24,6.88,5.03,7.7
1966-07-29,4.77,7.26,5.26,6.88,5.05,7.7
1966-08-01,4.75,7.26,5.26,6.88,5.05,7.7
1966-08-02,4.84,7.26,5.25,6.88,5.04,7.7
1966-08-03,4.87,7.26,5.28,6.88,5.06,7.7
1966-08-04,4.84,7.26,5.28,6.88,5.07,7.7
1966-08-05,4.79,7.26,5.3,6.88,5.07,7.7
1966-08-08,4.78,7.26,5.3,6.88,5.08,7.7
1966-08-09,4.86,7.26,5.32,6.88,5.1,7.7
1966-08-10,4.89,7.26,5.33,6.88,5.1,7.7
1966-08-11,4.91,7.26,5.35,6.88,5.11,7.7
1966-08-12,4.94,7.26,5.37,6.88,5.11,7.7
1966-08-15,5,7.26,5.42,6.88,5.15,7.7
1966-08-16,5.09,7.26,5.49,6.88,5.18,7.7
1966-08-17,5.08,7.26,5.54,6.88,5.24,7.7
1966-08-18,5.09,7.26,5.6,6.88,5.29,7.7
1966-08-19,5.06,7.26,5.62,6.88,5.31,7.7
1966-08-22,4.97,7.26,5.58,6.88,5.29,7.7
1966-08-23,5.05,7.26,5.63,6.88,5.33,7.7
1966-08-24,5.02,7.26,5.68,6.88,5.36,7.7
1966-08-25,5.03,7.26,5.73,6.88,5.39,7.7
1966-08-26,5.03,7.26,5.83,6.88,5.48,7.7
1966-08-29,5.04,7.26,5.89,6.88,5.51,7.7
1966-08-30,5.09,7.26,5.85,6.88,5.48,7.7
1966-08-31,5.06,7.26,5.68,6.88,5.36,7.7
1966-09-01,5.08,7.26,5.63,6.88,5.3,7.7
1966-09-02,5.09,7.26,5.55,6.88,5.23,7.7
1966-09-06,5.17,7.26,5.53,6.88,5.19,7.7
1966-09-07,5.19,7.26,5.54,6.88,5.2,7.7
1966-09-08,5.21,7.26,5.53,6.88,5.18,7.7
1966-09-09,5.22,7.26,5.51,6.88,5.17,7.7
1966-09-12,5.29,7.26,5.51,6.88,5.18,7.7
1966-09-13,5.43,7.26,5.48,6.88,5.16,7.7
1966-09-14,5.45,7.26,5.54,6.88,5.21,7.7
1966-09-15,5.46,7.26,5.56,6.88,5.25,7.7
1966-09-16,5.46,7.26,5.55,6.88,5.24,7.7
1966-09-19,5.47,7.26,5.64,6.88,5.32,7.7
1966-09-20,5.57,7.26,5.6,6.88,5.27,7.7
1966-09-21,5.59,7.26,5.53,6.88,5.21,7.7
1966-09-22,5.55,7.26,5.47,6.88,5.15,7.7
1966-09-23,5.51,7.26,5.47,6.88,5.17,7.7
1966-09-26,5.45,7.26,5.44,6.88,5.17,7.7
1966-09-27,5.44,7.26,5.39,6.88,5.13,7.7
1966-09-28,5.41,7.26,5.35,6.88,5.09,7.7
1966-09-29,5.34,7.26,5.25,6.88,4.99,7.7
1966-09-30,5.34,7.26,5.34,6.88,5.02,7.7
1966-10-03,5.33,7.26,5.37,6.88,5.08,7.7
1966-10-04,5.44,7.26,5.32,6.88,5.06,7.7
1966-10-05,5.42,7.26,5.27,6.88,5.05,7.7
1966-10-06,5.38,7.26,5.24,6.88,5.03,7.7
1966-10-07,5.36,7.26,5.26,6.88,5.02,7.7
1966-10-10,5.4,7.26,5.3,6.88,5.05,7.7
1966-10-11,5.47,7.26,5.29,6.88,5.05,7.7
1966-10-13,5.48,7.26,5.29,6.88,5.07,7.7
1966-10-14,5.44,7.26,5.29,6.88,5.06,7.7
1966-10-17,5.39,7.26,5.26,6.88,5.04,7.7
1966-10-18,5.41,7.26,5.24,6.88,4.99,7.7
1966-10-19,5.4,7.26,5.25,6.88,5,7.7
1966-10-20,5.38,7.26,5.28,6.88,5.02,7.7
1966-10-21,5.27,7.26,5.23,6.88,4.94,7.7
1966-10-24,5.19,7.26,5.23,6.88,4.94,7.7
1966-10-25,5.23,7.26,5.24,6.88,4.94,7.7
1966-10-26,5.24,7.26,5.27,6.88,4.96,7.7
1966-10-27,5.25,7.26,5.28,6.88,4.99,7.7
1966-10-28,5.23,7.26,5.22,6.88,4.97,7.7
1966-10-31,5.22,7.26,5.22,6.88,4.97,7.7
1966-11-01,5.27,7.26,5.26,6.88,4.99,7.7
1966-11-02,5.33,7.26,5.32,6.88,5.04,7.7
1966-11-03,5.33,7.26,5.33,6.88,5.06,7.7
1966-11-04,5.36,7.26,5.37,6.88,5.11,7.7
1966-11-07,5.37,7.26,5.36,6.88,5.11,7.7
1966-11-09,5.42,7.26,5.35,6.88,5.12,7.7
1966-11-10,5.45,7.26,5.39,6.88,5.17,7.7
1966-11-14,5.41,7.26,5.41,6.88,5.19,7.7
1966-11-15,5.45,7.26,5.41,6.88,5.21,7.7
1966-11-16,5.44,7.26,5.42,6.88,5.22,7.7
1966-11-17,5.36,7.26,5.42,6.88,5.23,7.7
1966-11-18,5.29,7.26,5.41,6.88,5.22,7.7
1966-11-21,5.21,7.26,5.36,6.88,5.17,7.7
1966-11-22,5.28,7.26,5.38,6.88,5.2,7.7
1966-11-23,5.28,7.26,5.39,6.88,5.22,7.7
1966-11-25,5.27,7.26,5.39,6.88,5.23,7.7
1966-11-28,5.2,7.26,5.35,6.88,5.19,7.7
1966-11-29,5.19,7.26,5.31,6.88,5.15,7.7
1966-11-30,5.16,7.26,5.28,6.88,5.12,7.7
1966-12-01,5.16,7.26,5.25,6.88,5.09,7.7
1966-12-02,5.16,7.26,5.22,6.88,5.03,7.7
1966-12-05,5.17,7.26,5.24,6.88,5.06,7.7
1966-12-06,5.15,7.26,5.25,6.88,5.07,7.7
1966-12-07,5.19,7.26,5.22,6.88,5.07,7.7
1966-12-08,5.18,7.26,5.24,6.88,5.1,7.7
1966-12-09,5.11,7.26,5.18,6.88,5.05,7.7
1966-12-12,5.03,7.26,5.1,6.88,4.93,7.7
1966-12-13,5.04,7.26,5.05,6.88,4.86,7.7
1966-12-14,5.01,7.26,5.03,6.88,4.83,7.7
1966-12-15,4.92,7.26,4.91,6.88,4.76,7.7
1966-12-16,4.85,7.26,4.92,6.88,4.78,7.7
1966-12-19,4.85,7.26,4.86,6.88,4.72,7.7
1966-12-20,4.82,7.26,4.85,6.88,4.69,7.7
1966-12-21,4.82,7.26,4.84,6.88,4.66,7.7
1966-12-22,4.81,7.26,4.85,6.88,4.68,7.7
1966-12-23,4.78,7.26,4.84,6.88,4.67,7.7
1966-12-27,4.78,7.26,4.87,6.88,4.71,7.7
1966-12-28,4.8,7.26,4.76,6.88,4.64,7.7
1966-12-29,4.82,7.26,4.8,6.88,4.66,7.7
1966-12-30,4.81,7.26,4.8,6.88,4.64,7.7
1967-01-03,4.84,7.26,4.84,6.88,4.69,7.7
1967-01-04,4.81,7.26,4.8,6.88,4.65,7.7
1967-01-05,4.78,7.26,4.75,6.88,4.63,7.7
1967-01-06,4.78,7.26,4.76,6.88,4.64,7.7
1967-01-09,4.79,7.26,4.82,6.88,4.71,7.7
1967-01-10,4.85,7.26,4.81,6.88,4.69,7.7
1967-01-11,4.79,7.26,4.69,6.88,4.54,7.7
1967-01-12,4.83,7.26,4.7,6.88,4.55,7.7
1967-01-13,4.79,7.26,4.66,6.88,4.51,7.7
1967-01-16,4.72,7.26,4.6,6.88,4.49,7.7
1967-01-17,4.69,7.26,4.61,6.88,4.51,7.7
1967-01-18,4.7,7.26,4.64,6.88,4.53,7.7
1967-01-19,4.72,7.26,4.69,6.88,4.58,7.7
1967-01-20,4.71,7.26,4.7,6.88,4.6,7.7
1967-01-23,4.68,7.26,4.7,6.88,4.6,7.7
1967-01-24,4.69,7.26,4.75,6.88,4.65,7.7
1967-01-25,4.7,7.26,4.74,6.88,4.62,7.7
1967-01-26,4.64,7.26,4.63,6.88,4.5,7.7
1967-01-27,4.59,7.26,4.61,6.88,4.47,7.7
1967-01-30,4.51,7.26,4.61,6.88,4.48,7.7
1967-01-31,4.51,7.26,4.67,6.88,4.52,7.7
1967-02-01,4.5,7.26,4.68,6.88,4.52,7.7
1967-02-02,4.47,7.26,4.65,6.88,4.51,7.7
1967-02-03,4.46,7.26,4.66,6.88,4.52,7.7
1967-02-06,4.53,7.26,4.66,6.88,4.53,7.7
1967-02-07,4.55,7.26,4.68,6.88,4.54,7.7
1967-02-08,4.53,7.26,4.67,6.88,4.54,7.7
1967-02-09,4.52,7.26,4.66,6.88,4.53,7.7
1967-02-10,4.56,7.26,4.72,6.88,4.59,7.7
1967-02-14,4.6,7.26,4.74,6.88,4.64,7.7
1967-02-15,4.62,7.26,4.78,6.88,4.69,7.7
1967-02-16,4.61,7.26,4.78,6.88,4.67,7.7
1967-02-17,4.62,7.26,4.79,6.88,4.68,7.7
1967-02-20,4.6,7.26,4.8,6.88,4.7,7.7
1967-02-21,4.62,7.26,4.81,6.88,4.71,7.7
1967-02-23,4.64,7.26,4.83,6.88,4.74,7.7
1967-02-24,4.59,7.26,4.79,6.88,4.73,7.7
1967-02-27,4.54,7.26,4.78,6.88,4.72,7.7
1967-02-28,4.54,7.26,4.78,6.88,4.72,7.7
1967-03-01,4.45,7.26,4.7,6.88,4.66,7.7
1967-03-02,4.41,7.26,4.64,6.88,4.63,7.7
1967-03-03,4.37,7.26,4.62,6.88,4.62,7.7
1967-03-06,4.36,7.26,4.62,6.88,4.61,7.7
1967-03-07,4.38,7.26,4.62,6.88,4.6,7.7
1967-03-08,4.39,7.26,4.63,6.88,4.61,7.7
1967-03-09,4.37,7.26,4.6,6.88,4.57,7.7
1967-03-10,4.36,7.26,4.6,6.88,4.58,7.7
1967-03-13,4.33,7.26,4.59,6.88,4.56,7.7
1967-03-14,4.31,7.26,4.57,6.88,4.53,7.7
1967-03-15,4.28,7.26,4.51,6.88,4.49,7.7
1967-03-16,4.24,7.26,4.44,6.88,4.45,7.7
1967-03-17,4.24,7.26,4.47,6.88,4.47,7.7
1967-03-20,4.1,7.26,4.44,6.88,4.45,7.7
1967-03-21,4.16,7.26,4.49,6.88,4.51,7.7
1967-03-22,4.17,7.26,4.5,6.88,4.52,7.7
1967-03-23,4.15,7.26,4.47,6.88,4.5,7.7
1967-03-27,4.17,7.26,4.5,6.88,4.52,7.7
1967-03-28,4.17,7.26,4.48,6.88,4.52,7.7
1967-03-29,4.17,7.26,4.48,6.88,4.52,7.7
1967-03-30,4.11,7.26,4.44,6.88,4.5,7.7
1967-03-31,4.01,7.26,4.42,6.88,4.5,7.7
1967-04-03,3.97,7.26,4.42,6.88,4.5,7.7
1967-04-04,4,7.26,4.42,6.88,4.49,7.7
1967-04-05,3.98,7.26,4.43,6.88,4.5,7.7
1967-04-06,3.95,7.26,4.4,6.88,4.49,7.7
1967-04-07,3.87,7.26,4.38,6.88,4.48,7.7
1967-04-10,3.81,7.26,4.38,6.88,4.5,7.7
1967-04-11,3.82,7.26,4.41,6.88,4.51,7.7
1967-04-12,3.84,7.26,4.43,6.88,4.51,7.7
1967-04-13,3.87,7.26,4.48,6.88,4.54,7.7
1967-04-14,3.89,7.26,4.49,6.88,4.56,7.7
1967-04-17,3.89,7.26,4.54,6.88,4.61,7.7
1967-04-18,3.88,7.26,4.55,6.88,4.63,7.7
1967-04-19,3.82,7.26,4.52,6.88,4.63,7.7
1967-04-20,3.79,7.26,4.52,6.88,4.63,7.7
1967-04-21,3.75,7.26,4.54,6.88,4.66,7.7
1967-04-24,3.73,7.26,4.58,6.88,4.68,7.7
1967-04-25,3.73,7.26,4.61,6.88,4.71,7.7
1967-04-26,3.72,7.26,4.63,6.88,4.73,7.7
1967-04-27,3.71,7.26,4.67,6.88,4.73,7.7
1967-04-28,3.73,7.26,4.72,6.88,4.78,7.7
1967-05-01,3.75,7.26,4.7,6.88,4.77,7.7
1967-05-02,3.74,7.26,4.68,6.88,4.75,7.7
1967-05-03,3.74,7.26,4.68,6.88,4.75,7.7
1967-05-04,3.69,7.26,4.69,6.88,4.76,7.7
1967-05-05,3.69,7.26,4.72,6.88,4.77,7.7
1967-05-08,3.65,7.26,4.76,6.88,4.83,7.7
1967-05-09,3.66,7.26,4.77,6.88,4.87,7.7
1967-05-10,3.67,7.26,4.75,6.88,4.87,7.7
1967-05-11,3.65,7.26,4.71,6.88,4.84,7.7
1967-05-12,3.65,7.26,4.68,6.88,4.82,7.7
1967-05-15,3.6,7.26,4.72,6.88,4.86,7.7
1967-05-16,3.63,7.26,4.76,6.88,4.87,7.7
1967-05-17,3.63,7.26,4.76,6.88,4.88,7.7
1967-05-18,3.55,7.26,4.75,6.88,4.88,7.7
1967-05-19,3.54,7.26,4.78,6.88,4.89,7.7
1967-05-22,3.5,7.26,4.82,6.88,4.94,7.7
1967-05-23,3.53,7.26,4.85,6.88,4.94,7.7
1967-05-24,3.51,7.26,4.83,6.88,4.93,7.7
1967-05-25,3.49,7.26,4.81,6.88,4.92,7.7
1967-05-26,3.48,7.26,4.78,6.88,4.86,7.7
1967-05-29,3.46,7.26,4.74,6.88,4.84,7.7
1967-05-31,3.46,7.26,4.72,6.88,4.81,7.7
1967-06-01,3.4,7.26,4.72,6.88,4.81,7.7
1967-06-02,3.39,7.26,4.73,6.88,4.82,7.7
1967-06-05,3.37,7.26,4.76,6.88,4.85,7.7
1967-06-06,3.4,7.26,4.77,6.88,4.84,7.7
1967-06-07,3.41,7.26,4.77,6.88,4.84,7.7
1967-06-08,3.43,7.26,4.8,6.88,4.86,7.7
1967-06-09,3.45,7.26,4.84,6.88,4.89,7.7
1967-06-12,3.5,7.26,4.89,6.88,4.94,7.7
1967-06-13,3.55,7.26,4.92,6.88,4.95,7.7
1967-06-14,3.61,7.26,5.02,6.88,5.02,7.7
1967-06-15,3.59,7.26,5.02,6.88,5.02,7.7
1967-06-16,3.61,7.26,5.1,6.88,5.07,7.7
1967-06-19,3.58,7.26,5.1,6.88,5.07,7.7
1967-06-20,3.55,7.26,5.17,6.88,5.14,7.7
1967-06-21,3.49,7.26,5.14,6.88,5.14,7.7
1967-06-22,3.38,7.26,5.12,6.88,5.13,7.7
1967-06-23,3.33,7.26,5.15,6.88,5.14,7.7
1967-06-26,3.44,7.26,5.18,6.88,5.16,7.7
1967-06-27,3.67,7.26,5.24,6.88,5.21,7.7
1967-06-28,3.76,7.26,5.23,6.88,5.18,7.7
1967-06-29,3.88,7.26,5.27,6.88,5.2,7.7
1967-06-30,4,7.26,5.35,6.88,5.22,7.7
1967-07-03,4.1,7.26,5.36,6.88,5.22,7.7
1967-07-05,4.29,7.26,5.29,6.88,5.17,7.7
1967-07-06,4.21,7.26,5.25,6.88,5.11,7.7
1967-07-07,4.21,7.26,5.3,6.88,5.15,7.7
1967-07-10,4.18,7.26,5.29,6.88,5.16,7.7
1967-07-11,4.22,7.26,5.22,6.88,5.09,7.7
1967-07-12,4.18,7.26,5.16,6.88,5.06,7.7
1967-07-13,4.16,7.26,5.16,6.88,5.08,7.7
1967-07-14,4.18,7.26,5.16,6.88,5.08,7.7
1967-07-17,4.17,7.26,5.16,6.88,5.09,7.7
1967-07-18,4.2,7.26,5.2,6.88,5.16,7.7
1967-07-19,4.19,7.26,5.22,6.88,5.18,7.7
1967-07-20,4.21,7.26,5.25,6.88,5.2,7.7
1967-07-21,4.22,7.26,5.25,6.88,5.2,7.7
1967-07-24,4.35,7.26,5.31,6.88,5.23,7.7
1967-07-25,4.32,7.26,5.28,6.88,5.23,7.7
1967-07-26,4.28,7.26,5.22,6.88,5.23,7.7
1967-07-27,4.17,7.26,5.17,6.88,5.2,7.7
1967-07-28,4.15,7.26,5.13,6.88,5.18,7.7
1967-07-31,4.12,7.26,5.12,6.88,5.16,7.7
1967-08-01,4.16,7.26,5.18,6.88,5.18,7.7
1967-08-02,4.18,7.26,5.22,6.88,5.21,7.7
1967-08-03,4.15,7.26,5.19,6.88,5.2,7.7
1967-08-04,4.19,7.26,5.25,6.88,5.26,7.7
1967-08-07,4.15,7.26,5.31,6.88,5.3,7.7
1967-08-08,4.2,7.26,5.29,6.88,5.28,7.7
1967-08-09,4.18,7.26,5.28,6.88,5.27,7.7
1967-08-10,4.17,7.26,5.3,6.88,5.28,7.7
1967-08-11,4.17,7.26,5.32,6.88,5.29,7.7
1967-08-14,4.16,7.26,5.32,6.88,5.29,7.7
1967-08-15,4.2,7.26,5.31,6.88,5.29,7.7
1967-08-16,4.21,7.26,5.31,6.88,5.28,7.7
1967-08-17,4.21,7.26,5.32,6.88,5.28,7.7
1967-08-18,4.25,7.26,5.34,6.88,5.28,7.7
1967-08-21,4.29,7.26,5.37,6.88,5.3,7.7
1967-08-22,4.36,7.26,5.38,6.88,5.3,7.7
1967-08-23,4.39,7.26,5.4,6.88,5.31,7.7
1967-08-24,4.37,7.26,5.37,6.88,5.31,7.7
1967-08-25,4.4,7.26,5.38,6.88,5.32,7.7
1967-08-28,4.45,7.26,5.34,6.88,5.29,7.7
1967-08-29,4.45,7.26,5.32,6.88,5.27,7.7
1967-08-30,4.44,7.26,5.34,6.88,5.28,7.7
1967-08-31,4.38,7.26,5.34,6.88,5.27,7.7
1967-09-01,4.34,7.26,5.32,6.88,5.25,7.7
1967-09-05,4.29,7.26,5.29,6.88,5.22,7.7
1967-09-06,4.31,7.26,5.28,6.88,5.2,7.7
1967-09-07,4.3,7.26,5.3,6.88,5.2,7.7
1967-09-08,4.31,7.26,5.37,6.88,5.26,7.7
1967-09-11,4.34,7.26,5.38,6.88,5.28,7.7
1967-09-12,4.37,7.26,5.4,6.88,5.29,7.7
1967-09-13,4.36,7.26,5.37,6.88,5.27,7.7
1967-09-14,4.39,7.26,5.39,6.88,5.28,7.7
1967-09-15,4.4,7.26,5.4,6.88,5.29,7.7
1967-09-18,4.47,7.26,5.42,6.88,5.3,7.7
1967-09-19,4.5,7.26,5.47,6.88,5.35,7.7
1967-09-20,4.57,7.26,5.43,6.88,5.34,7.7
1967-09-21,4.58,7.26,5.45,6.88,5.36,7.7
1967-09-22,4.6,7.26,5.46,6.88,5.36,7.7
1967-09-25,4.59,7.26,5.48,6.88,5.38,7.7
1967-09-26,4.54,7.26,5.47,6.88,5.37,7.7
1967-09-27,4.44,7.26,5.47,6.88,5.37,7.7
1967-09-28,4.4,7.26,5.44,6.88,5.36,7.7
1967-09-29,4.39,7.26,5.38,6.88,5.31,7.7
1967-10-02,4.4,7.26,5.43,6.88,5.35,7.7
1967-10-03,4.52,7.26,5.44,6.88,5.35,7.7
1967-10-04,4.54,7.26,5.47,6.88,5.37,7.7
1967-10-05,4.51,7.26,5.47,6.88,5.37,7.7
1967-10-06,4.5,7.26,5.48,6.88,5.37,7.7
1967-10-09,4.52,7.26,5.49,6.88,5.39,7.7
1967-10-10,4.54,7.26,5.52,6.88,5.42,7.7
1967-10-11,4.6,7.26,5.53,6.88,5.42,7.7
1967-10-13,4.61,7.26,5.56,6.88,5.45,7.7
1967-10-16,4.64,7.26,5.6,6.88,5.47,7.7
1967-10-17,4.67,7.26,5.61,6.88,5.49,7.7
1967-10-18,4.62,7.26,5.6,6.88,5.52,7.7
1967-10-19,4.57,7.26,5.59,6.88,5.53,7.7
1967-10-20,4.58,7.26,5.57,6.88,5.52,7.7
1967-10-23,4.58,7.26,5.61,6.88,5.56,7.7
1967-10-24,4.57,7.26,5.63,6.88,5.56,7.7
1967-10-25,4.58,7.26,5.63,6.88,5.57,7.7
1967-10-26,4.54,7.26,5.65,6.88,5.58,7.7
1967-10-27,4.53,7.26,5.64,6.88,5.57,7.7
1967-10-30,4.53,7.26,5.67,6.88,5.6,7.7
1967-10-31,4.56,7.26,5.72,6.88,5.64,7.7
1967-11-01,4.58,7.26,5.76,6.88,5.7,7.7
1967-11-02,4.57,7.26,5.76,6.88,5.71,7.7
1967-11-03,4.61,7.26,5.8,6.88,5.75,7.7
1967-11-06,4.64,7.26,5.83,6.88,5.77,7.7
1967-11-08,4.66,7.26,5.81,6.88,5.74,7.7
1967-11-09,4.63,7.26,5.83,6.88,5.78,7.7
1967-11-10,4.61,7.26,5.87,6.88,5.83,7.7
1967-11-13,4.62,7.26,5.91,6.88,5.87,7.7
1967-11-14,4.64,7.26,5.81,6.88,5.81,7.7
1967-11-15,4.63,7.26,5.78,6.88,5.78,7.7
1967-11-16,4.6,7.26,5.68,6.88,5.72,7.7
1967-11-17,4.67,7.26,5.72,6.88,5.75,7.7
1967-11-20,4.9,7.26,5.87,6.88,5.85,7.7
1967-11-21,4.87,7.26,5.72,6.88,5.71,7.7
1967-11-22,4.77,7.26,5.68,6.88,5.7,7.7
1967-11-24,4.91,7.26,5.78,6.88,5.78,7.7
1967-11-27,4.9,7.26,5.78,6.88,5.76,7.7
1967-11-28,4.88,7.26,5.65,6.88,5.65,7.7
1967-11-29,4.9,7.26,5.69,6.88,5.67,7.7
1967-11-30,4.95,7.26,5.77,6.88,5.74,7.7
1967-12-01,5.01,7.26,5.82,6.88,5.78,7.7
1967-12-04,4.92,7.26,5.8,6.88,5.76,7.7
1967-12-05,4.96,7.26,5.77,6.88,5.74,7.7
1967-12-06,4.9,7.26,5.72,6.88,5.69,7.7
1967-12-07,4.91,7.26,5.76,6.88,5.71,7.7
1967-12-08,4.89,7.26,5.78,6.88,5.72,7.7
1967-12-11,4.9,7.26,5.81,6.88,5.74,7.7
1967-12-12,4.95,7.26,5.81,6.88,5.75,7.7
1967-12-13,4.96,7.26,5.74,6.88,5.71,7.7
1967-12-14,4.98,7.26,5.77,6.88,5.7,7.7
1967-12-15,5.07,7.26,5.79,6.88,5.71,7.7
1967-12-18,5.05,7.26,5.75,6.88,5.68,7.7
1967-12-19,5.02,7.26,5.7,6.88,5.66,7.7
1967-12-20,4.97,7.26,5.66,6.88,5.62,7.7
1967-12-21,4.91,7.26,5.7,6.88,5.64,7.7
1967-12-22,4.96,7.26,5.74,6.88,5.69,7.7
1967-12-26,4.98,7.26,5.7,6.88,5.64,7.7
1967-12-27,4.99,7.26,5.7,6.88,5.64,7.7
1967-12-28,5.01,7.26,5.79,6.88,5.7,7.7
1967-12-29,5.04,7.26,5.78,6.88,5.7,7.7
1968-01-02,5.04,7.26,5.68,6.88,5.63,7.7
1968-01-03,5.04,7.26,5.67,6.88,5.63,7.7
1968-01-04,4.99,7.26,5.54,6.88,5.51,7.7
1968-01-05,4.96,7.26,5.5,6.88,5.48,7.7
1968-01-08,5.02,7.26,5.53,6.88,5.5,7.7
1968-01-09,5.1,7.26,5.54,6.88,5.52,7.7
1968-01-10,5.08,7.26,5.45,6.88,5.46,7.7
1968-01-11,5.07,7.26,5.43,6.88,5.46,7.7
1968-01-12,5.08,7.26,5.42,6.88,5.43,7.7
1968-01-15,5.02,7.26,5.47,6.88,5.49,7.7
1968-01-16,5.01,7.26,5.51,6.88,5.52,7.7
1968-01-17,4.99,7.26,5.46,6.88,5.48,7.7
1968-01-18,5.01,7.26,5.55,6.88,5.55,7.7
1968-01-19,5.07,7.26,5.59,6.88,5.59,7.7
1968-01-22,5.03,7.26,5.61,6.88,5.61,7.7
1968-01-23,5.03,7.26,5.56,6.88,5.56,7.7
1968-01-24,5.01,7.26,5.58,6.88,5.56,7.7
1968-01-25,4.91,7.26,5.52,6.88,5.52,7.7
1968-01-26,4.88,7.26,5.55,6.88,5.53,7.7
1968-01-29,4.82,7.26,5.54,6.88,5.53,7.7
1968-01-30,4.87,7.26,5.55,6.88,5.53,7.7
1968-01-31,4.88,7.26,5.55,6.88,5.54,7.7
1968-02-01,4.84,7.26,5.6,6.88,5.58,7.7
1968-02-02,4.86,7.26,5.6,6.88,5.58,7.7
1968-02-05,4.91,7.26,5.64,6.88,5.6,7.7
1968-02-06,5.02,7.26,5.65,6.88,5.61,7.7
1968-02-07,5.03,7.26,5.63,6.88,5.59,7.7
1968-02-08,5.03,7.26,5.65,6.88,5.6,7.7
1968-02-09,5.01,7.26,5.63,6.88,5.59,7.7
1968-02-13,5.01,7.26,5.58,6.88,5.55,7.7
1968-02-14,5,7.26,5.56,6.88,5.54,7.7
1968-02-15,4.96,7.26,5.53,6.88,5.51,7.7
1968-02-16,4.92,7.26,5.49,6.88,5.5,7.7
1968-02-19,4.9,7.26,5.54,6.88,5.53,7.7
1968-02-20,4.97,7.26,5.55,6.88,5.54,7.7
1968-02-21,4.99,7.26,5.55,6.88,5.54,7.7
1968-02-23,5.01,7.26,5.58,6.88,5.56,7.7
1968-02-26,5.04,7.26,5.61,6.88,5.58,7.7
1968-02-27,5.06,7.26,5.6,6.88,5.58,7.7
1968-02-28,5.02,7.26,5.58,6.88,5.57,7.7
1968-02-29,5.02,7.26,5.57,6.88,5.56,7.7
1968-03-01,5.01,7.26,5.57,6.88,5.56,7.7
1968-03-04,4.99,7.26,5.59,6.88,5.57,7.7
1968-03-05,5,7.26,5.61,6.88,5.59,7.7
1968-03-06,5.03,7.26,5.63,6.88,5.61,7.7
1968-03-07,5.09,7.26,5.71,6.88,5.67,7.7
1968-03-08,5.09,7.26,5.78,6.88,5.75,7.7
1968-03-11,5.09,7.26,5.78,6.88,5.75,7.7
1968-03-12,5.14,7.26,5.82,6.88,5.79,7.7
1968-03-13,5.25,7.26,5.9,6.88,5.86,7.7
1968-03-14,5.45,7.26,6,6.88,5.95,7.7
1968-03-15,5.37,7.26,5.88,6.88,5.84,7.7
1968-03-18,5.26,7.26,5.78,6.88,5.76,7.7
1968-03-19,5.31,7.26,5.78,6.88,5.77,7.7
1968-03-20,5.26,7.26,5.71,6.88,5.73,7.7
1968-03-21,5.25,7.26,5.78,6.88,5.76,7.7
1968-03-22,5.19,7.26,5.74,6.88,5.74,7.7
1968-03-25,5.15,7.26,5.74,6.88,5.74,7.7
1968-03-26,5.1,7.26,5.78,6.88,5.78,7.7
1968-03-27,5.13,7.26,5.77,6.88,5.78,7.7
1968-03-28,5.15,7.26,5.79,6.88,5.78,7.7
1968-03-29,5.17,7.26,5.76,6.88,5.76,7.7
1968-04-01,5.13,7.26,5.64,6.88,5.64,7.7
1968-04-02,5.19,7.26,5.58,6.88,5.62,7.7
1968-04-03,5.19,7.26,5.43,6.88,5.49,7.7
1968-04-04,5.27,7.26,5.47,6.88,5.52,7.7
1968-04-05,5.24,7.26,5.48,6.88,5.52,7.7
1968-04-08,5.26,7.26,5.49,6.88,5.54,7.7
1968-04-10,5.34,7.26,5.48,6.88,5.53,7.7
1968-04-11,5.44,7.26,5.53,6.88,5.54,7.7
1968-04-15,5.41,7.26,5.62,6.88,5.6,7.7
1968-04-16,5.37,7.26,5.66,6.88,5.62,7.7
1968-04-17,5.33,7.26,5.67,6.88,5.62,7.7
1968-04-18,5.34,7.26,5.72,6.88,5.64,7.7
1968-04-19,5.53,7.26,5.9,6.88,5.76,7.7
1968-04-22,5.51,7.26,5.93,6.88,5.78,7.7
1968-04-23,5.49,7.26,5.84,6.88,5.73,7.7
1968-04-24,5.5,7.26,5.84,6.88,5.72,7.7
1968-04-25,5.5,7.26,5.85,6.88,5.72,7.7
1968-04-26,5.51,7.26,5.84,6.88,5.71,7.7
1968-04-29,5.48,7.26,5.96,6.88,5.73,7.7
1968-04-30,5.51,7.26,5.96,6.88,5.74,7.7
1968-05-01,5.48,7.26,5.92,6.88,5.73,7.7
1968-05-02,5.48,7.26,5.95,6.88,5.76,7.7
1968-05-03,5.54,7.26,6.01,6.88,5.8,7.7
1968-05-06,5.48,7.26,5.98,6.88,5.78,7.7
1968-05-07,5.52,7.26,5.97,6.88,5.79,7.7
1968-05-08,5.53,7.26,5.99,6.88,5.8,7.7
1968-05-09,5.55,7.26,5.97,6.88,5.79,7.7
1968-05-10,5.55,7.26,5.97,6.88,5.79,7.7
1968-05-13,5.53,7.26,5.97,6.88,5.79,7.7
1968-05-14,5.6,7.26,6,6.88,5.82,7.7
1968-05-15,5.67,7.26,6.02,6.88,5.85,7.7
1968-05-16,5.78,7.26,6.07,6.88,5.9,7.7
1968-05-17,5.8,7.26,6.11,6.88,5.92,7.7
1968-05-20,5.82,7.26,6.15,6.88,5.96,7.7
1968-05-21,5.92,7.26,6.21,6.88,6.02,7.7
1968-05-22,5.86,7.26,6.2,6.88,6.02,7.7
1968-05-23,5.8,7.26,6.13,6.88,5.98,7.7
1968-05-24,5.72,7.26,6.08,6.88,5.96,7.7
1968-05-27,5.67,7.26,6.02,6.88,5.92,7.7
1968-05-28,5.72,7.26,6.06,6.88,5.94,7.7
1968-05-29,5.73,7.26,6.08,6.88,5.95,7.7
1968-05-31,5.68,7.26,5.97,6.88,5.86,7.7
1968-06-03,5.65,7.26,5.91,6.88,5.79,7.7
1968-06-04,5.66,7.26,5.9,6.88,5.78,7.7
1968-06-05,5.65,7.26,5.94,6.88,5.81,7.7
1968-06-06,5.66,7.26,5.95,6.88,5.83,7.7
1968-06-07,5.66,7.26,5.93,6.88,5.82,7.7
1968-06-10,5.68,7.26,5.92,6.88,5.8,7.7
1968-06-11,5.72,7.26,5.91,6.88,5.79,7.7
1968-06-12,5.71,7.26,5.9,6.88,5.77,7.7
1968-06-13,5.69,7.26,5.88,6.88,5.76,7.7
1968-06-14,5.63,7.26,5.82,6.88,5.72,7.7
1968-06-17,5.58,7.26,5.81,6.88,5.71,7.7
1968-06-18,5.6,7.26,5.82,6.88,5.71,7.7
1968-06-19,5.47,7.26,5.78,6.88,5.67,7.7
1968-06-20,5.4,7.26,5.73,6.88,5.62,7.7
1968-06-21,5.2,7.26,5.74,6.88,5.6,7.7
1968-06-24,5.2,7.26,5.77,6.88,5.61,7.7
1968-06-25,5.34,7.26,5.81,6.88,5.64,7.7
1968-06-26,5.35,7.26,5.81,6.88,5.64,7.7
1968-06-27,5.32,7.26,5.81,6.88,5.65,7.7
1968-06-28,5.3,7.26,5.79,6.88,5.64,7.7
1968-07-01,5.3,7.26,5.77,6.88,5.62,7.7
1968-07-02,5.34,7.26,5.73,6.88,5.58,7.7
1968-07-03,5.39,7.26,5.71,6.88,5.57,7.7
1968-07-05,5.36,7.26,5.7,6.88,5.56,7.7
1968-07-08,5.33,7.26,5.65,6.88,5.53,7.7
1968-07-09,5.38,7.26,5.61,6.88,5.51,7.7
1968-07-10,5.38,7.26,5.64,6.88,5.52,7.7
1968-07-11,5.39,7.26,5.65,6.88,5.52,7.7
1968-07-12,5.38,7.26,5.65,6.88,5.53,7.7
1968-07-15,5.42,7.26,5.68,6.88,5.56,7.7
1968-07-16,5.47,7.26,5.68,6.88,5.57,7.7
1968-07-17,5.39,7.26,5.64,6.88,5.55,7.7
1968-07-18,5.34,7.26,5.62,6.88,5.56,7.7
1968-07-19,5.29,7.26,5.56,6.88,5.53,7.7
1968-07-22,5.27,7.26,5.47,6.88,5.45,7.7
1968-07-23,5.26,7.26,5.43,6.88,5.38,7.7
1968-07-24,5.24,7.26,5.46,6.88,5.39,7.7
1968-07-25,5.2,7.26,5.46,6.88,5.37,7.7
1968-07-26,5.2,7.26,5.5,6.88,5.39,7.7
1968-07-29,5.19,7.26,5.53,6.88,5.41,7.7
1968-07-30,5.2,7.26,5.53,6.88,5.41,7.7
1968-07-31,5.17,7.26,5.5,6.88,5.39,7.7
1968-08-01,4.97,7.26,5.47,6.88,5.38,7.7
1968-08-02,4.9,7.26,5.43,6.88,5.34,7.7
1968-08-05,4.89,7.26,5.48,6.88,5.37,7.7
1968-08-06,4.98,7.26,5.5,6.88,5.38,7.7
1968-08-07,4.96,7.26,5.45,6.88,5.36,7.7
1968-08-08,4.96,7.26,5.46,6.88,5.37,7.7
1968-08-09,4.99,7.26,5.47,6.88,5.39,7.7
1968-08-12,5.05,7.26,5.52,6.88,5.42,7.7
1968-08-13,5.11,7.26,5.52,6.88,5.43,7.7
1968-08-14,5.14,7.26,5.51,6.88,5.43,7.7
1968-08-15,5.17,7.26,5.52,6.88,5.45,7.7
1968-08-16,5.11,7.26,5.49,6.88,5.42,7.7
1968-08-19,5.11,7.26,5.49,6.88,5.43,7.7
1968-08-20,5.14,7.26,5.5,6.88,5.43,7.7
1968-08-21,5.17,7.26,5.52,6.88,5.46,7.7
1968-08-22,5.17,7.26,5.55,6.88,5.5,7.7
1968-08-23,5.15,7.26,5.52,6.88,5.47,7.7
1968-08-26,5.16,7.26,5.51,6.88,5.46,7.7
1968-08-27,5.19,7.26,5.51,6.88,5.46,7.7
1968-08-28,5.2,7.26,5.5,6.88,5.45,7.7
1968-08-29,5.21,7.26,5.49,6.88,5.43,7.7
1968-08-30,5.18,7.26,5.48,6.88,5.42,7.7
1968-09-03,5.18,7.26,5.46,6.88,5.41,7.7
1968-09-04,5.19,7.26,5.46,6.88,5.43,7.7
1968-09-05,5.22,7.26,5.49,6.88,5.46,7.7
1968-09-06,5.23,7.26,5.51,6.88,5.48,7.7
1968-09-09,5.24,7.26,5.52,6.88,5.49,7.7
1968-09-10,5.3,7.26,5.54,6.88,5.51,7.7
1968-09-11,5.3,7.26,5.52,6.88,5.5,7.7
1968-09-12,5.3,7.26,5.52,6.88,5.49,7.7
1968-09-13,5.24,7.26,5.49,6.88,5.48,7.7
1968-09-16,5.22,7.26,5.48,6.88,5.46,7.7
1968-09-17,5.2,7.26,5.47,6.88,5.46,7.7
1968-09-18,5.15,7.26,5.44,6.88,5.42,7.7
1968-09-19,5.16,7.26,5.43,6.88,5.43,7.7
1968-09-20,5.17,7.26,5.46,6.88,5.45,7.7
1968-09-23,5.17,7.26,5.46,6.88,5.45,7.7
1968-09-24,5.13,7.26,5.44,6.88,5.44,7.7
1968-09-25,5.11,7.26,5.44,6.88,5.44,7.7
1968-09-26,5.09,7.26,5.45,6.88,5.45,7.7
1968-09-27,5.12,7.26,5.46,6.88,5.46,7.7
1968-09-30,5.16,7.26,5.48,6.88,5.49,7.7
1968-10-01,5.16,7.26,5.48,6.88,5.49,7.7
1968-10-02,5.22,7.26,5.48,6.88,5.49,7.7
1968-10-03,5.21,7.26,5.49,6.88,5.5,7.7
1968-10-04,5.23,7.26,5.5,6.88,5.52,7.7
1968-10-07,5.26,7.26,5.54,6.88,5.55,7.7
1968-10-08,5.35,7.26,5.56,6.88,5.57,7.7
1968-10-09,5.37,7.26,5.57,6.88,5.6,7.7
1968-10-10,5.34,7.26,5.57,6.88,5.61,7.7
1968-10-11,5.26,7.26,5.55,6.88,5.61,7.7
1968-10-14,5.32,7.26,5.57,6.88,5.62,7.7
1968-10-15,5.38,7.26,5.6,6.88,5.65,7.7
1968-10-16,5.37,7.26,5.57,6.88,5.62,7.7
1968-10-17,5.33,7.26,5.53,6.88,5.58,7.7
1968-10-18,5.33,7.26,5.53,6.88,5.57,7.7
1968-10-21,5.36,7.26,5.56,6.88,5.58,7.7
1968-10-22,5.42,7.26,5.56,6.88,5.58,7.7
1968-10-23,5.4,7.26,5.55,6.88,5.58,7.7
1968-10-24,5.4,7.26,5.6,6.88,5.61,7.7
1968-10-25,5.42,7.26,5.58,6.88,5.6,7.7
1968-10-28,5.46,7.26,5.58,6.88,5.61,7.7
1968-10-29,5.51,7.26,5.6,6.88,5.62,7.7
1968-10-30,5.5,7.26,5.59,6.88,5.63,7.7
1968-10-31,5.48,7.26,5.57,6.88,5.61,7.7
1968-11-01,5.46,7.26,5.56,6.88,5.61,7.7
1968-11-04,5.52,7.26,5.6,6.88,5.63,7.7
1968-11-06,5.51,7.26,5.59,6.88,5.62,7.7
1968-11-07,5.45,7.26,5.61,6.88,5.63,7.7
1968-11-08,5.46,7.26,5.64,6.88,5.65,7.7
1968-11-12,5.46,7.26,5.66,6.88,5.68,7.7
1968-11-13,5.41,7.26,5.63,6.88,5.66,7.7
1968-11-14,5.4,7.26,5.63,6.88,5.66,7.7
1968-11-15,5.42,7.26,5.66,6.88,5.68,7.7
1968-11-18,5.44,7.26,5.68,6.88,5.71,7.7
1968-11-19,5.45,7.26,5.7,6.88,5.74,7.7
1968-11-20,5.42,7.26,5.69,6.88,5.74,7.7
1968-11-21,5.42,7.26,5.68,6.88,5.73,7.7
1968-11-22,5.42,7.26,5.69,6.88,5.74,7.7
1968-11-25,5.42,7.26,5.7,6.88,5.75,7.7
1968-11-26,5.46,7.26,5.71,6.88,5.76,7.7
1968-11-27,5.49,7.26,5.71,6.88,5.76,7.7
1968-11-29,5.52,7.26,5.72,6.88,5.78,7.7
1968-12-02,5.61,7.26,5.85,6.88,5.89,7.7
1968-12-03,5.67,7.26,5.96,6.88,5.96,7.7
1968-12-04,5.7,7.26,5.99,6.88,5.95,7.7
1968-12-05,5.66,7.26,5.98,6.88,5.93,7.7
1968-12-06,5.66,7.26,5.97,6.88,5.91,7.7
1968-12-09,5.73,7.26,6.01,6.88,5.92,7.7
1968-12-10,5.84,7.26,6.04,6.88,5.93,7.7
1968-12-11,5.88,7.26,6.01,6.88,5.93,7.7
1968-12-12,5.89,7.26,6.05,6.88,5.94,7.7
1968-12-13,5.88,7.26,6.02,6.88,5.93,7.7
1968-12-16,5.94,7.26,6.05,6.88,5.96,7.7
1968-12-17,5.96,7.26,6.06,6.88,5.97,7.7
1968-12-18,6,7.26,6.11,6.88,6,7.7
1968-12-19,6.08,7.26,6.17,6.88,6.07,7.7
1968-12-20,6.19,7.26,6.24,6.88,6.14,7.7
1968-12-23,6.28,7.26,6.32,6.88,6.23,7.7
1968-12-24,6.29,7.26,6.34,6.88,6.27,7.7
1968-12-26,6.19,7.26,6.28,6.88,6.17,7.7
1968-12-27,6.12,7.26,6.32,6.88,6.2,7.7
1968-12-30,6.26,7.26,6.36,6.88,6.21,7.7
1968-12-31,6.25,7.26,6.33,6.88,6.16,7.7
1969-01-02,6.14,7.26,6.29,6.88,6.04,7.7
1969-01-03,6.13,7.26,6.28,6.88,6.01,7.7
1969-01-06,6.18,7.26,6.34,6.88,6.04,7.7
1969-01-07,6.25,7.26,6.43,6.88,6.14,7.7
1969-01-08,6.19,7.26,6.38,6.88,6.09,7.7
1969-01-09,6.15,7.26,6.34,6.88,6.04,7.7
1969-01-10,6.11,7.26,6.32,6.88,6.03,7.7
1969-01-13,6.13,7.26,6.3,6.88,6.04,7.7
1969-01-14,6.18,7.26,6.27,6.88,6.04,7.7
1969-01-15,6.13,7.26,6.19,6.88,6.02,7.7
1969-01-16,6.05,7.26,6.11,6.88,5.98,7.7
1969-01-17,6.07,7.26,6.14,6.88,5.97,7.7
1969-01-20,6.01,7.26,6.11,6.88,5.95,7.7
1969-01-21,6.09,7.26,6.15,6.88,5.97,7.7
1969-01-22,6.13,7.26,6.21,6.88,6.03,7.7
1969-01-23,6.16,7.26,6.21,6.88,6.02,7.7
1969-01-24,6.17,7.26,6.19,6.88,6.01,7.7
1969-01-27,6.13,7.26,6.2,6.88,6.03,7.7
1969-01-28,6.16,7.26,6.22,6.88,6.05,7.7
1969-01-29,6.16,7.26,6.24,6.88,6.09,7.7
1969-01-30,6.17,7.26,6.28,6.88,6.14,7.7
1969-01-31,6.19,7.26,6.3,6.88,6.19,7.7
1969-02-03,6.19,7.26,6.32,6.88,6.22,7.7
1969-02-04,6.2,7.26,6.3,6.88,6.2,7.7
1969-02-05,6.2,7.26,6.32,6.88,6.19,7.7
1969-02-06,6.2,7.26,6.34,6.88,6.2,7.7
1969-02-07,6.15,7.26,6.3,6.88,6.14,7.7
1969-02-10,6.14,7.26,6.3,6.88,6.14,7.7
1969-02-11,6.08,7.26,6.27,6.88,6.1,7.7
1969-02-13,6.08,7.26,6.27,6.88,6.09,7.7
1969-02-14,6.05,7.26,6.29,6.88,6.11,7.7
1969-02-17,6.06,7.26,6.32,6.88,6.14,7.7
1969-02-18,6.15,7.26,6.34,6.88,6.16,7.7
1969-02-19,6.14,7.26,6.36,6.88,6.2,7.7
1969-02-20,6.07,7.26,6.37,6.88,6.23,7.7
1969-02-21,6.02,7.26,6.37,6.88,6.24,7.7
1969-02-24,6,7.26,6.35,6.88,6.22,7.7
1969-02-25,6.09,7.26,6.38,6.88,6.24,7.7
1969-02-26,6.1,7.26,6.4,6.88,6.24,7.7
1969-02-27,6.19,7.26,6.45,6.88,6.27,7.7
1969-02-28,6.19,7.26,6.44,6.88,6.26,7.7
1969-03-03,6.17,7.26,6.45,6.88,6.25,7.7
1969-03-04,6.16,7.26,6.42,6.88,6.24,7.7
1969-03-05,6.09,7.26,6.43,6.88,6.24,7.7
1969-03-06,6.08,7.26,6.45,6.88,6.26,7.7
1969-03-07,6.06,7.26,6.45,6.88,6.27,7.7
1969-03-10,6.01,7.26,6.45,6.88,6.27,7.7
1969-03-11,6.01,7.26,6.45,6.88,6.3,7.7
1969-03-12,5.99,7.26,6.42,6.88,6.31,7.7
1969-03-13,6.03,7.26,6.42,6.88,6.32,7.7
1969-03-14,6.02,7.26,6.39,6.88,6.31,7.7
1969-03-17,6.08,7.26,6.44,6.88,6.35,7.7
1969-03-18,5.99,7.26,6.44,6.88,6.35,7.7
1969-03-19,5.99,7.26,6.4,6.88,6.32,7.7
1969-03-20,5.99,7.26,6.39,6.88,6.31,7.7
1969-03-21,5.96,7.26,6.37,6.88,6.29,7.7
1969-03-24,5.91,7.26,6.35,6.88,6.28,7.7
1969-03-25,5.92,7.26,6.38,6.88,6.3,7.7
1969-03-26,5.94,7.26,6.37,6.88,6.32,7.7
1969-03-27,5.94,7.26,6.38,6.88,6.33,7.7
1969-03-28,5.99,7.26,6.36,6.88,6.3,7.7
1969-04-01,5.99,7.26,6.32,6.88,6.25,7.7
1969-04-02,6.08,7.26,6.32,6.88,6.25,7.7
1969-04-03,6.09,7.26,6.34,6.88,6.26,7.7
1969-04-07,6.15,7.26,6.37,6.88,6.28,7.7
1969-04-08,6.16,7.26,6.33,6.88,6.25,7.7
1969-04-09,6.13,7.26,6.26,6.88,6.19,7.7
1969-04-10,6.16,7.26,6.27,6.88,6.18,7.7
1969-04-11,6.17,7.26,6.26,6.88,6.15,7.7
1969-04-14,6.16,7.26,6.2,6.88,6.06,7.7
1969-04-15,6.23,7.26,6.26,6.88,6.11,7.7
1969-04-16,6.22,7.26,6.24,6.88,6.1,7.7
1969-04-17,6.2,7.26,6.27,6.88,6.13,7.7
1969-04-18,6.19,7.26,6.3,6.88,6.16,7.7
1969-04-21,6.17,7.26,6.28,6.88,6.14,7.7
1969-04-22,6.17,7.26,6.26,6.88,6.12,7.7
1969-04-23,6.15,7.26,6.26,6.88,6.12,7.7
1969-04-24,6.1,7.26,6.29,6.88,6.14,7.7
1969-04-25,6.08,7.26,6.3,6.88,6.15,7.7
1969-04-28,6,7.26,6.34,6.88,6.19,7.7
1969-04-29,5.92,7.26,6.38,6.88,6.21,7.7
1969-04-30,5.87,7.26,6.37,6.88,6.2,7.7
1969-05-01,5.92,7.26,6.46,6.88,6.25,7.7
1969-05-02,5.96,7.26,6.45,6.88,6.23,7.7
1969-05-05,5.94,7.26,6.45,6.88,6.19,7.7
1969-05-06,6.02,7.26,6.46,6.88,6.22,7.7
1969-05-07,6.01,7.26,6.47,6.88,6.22,7.7
1969-05-08,5.96,7.26,6.46,6.88,6.2,7.7
1969-05-09,5.96,7.26,6.48,6.88,6.23,7.7
1969-05-12,6.04,7.26,6.52,6.88,6.27,7.7
1969-05-13,6.09,7.26,6.49,6.88,6.25,7.7
1969-05-14,6.07,7.26,6.46,6.88,6.24,7.7
1969-05-15,6.09,7.26,6.49,6.88,6.26,7.7
1969-05-16,6.1,7.26,6.54,6.88,6.31,7.7
1969-05-19,6.09,7.26,6.58,6.88,6.36,7.7
1969-05-20,6.12,7.26,6.57,6.88,6.36,7.7
1969-05-21,6.08,7.26,6.55,6.88,6.36,7.7
1969-05-22,6.02,7.26,6.56,6.88,6.36,7.7
1969-05-23,6.01,7.26,6.59,6.88,6.38,7.7
1969-05-26,6.07,7.26,6.62,6.88,6.44,7.7
1969-05-27,6.14,7.26,6.67,6.88,6.54,7.7
1969-05-28,6.12,7.26,6.68,6.88,6.56,7.7
1969-05-29,6.08,7.26,6.69,6.88,6.56,7.7
1969-06-02,6.12,7.26,6.69,6.88,6.56,7.7
1969-06-03,6.18,7.26,6.69,6.88,6.55,7.7
1969-06-04,6.26,7.26,6.71,6.88,6.56,7.7
1969-06-05,6.39,7.26,6.69,6.88,6.54,7.7
1969-06-06,6.34,7.26,6.68,6.88,6.52,7.7
1969-06-09,6.45,7.26,6.76,6.88,6.59,7.7
1969-06-10,6.62,7.26,6.72,6.88,6.56,7.7
1969-06-11,6.69,7.26,6.73,6.88,6.56,7.7
1969-06-12,6.81,7.26,6.7,6.88,6.54,7.7
1969-06-13,6.76,7.26,6.66,6.88,6.51,7.7
1969-06-16,6.63,7.26,6.64,6.88,6.49,7.7
1969-06-17,6.52,7.26,6.68,6.88,6.52,7.7
1969-06-18,6.55,7.26,6.68,6.88,6.53,7.7
1969-06-19,6.6,7.26,6.74,6.88,6.57,7.7
1969-06-20,6.52,7.26,6.76,6.88,6.59,7.7
1969-06-23,6.37,7.26,6.78,6.88,6.6,7.7
1969-06-24,6.5,7.26,6.82,6.88,6.63,7.7
1969-06-25,6.4,7.26,6.85,6.88,6.63,7.7
1969-06-26,6.07,7.26,6.84,6.88,6.62,7.7
1969-06-27,6.15,7.26,6.88,6.88,6.66,7.7
1969-06-30,6.29,7.26,6.98,6.88,6.73,7.7
1969-07-01,6.67,7.26,7.02,6.88,6.75,7.7
1969-07-02,6.74,7.26,7.04,6.89,6.77,7.7
1969-07-03,6.81,7.26,7.01,6.85,6.75,7.7
1969-07-07,6.88,7.26,7.02,6.86,6.76,7.7
1969-07-08,6.98,7.26,7.04,6.87,6.79,7.7
1969-07-09,7.04,7.26,7.08,6.9,6.82,7.7
1969-07-10,7,7.26,7.04,6.86,6.78,7.7
1969-07-11,6.89,7.26,6.88,6.71,6.64,7.7
1969-07-14,6.94,7.26,6.94,6.77,6.69,7.7
1969-07-15,7.09,7.26,6.97,6.8,6.72,7.7
1969-07-16,6.99,7.26,6.92,6.75,6.67,7.7
1969-07-17,7.04,7.26,6.95,6.74,6.69,7.7
1969-07-18,7.05,7.26,6.97,6.76,6.7,7.7
1969-07-22,7.08,7.26,7.04,6.74,6.66,7.7
1969-07-23,7.13,7.26,7.05,6.76,6.68,7.7
1969-07-24,7.12,7.26,7.06,6.78,6.7,7.7
1969-07-25,7.13,7.26,7.07,6.79,6.71,7.7
1969-07-28,7.12,7.26,7.07,6.82,6.73,7.7
1969-07-29,7.14,7.26,7.07,6.8,6.72,7.7
1969-07-30,7.11,7.26,7.06,6.79,6.72,7.7
1969-07-31,7.06,7.26,6.98,6.71,6.66,7.7
1969-08-01,7,7.26,6.98,6.71,6.66,7.7
1969-08-04,6.93,7.26,6.94,6.67,6.63,7.7
1969-08-05,6.98,7.26,6.91,6.65,6.6,7.7
1969-08-06,6.99,7.26,6.94,6.68,6.62,7.7
1969-08-07,6.97,7.26,6.95,6.69,6.63,7.7
1969-08-08,7.02,7.26,6.98,6.72,6.64,7.7
1969-08-11,7.01,7.26,7.04,6.78,6.69,7.7
1969-08-12,7.1,7.26,7.07,6.8,6.7,7.7
1969-08-13,7.08,7.26,7.07,6.8,6.7,7.7
1969-08-14,6.97,7.26,7.05,6.78,6.68,7.7
1969-08-15,6.85,7.26,7.05,6.79,6.68,7.7
1969-08-18,6.78,7.26,7.01,6.76,6.66,7.7
1969-08-19,6.84,7.26,7,6.75,6.65,7.7
1969-08-20,6.86,7.26,6.99,6.76,6.66,7.7
1969-08-21,6.93,7.26,7.01,6.78,6.68,7.7
1969-08-22,6.96,7.26,7.03,6.81,6.71,7.7
1969-08-25,7,7.26,7.04,6.84,6.72,7.7
1969-08-26,7.16,7.26,7.09,6.89,6.76,7.7
1969-08-27,7.15,7.26,7.11,6.92,6.79,7.7
1969-08-28,7.09,7.26,7.14,6.97,6.83,7.7
1969-08-29,6.95,7.26,7.13,6.97,6.83,7.7
1969-09-02,7.03,7.26,7.17,7.02,6.87,7.7
1969-09-03,7,7.26,7.24,7.09,6.94,7.7
1969-09-04,7.04,7.26,7.26,7.1,6.96,7.7
1969-09-05,7.06,7.26,7.33,7.14,6.99,7.7
1969-09-08,7.09,7.26,7.39,7.2,7.03,7.7
1969-09-09,7.16,7.26,7.4,7.2,7.04,7.7
1969-09-10,7.12,7.26,7.38,7.18,7.02,7.7
1969-09-11,7.09,7.26,7.44,7.23,7.05,7.7
1969-09-12,7.1,7.26,7.48,7.27,7.08,7.7
1969-09-15,7.1,7.26,7.5,7.28,7.09,7.7
1969-09-16,7.13,7.26,7.54,7.32,7.14,7.7
1969-09-17,7.13,7.26,7.56,7.34,7.14,7.7
1969-09-18,7.14,7.26,7.71,7.49,7.27,7.7
1969-09-19,7.16,7.26,7.72,7.51,7.28,7.7
1969-09-22,7.14,7.26,7.72,7.51,7.26,7.7
1969-09-23,7.1,7.26,7.71,7.5,7.26,7.7
1969-09-24,7.1,7.26,7.74,7.52,7.27,7.7
1969-09-25,7.09,7.26,7.78,7.54,7.3,7.7
1969-09-26,7.06,7.26,7.88,7.63,7.4,7.7
1969-09-29,6.91,7.26,7.94,7.68,7.45,7.7
1969-09-30,7.14,7.26,8.02,7.73,7.51,7.7
1969-10-01,7.17,7.26,8.04,7.76,7.52,7.7
1969-10-02,7.08,7.26,7.98,7.68,7.45,7.7
1969-10-03,7,7.26,7.87,7.62,7.38,7.7
1969-10-06,6.94,7.26,7.82,7.58,7.35,7.7
1969-10-07,6.99,7.26,7.75,7.57,7.31,7.7
1969-10-08,7,7.26,7.75,7.52,7.29,7.7
1969-10-09,7.03,7.26,7.77,7.53,7.3,7.7
1969-10-10,6.98,7.26,7.67,7.44,7.22,7.7
1969-10-14,7.04,7.26,7.54,7.28,7.1,7.7
1969-10-15,7.04,7.26,7.55,7.31,7.12,7.7
1969-10-16,7.02,7.26,7.44,7.2,7.04,7.7
1969-10-17,6.97,7.26,7.34,7.11,6.99,7.7
1969-10-20,6.91,7.26,7.18,6.94,6.83,7.7
1969-10-21,6.9,7.26,7.12,6.87,6.77,7.7
1969-10-22,6.91,7.26,7.17,6.91,6.8,7.7
1969-10-23,6.98,7.26,7.25,6.98,6.9,7.7
1969-10-24,7,7.26,7.26,6.98,6.9,7.7
1969-10-27,6.99,7.26,7.28,6.99,6.93,7.7
1969-10-28,7,7.26,7.33,7.02,7,7.7
1969-10-29,7.01,7.26,7.34,7.01,7,7.7
1969-10-30,7.02,7.26,7.34,6.98,6.96,7.7
1969-10-31,6.99,7.26,7.33,6.99,6.94,7.7
1969-11-03,6.97,7.26,7.29,6.96,6.9,7.7
1969-11-05,7.07,7.26,7.35,7.01,6.97,7.7
1969-11-06,7.12,7.26,7.39,7.07,7.01,7.7
1969-11-07,7.13,7.26,7.35,7.05,6.99,7.7
1969-11-10,7.12,7.26,7.35,7.03,6.99,7.7
1969-11-12,7.17,7.26,7.43,7.07,7.06,7.7
1969-11-13,7.2,7.26,7.5,7.16,7.12,7.7
1969-11-14,7.09,7.26,7.46,7.1,7.08,7.7
1969-11-17,7.07,7.26,7.55,7.18,7.13,7.7
1969-11-18,7.2,7.26,7.63,7.27,7.22,7.7
1969-11-19,7.23,7.26,7.64,7.26,7.25,7.7
1969-11-20,7.35,7.26,7.73,7.34,7.31,7.7
1969-11-21,7.38,7.26,7.71,7.32,7.28,7.7
1969-11-24,7.42,7.26,7.66,7.28,7.27,7.7
1969-11-25,7.52,7.26,7.64,7.26,7.28,7.7
1969-11-26,7.55,7.26,7.66,7.28,7.3,7.7
1969-11-28,7.51,7.26,7.61,7.22,7.29,7.7
1969-12-01,7.5,7.26,7.56,7.18,7.29,7.7
1969-12-02,7.55,7.26,7.63,7.23,7.35,7.7
1969-12-03,7.62,7.26,7.72,7.29,7.39,7.7
1969-12-04,7.64,7.26,7.7,7.28,7.35,7.7
1969-12-05,7.67,7.26,7.71,7.3,7.35,7.7
1969-12-08,7.68,7.26,7.75,7.34,7.4,7.7
1969-12-09,7.84,7.26,7.87,7.44,7.5,7.7
1969-12-10,7.91,7.26,7.97,7.51,7.59,7.7
1969-12-11,7.85,7.26,7.99,7.53,7.62,7.7
1969-12-12,7.81,7.26,7.95,7.49,7.6,7.7
1969-12-15,7.92,7.26,7.95,7.5,7.63,7.7
1969-12-16,7.91,7.26,8.02,7.6,7.72,7.7
1969-12-17,7.92,7.26,8.07,7.62,7.76,7.7
1969-12-18,7.88,7.26,8.07,7.64,7.81,7.7
1969-12-19,7.79,7.26,8.02,7.61,7.79,7.7
1969-12-22,7.82,7.26,8,7.57,7.76,7.7
1969-12-23,7.82,7.26,8.08,7.61,7.82,7.7
1969-12-24,7.85,7.26,8.12,7.67,7.89,7.7
1969-12-26,7.86,7.26,8.14,7.63,7.87,7.7
1969-12-29,8.08,7.26,8.33,7.77,8.05,7.7
1969-12-30,8.05,7.26,8.26,7.7,7.97,7.7
1969-12-31,8.01,7.26,8.22,7.66,7.88,7.7
1970-01-02,7.92,7.26,8.19,7.63,7.86,7.7
1970-01-05,7.91,7.26,8.19,7.64,7.88,7.7
1970-01-06,7.93,7.26,8.26,7.74,7.96,7.7
1970-01-07,7.9,7.26,8.3,7.82,7.99,7.7
1970-01-08,7.91,7.26,8.25,7.78,7.96,7.7
1970-01-09,7.89,7.26,8.18,7.72,7.86,7.7
1970-01-12,7.8,7.26,8.16,7.7,7.82,7.7
1970-01-13,7.82,7.26,8.13,7.69,7.81,7.7
1970-01-14,7.87,7.26,8.16,7.74,7.86,7.7
1970-01-15,7.84,7.26,8.19,7.74,7.85,7.7
1970-01-16,7.8,7.26,8.08,7.64,7.75,7.7
1970-01-19,7.79,7.26,8.03,7.62,7.69,7.7
1970-01-20,7.82,7.26,8.08,7.68,7.72,7.7
1970-01-21,7.83,7.26,8.06,7.68,7.69,7.7
1970-01-22,7.87,7.26,8.06,7.68,7.67,7.7
1970-01-23,7.86,7.26,8.1,7.73,7.69,7.7
1970-01-26,7.88,7.26,8.15,7.75,7.71,7.7
1970-01-27,7.91,7.26,8.16,7.76,7.7,7.7
1970-01-28,7.91,7.26,8.2,7.79,7.7,7.7
1970-01-29,7.91,7.26,8.28,7.9,7.77,7.7
1970-01-30,7.86,7.26,8.27,7.9,7.75,7.7
1970-02-02,7.72,7.26,8.18,7.82,7.65,7.7
1970-02-03,7.7,7.26,8.15,7.78,7.58,7.7
1970-02-04,7.66,7.26,8.17,7.76,7.5,7.7
1970-02-05,7.56,7.26,8.18,7.77,7.45,7.7
1970-02-06,7.42,7.26,8.13,7.71,7.36,7.7
1970-02-09,7.3,7.26,8.04,7.64,7.28,7.7
1970-02-10,7.28,7.26,8.07,7.68,7.32,7.7
1970-02-11,7.25,7.26,8.05,7.68,7.33,7.7
1970-02-13,6.95,7.26,7.82,7.49,7.15,7.7
1970-02-16,6.83,7.26,7.8,7.49,7.17,7.7
1970-02-17,6.77,7.26,7.7,7.44,7.15,7.7
1970-02-18,6.77,7.26,7.63,7.39,7.12,7.7
1970-02-19,6.79,7.26,7.56,7.34,7.09,7.7
1970-02-20,6.8,7.26,7.58,7.36,7.12,7.7
1970-02-24,6.88,7.26,7.61,7.38,7.14,7.7
1970-02-25,6.89,7.26,7.49,7.27,7.04,7.7
1970-02-26,6.88,7.26,7.37,7.15,6.94,7.7
1970-02-27,6.85,7.26,7.31,7.1,6.9,7.7
1970-03-02,6.87,7.26,7.43,7.16,6.95,7.7
1970-03-03,6.92,7.26,7.35,7.18,6.99,7.7
1970-03-04,6.93,7.26,7.27,7.12,6.97,7.7
1970-03-05,6.88,7.26,7.18,7.09,6.98,7.7
1970-03-06,6.85,7.26,7.06,7,6.96,7.7
1970-03-09,6.86,7.26,7.04,7.01,6.99,7.7
1970-03-10,6.71,7.26,7,7.02,7.04,7.7
1970-03-11,6.72,7.26,7.11,7.11,7.11,7.7
1970-03-12,6.75,7.26,7.16,7.17,7.16,7.7
1970-03-13,6.77,7.26,7.3,7.25,7.23,7.7
1970-03-16,6.82,7.26,7.3,7.27,7.24,7.7
1970-03-17,6.81,7.26,7.48,7.4,7.36,7.7
1970-03-18,6.75,7.26,7.41,7.34,7.28,7.7
1970-03-19,6.65,7.26,7.22,7.13,7.07,7.7
1970-03-20,6.52,7.26,7.22,7.1,7.06,7.7
1970-03-23,6.15,7.26,7.17,7.07,7.05,7.7
1970-03-24,6.08,7.26,7.08,7.02,7.02,7.7
1970-03-25,6.15,7.26,7.05,6.98,6.96,7.7
1970-03-26,6.26,7.26,7.12,7.04,6.98,7.7
1970-03-30,6.32,7.26,7.22,7.13,7.05,7.7
1970-03-31,6.38,7.26,7.24,7.16,7.08,7.7
1970-04-01,6.34,7.26,7.18,7.09,7.04,7.7
1970-04-02,6.35,7.26,7.24,7.15,7.08,7.7
1970-04-03,6.36,7.26,7.31,7.2,7.14,7.7
1970-04-06,6.39,7.26,7.38,7.26,7.17,7.7
1970-04-07,6.44,7.26,7.35,7.26,7.18,7.7
1970-04-08,6.43,7.26,7.3,7.22,7.17,7.7
1970-04-09,6.38,7.26,7.29,7.22,7.18,7.7
1970-04-10,6.36,7.26,7.29,7.22,7.17,7.7
1970-04-13,6.34,7.26,7.36,7.27,7.2,7.7
1970-04-14,6.32,7.26,7.36,7.28,7.22,7.7
1970-04-15,6.38,7.26,7.42,7.33,7.27,7.7
1970-04-16,6.4,7.26,7.49,7.41,7.34,7.7
1970-04-17,6.4,7.26,7.49,7.43,7.4,7.7
1970-04-20,6.48,7.26,7.49,7.46,7.44,7.7
1970-04-21,6.54,7.26,7.57,7.51,7.5,7.7
1970-04-22,6.74,7.26,7.66,7.63,7.61,7.7
1970-04-23,6.58,7.26,7.66,7.65,7.64,7.7
1970-04-24,6.6,7.26,7.79,7.77,7.72,7.7
1970-04-27,6.65,7.26,7.8,7.84,7.74,7.7
1970-04-28,6.96,7.26,7.82,7.85,7.79,7.7
1970-04-29,6.91,7.26,7.83,7.85,7.78,7.7
1970-04-30,6.93,7.26,7.95,7.93,7.82,7.7
1970-05-01,6.84,7.26,7.98,7.95,7.85,7.7
1970-05-04,6.91,7.26,8.05,8,7.94,7.7
1970-05-05,7.09,7.26,8.02,7.98,7.92,7.7
1970-05-06,6.91,7.26,8.01,7.95,7.86,7.7
1970-05-07,6.64,7.26,7.94,7.89,7.82,7.7
1970-05-08,6.56,7.26,7.88,7.83,7.78,7.7
1970-05-11,6.74,7.26,7.97,7.89,7.82,7.7
1970-05-12,6.92,7.26,7.97,7.91,7.84,7.7
1970-05-13,6.82,7.26,7.98,7.91,7.85,7.7
1970-05-14,6.76,7.26,8.01,7.93,7.86,7.7
1970-05-15,6.76,7.26,7.96,7.89,7.83,7.7
1970-05-18,6.68,7.26,7.93,7.86,7.8,7.7
1970-05-19,6.72,7.26,7.92,7.85,7.8,7.7
1970-05-20,6.67,7.26,7.98,7.91,7.85,7.7
1970-05-21,6.71,7.26,8,7.94,7.9,7.7
1970-05-22,6.86,7.26,8.02,8.01,7.99,7.7
1970-05-25,7.01,7.26,8.08,8.12,8.15,7.7
1970-05-26,7.08,7.26,8.04,8.12,8.22,7.7
1970-05-27,7.04,7.26,7.92,7.93,8.02,7.7
1970-05-28,6.95,7.26,7.86,7.87,7.98,7.7
1970-05-29,6.93,7.26,7.83,7.82,7.95,7.7
1970-06-01,6.85,7.26,7.73,7.73,7.84,7.7
1970-06-02,6.82,7.26,7.74,7.72,7.78,7.7
1970-06-03,6.81,7.26,7.74,7.72,7.76,7.7
1970-06-04,6.81,7.26,7.76,7.76,7.8,7.7
1970-06-05,6.8,7.26,7.88,7.88,7.88,7.7
1970-06-08,6.75,7.26,7.87,7.87,7.89,7.7
1970-06-09,6.77,7.26,7.83,7.85,7.88,7.7
1970-06-10,6.76,7.26,7.82,7.82,7.87,7.7
1970-06-11,6.74,7.26,7.89,7.88,7.92,7.7
1970-06-12,6.79,7.26,7.98,7.96,7.98,7.7
1970-06-15,6.71,7.26,7.98,7.96,7.98,7.7
1970-06-16,6.71,7.26,7.9,7.88,7.87,7.7
1970-06-17,6.72,7.26,7.96,7.94,7.9,7.7
1970-06-18,6.73,7.26,7.96,7.93,7.9,7.7
1970-06-19,6.7,7.26,7.94,7.92,7.9,7.7
1970-06-22,6.54,7.26,7.88,7.87,7.86,7.7
1970-06-23,6.6,7.26,7.84,7.83,7.79,7.7
1970-06-24,6.62,7.26,7.84,7.81,7.74,7.7
1970-06-25,6.41,7.26,7.83,7.79,7.76,7.7
1970-06-26,6.38,7.26,7.84,7.81,7.78,7.7
1970-06-29,6.37,7.26,7.8,7.78,7.76,7.7
1970-06-30,6.49,7.26,7.77,7.76,7.68,7.7
1970-07-01,6.48,7.26,7.69,7.72,7.64,7.7
1970-07-02,6.48,7.26,7.62,7.66,7.55,7.7
1970-07-06,6.58,7.26,7.62,7.64,7.49,7.7
1970-07-07,6.71,7.26,7.63,7.63,7.46,7.7
1970-07-08,6.67,7.26,7.65,7.65,7.49,7.7
1970-07-09,6.61,7.26,7.64,7.65,7.49,7.7
1970-07-10,6.52,7.26,7.64,7.68,7.54,7.7
1970-07-13,6.5,7.26,7.62,7.67,7.55,7.7
1970-07-14,6.51,7.26,7.59,7.65,7.53,7.7
1970-07-15,6.49,7.26,7.54,7.6,7.49,7.7
1970-07-16,6.38,7.26,7.48,7.57,7.46,7.7
1970-07-17,6.4,7.26,7.52,7.59,7.45,7.7
1970-07-20,6.37,7.26,7.59,7.62,7.46,7.7
1970-07-21,6.38,7.26,7.58,7.61,7.45,7.7
1970-07-22,6.35,7.26,7.56,7.59,7.43,7.7
1970-07-23,6.28,7.26,7.47,7.48,7.32,7.7
1970-07-24,6.32,7.26,7.54,7.53,7.34,7.7
1970-07-27,6.34,7.26,7.59,7.57,7.36,7.7
1970-07-28,6.38,7.26,7.62,7.61,7.41,7.7
1970-07-29,6.38,7.26,7.61,7.6,7.39,7.7
1970-07-30,6.39,7.26,7.59,7.57,7.38,7.7
1970-07-31,6.38,7.26,7.58,7.57,7.38,7.7
1970-08-03,6.4,7.26,7.6,7.58,7.39,7.7
1970-08-04,6.46,7.26,7.62,7.59,7.4,7.7
1970-08-05,6.5,7.26,7.62,7.6,7.42,7.7
1970-08-06,6.49,7.26,7.62,7.61,7.43,7.7
1970-08-07,6.47,7.26,7.63,7.62,7.45,7.7
1970-08-10,6.48,7.26,7.69,7.66,7.5,7.7
1970-08-11,6.54,7.26,7.67,7.65,7.54,7.7
1970-08-12,6.55,7.26,7.64,7.65,7.56,7.7
1970-08-13,6.53,7.26,7.62,7.65,7.58,7.7
1970-08-14,6.54,7.26,7.66,7.69,7.67,7.7
1970-08-17,6.53,7.26,7.68,7.71,7.71,7.7
1970-08-18,6.47,7.26,7.65,7.68,7.68,7.7
1970-08-19,6.41,7.26,7.59,7.64,7.65,7.7
1970-08-20,6.38,7.26,7.57,7.62,7.64,7.7
1970-08-21,6.29,7.26,7.53,7.58,7.6,7.7
1970-08-24,6.23,7.26,7.44,7.48,7.48,7.7
1970-08-25,6.23,7.26,7.42,7.47,7.46,7.7
1970-08-26,6.25,7.26,7.42,7.46,7.45,7.7
1970-08-27,6.27,7.26,7.45,7.5,7.48,7.7
1970-08-28,6.28,7.26,7.45,7.51,7.49,7.7
1970-08-31,6.33,7.26,7.45,7.51,7.49,7.7
1970-09-01,6.39,7.26,7.43,7.5,7.47,7.7
1970-09-02,6.4,7.26,7.43,7.5,7.48,7.7
1970-09-03,6.39,7.26,7.42,7.5,7.48,7.7
1970-09-04,6.32,7.26,7.37,7.47,7.47,7.7
1970-09-08,6.38,7.26,7.4,7.5,7.5,7.7
1970-09-09,6.4,7.26,7.44,7.55,7.54,7.7
1970-09-10,6.41,7.26,7.43,7.53,7.52,7.7
1970-09-11,6.39,7.26,7.4,7.51,7.5,7.7
1970-09-14,6.33,7.26,7.38,7.49,7.48,7.7
1970-09-15,6.32,7.26,7.37,7.47,7.46,7.7
1970-09-16,6.2,7.26,7.31,7.41,7.4,7.7
1970-09-17,6.15,7.26,7.24,7.34,7.32,7.7
1970-09-18,6.08,7.26,7.24,7.34,7.31,7.7
1970-09-21,5.96,7.26,7.22,7.32,7.29,7.7
1970-09-22,5.74,7.26,7.19,7.3,7.28,7.7
1970-09-23,5.71,7.26,7.1,7.24,7.24,7.7
1970-09-24,5.76,7.26,7.13,7.27,7.26,7.7
1970-09-25,5.82,7.26,7.14,7.29,7.28,7.7
1970-09-28,5.81,7.26,7.19,7.32,7.31,7.7
1970-09-29,5.82,7.26,7.18,7.32,7.3,7.7
1970-09-30,5.84,7.26,7.18,7.32,7.29,7.7
1970-10-01,5.86,7.26,7.19,7.32,7.29,7.7
1970-10-02,5.86,7.26,7.17,7.3,7.26,7.7
1970-10-05,5.9,7.26,7.15,7.3,7.26,7.7
1970-10-06,6.05,7.26,7.09,7.28,7.24,7.7
1970-10-07,6.06,7.26,7.07,7.26,7.23,7.7
1970-10-08,6.07,7.26,7.1,7.28,7.25,7.7
1970-10-09,6.05,7.26,7.07,7.28,7.25,7.7
1970-10-13,6.01,7.26,7.07,7.28,7.25,7.7
1970-10-14,5.96,7.26,7.08,7.32,7.3,7.7
1970-10-15,5.91,7.26,7.1,7.33,7.3,7.7
1970-10-16,5.93,7.26,7.11,7.35,7.31,7.7
1970-10-19,5.94,7.26,7.16,7.38,7.35,7.7
1970-10-20,5.86,7.26,7.14,7.38,7.37,7.7
1970-10-21,5.82,7.26,7.15,7.42,7.42,7.7
1970-10-22,5.78,7.26,7.18,7.43,7.46,7.7
1970-10-23,5.76,7.26,7.17,7.4,7.44,7.7
1970-10-26,5.8,7.26,7.17,7.38,7.44,7.7
1970-10-27,5.85,7.26,7.11,7.34,7.42,7.7
1970-10-28,5.88,7.26,7.07,7.3,7.38,7.7
1970-10-29,5.85,7.26,7.03,7.21,7.31,7.7
1970-10-30,5.84,7.26,7.04,7.22,7.33,7.7
1970-11-02,5.69,7.26,6.95,7.14,7.24,7.7
1970-11-04,5.56,7.26,6.96,7.15,7.23,7.7
1970-11-05,5.49,7.26,6.89,7.12,7.2,7.7
1970-11-06,5.5,7.26,6.86,7.07,7.15,7.7
1970-11-09,5.49,7.26,6.73,6.99,7.06,7.7
1970-11-10,5.48,7.26,6.76,7.02,7.06,7.7
1970-11-12,5.49,7.26,6.75,6.99,7.03,7.7
1970-11-13,5.44,7.26,6.69,6.96,7,7.7
1970-11-16,5.3,7.26,6.63,6.89,6.96,7.7
1970-11-17,5.22,7.26,6.58,6.84,6.93,7.7
1970-11-18,5.24,7.26,6.43,6.76,6.86,7.7
1970-11-19,5.17,7.26,6.29,6.62,6.72,7.7
1970-11-20,5.02,7.26,6.01,6.38,6.48,7.7
1970-11-23,4.8,7.26,5.91,6.24,6.32,7.7
1970-11-24,4.93,7.26,6.06,6.37,6.45,7.7
1970-11-25,5.06,7.26,5.97,6.36,6.48,7.7
1970-11-27,5.16,7.26,5.97,6.37,6.48,7.7
1970-11-30,5.04,7.26,5.99,6.38,6.49,7.7
1970-12-01,4.98,7.26,6,6.37,6.48,7.7
1970-12-02,4.97,7.26,5.95,6.3,6.41,7.7
1970-12-03,4.94,7.26,5.88,6.19,6.31,7.7
1970-12-04,4.91,7.26,5.85,6.1,6.21,7.7
1970-12-07,4.92,7.26,5.89,6.15,6.27,7.7
1970-12-08,4.96,7.26,5.92,6.17,6.29,7.7
1970-12-09,4.96,7.26,5.97,6.21,6.34,7.7
1970-12-10,4.9,7.26,5.95,6.2,6.34,7.7
1970-12-11,4.86,7.26,5.89,6.16,6.31,7.7
1970-12-14,4.8,7.26,5.87,6.13,6.26,7.7
1970-12-15,4.78,7.26,5.9,6.17,6.29,7.7
1970-12-16,4.76,7.26,5.9,6.16,6.29,7.7
1970-12-17,4.74,7.26,5.9,6.17,6.3,7.7
1970-12-18,4.75,7.26,5.94,6.21,6.33,7.7
1970-12-21,4.8,7.26,6.02,6.3,6.45,7.7
1970-12-22,4.81,7.26,6.07,6.35,6.52,7.7
1970-12-23,4.86,7.26,6.05,6.35,6.57,7.7
1970-12-24,4.83,7.26,5.98,6.27,6.53,7.7
1970-12-28,4.84,7.26,6,6.28,6.54,7.7
1970-12-29,4.93,7.26,6.03,6.3,6.56,7.7
1970-12-30,4.89,7.26,5.98,6.26,6.51,7.7
1970-12-31,4.85,7.26,5.98,6.25,6.5,7.7
1971-01-04,4.89,7.26,5.98,6.27,6.46,7.7
1971-01-05,4.89,7.26,6.04,6.33,6.47,7.7
1971-01-06,4.84,7.26,6.06,6.33,6.47,7.7
1971-01-07,4.81,7.26,6.06,6.33,6.45,7.7
1971-01-08,4.75,7.26,6.06,6.33,6.44,7.7
1971-01-11,4.66,7.26,6.01,6.28,6.39,7.7
1971-01-12,4.63,7.26,5.98,6.24,6.35,7.7
1971-01-13,4.56,7.26,5.91,6.19,6.29,7.7
1971-01-14,4.38,7.26,5.85,6.13,6.22,7.7
1971-01-15,4.32,7.26,5.84,6.14,6.22,7.7
1971-01-18,4.26,7.26,5.86,6.1,6.16,7.7
1971-01-19,4.25,7.26,5.86,6.11,6.17,7.7
1971-01-20,4.18,7.26,5.82,6.1,6.15,7.7
1971-01-21,4.12,7.26,5.75,6.03,6.09,7.7
1971-01-22,4.18,7.26,5.77,6.03,6.06,7.7
1971-01-25,4.18,7.26,5.76,6.03,6.05,7.7
1971-01-26,4.25,7.26,5.8,6.06,6.07,7.7
1971-01-27,4.22,7.26,5.79,6.07,6.09,7.7
1971-01-28,4.18,7.26,5.78,6.06,6.08,7.7
1971-01-29,4.15,7.26,5.78,6.07,6.09,7.7
1971-02-01,4.12,7.26,5.79,6.08,6.09,7.7
1971-02-02,4.1,7.26,5.77,6.08,6.11,7.7
1971-02-03,4.09,7.26,5.78,6.08,6.11,7.7
1971-02-04,4.03,7.26,5.74,6.08,6.1,7.7
1971-02-05,3.96,7.26,5.72,6.07,6.1,7.7
1971-02-08,3.82,7.26,5.69,6.05,6.09,7.7
1971-02-09,3.64,7.26,5.62,6.02,6.07,7.7
1971-02-10,3.7,7.26,5.64,6.02,6.08,7.7
1971-02-11,3.64,7.26,5.61,6,6.08,7.7
1971-02-16,3.63,7.26,5.59,5.97,6.11,7.7
1971-02-17,3.6,7.26,5.51,5.9,6.11,7.7
1971-02-18,3.52,7.26,5.42,5.81,6.11,7.7
1971-02-19,3.49,7.26,5.36,5.76,6.12,7.7
1971-02-22,3.48,7.26,5.39,5.79,6.15,7.7
1971-02-23,3.48,7.26,5.41,5.81,6.18,7.7
1971-02-24,3.41,7.26,5.38,5.78,6.16,7.7
1971-02-25,3.4,7.26,5.34,5.75,6.11,7.7
1971-02-26,3.4,7.26,5.36,5.78,6.14,7.7
1971-03-01,3.36,7.26,5.35,5.77,6.12,7.7
1971-03-02,3.36,7.26,5.35,5.76,6.09,7.7
1971-03-03,3.34,7.26,5.31,5.73,6.05,7.7
1971-03-04,3.34,7.26,5.25,5.72,6.05,7.7
1971-03-05,3.33,7.26,5.22,5.7,6.03,7.7
1971-03-08,3.32,7.26,5.16,5.65,5.99,7.7
1971-03-09,3.32,7.26,5.04,5.55,5.9,7.7
1971-03-10,3.3,7.26,4.99,5.48,5.8,7.7
1971-03-11,3.22,7.26,4.88,5.36,5.69,7.7
1971-03-12,3.24,7.26,4.97,5.42,5.72,7.7
1971-03-15,3.3,7.26,4.93,5.38,5.7,7.7
1971-03-16,3.34,7.26,4.9,5.35,5.68,7.7
1971-03-17,3.52,7.26,4.83,5.3,5.61,7.7
1971-03-18,3.45,7.26,4.78,5.23,5.55,7.7
1971-03-19,3.35,7.26,4.79,5.23,5.51,7.7
1971-03-22,3.3,7.26,4.74,5.15,5.42,7.7
1971-03-23,3.36,7.26,4.77,5.15,5.38,7.7
1971-03-24,3.39,7.26,4.82,5.18,5.41,7.7
1971-03-25,3.39,7.26,4.86,5.22,5.43,7.7
1971-03-26,3.43,7.26,4.98,5.3,5.48,7.7
1971-03-29,3.48,7.26,5.07,5.38,5.54,7.7
1971-03-30,3.6,7.26,5.04,5.34,5.5,7.7
1971-03-31,3.64,7.26,5.06,5.36,5.53,7.7
1971-04-01,3.65,7.26,5.16,5.46,5.58,7.7
1971-04-02,3.67,7.26,5.22,5.53,5.6,7.7
1971-04-05,3.69,7.26,5.3,5.61,5.63,7.7
1971-04-06,3.73,7.26,5.27,5.57,5.6,7.7
1971-04-07,3.82,7.26,5.29,5.58,5.58,7.7
1971-04-08,3.9,7.26,5.42,5.7,5.62,7.7
1971-04-12,4.03,7.26,5.63,5.84,5.73,7.7
1971-04-13,4.04,7.26,5.54,5.78,5.72,7.7
1971-04-14,4,7.26,5.58,5.84,5.77,7.7
1971-04-15,3.9,7.26,5.58,5.86,5.8,7.7
1971-04-16,3.82,7.26,5.61,5.88,5.82,7.7
1971-04-19,3.8,7.26,5.66,5.94,5.88,7.7
1971-04-20,3.82,7.26,5.78,6.03,5.97,7.7
1971-04-21,3.86,7.26,5.88,6.08,6.04,7.7
1971-04-22,3.79,7.26,5.85,6.03,6.02,7.7
1971-04-23,3.8,7.26,5.86,6.02,6.01,7.7
1971-04-26,3.82,7.26,5.89,6.03,6,7.7
1971-04-27,3.96,7.26,5.97,6.05,6,7.7
1971-04-28,4.04,7.26,5.99,6.03,5.99,7.7
1971-04-29,4.02,7.26,6.14,6.17,6.07,7.7
1971-04-30,3.93,7.26,6.08,6.17,6.08,7.7
1971-05-03,3.84,7.26,6.09,6.2,6.15,7.7
1971-05-04,3.88,7.26,6.14,6.26,6.25,7.7
1971-05-05,3.92,7.26,6.2,6.32,6.26,7.7
1971-05-06,3.82,7.26,6.2,6.32,6.28,7.7
1971-05-07,3.78,7.26,6.18,6.29,6.25,7.7
1971-05-10,3.83,7.26,6.13,6.24,6.22,7.7
1971-05-11,3.86,7.26,6.17,6.29,6.26,7.7
1971-05-12,3.94,7.26,6.25,6.38,6.35,7.7
1971-05-13,4.06,7.26,6.33,6.48,6.47,7.7
1971-05-14,4.12,7.26,6.38,6.5,6.49,7.7
1971-05-17,4.3,7.26,6.5,6.62,6.57,7.7
1971-05-18,4.43,7.26,6.6,6.71,6.65,7.7
1971-05-19,4.38,7.26,6.49,6.63,6.6,7.7
1971-05-20,4.37,7.26,6.32,6.48,6.49,7.7
1971-05-21,4.38,7.26,6.41,6.57,6.53,7.7
1971-05-24,4.41,7.26,6.37,6.54,6.49,7.7
1971-05-25,4.45,7.26,6.3,6.47,6.44,7.7
1971-05-26,4.4,7.26,6.18,6.37,6.37,7.7
1971-05-27,4.35,7.26,6.16,6.34,6.35,7.7
1971-05-28,4.34,7.26,6.24,6.4,6.38,7.7
1971-06-01,4.36,7.26,6.27,6.42,6.36,7.7
1971-06-02,4.26,7.26,6.13,6.3,6.24,7.7
1971-06-03,4.24,7.26,6.13,6.29,6.19,7.7
1971-06-04,4.32,7.26,6.22,6.36,6.26,7.7
1971-06-07,4.44,7.26,6.36,6.48,6.34,7.7
1971-06-08,4.56,7.26,6.37,6.5,6.38,7.7
1971-06-09,4.6,7.26,6.45,6.58,6.44,7.7
1971-06-10,4.62,7.26,6.48,6.6,6.48,7.7
1971-06-11,4.71,7.26,6.5,6.63,6.5,7.7
1971-06-14,4.93,7.26,6.66,6.77,6.63,7.7
1971-06-15,5.02,7.26,6.76,6.86,6.73,7.7
1971-06-16,4.97,7.26,6.66,6.78,6.68,7.7
1971-06-17,4.9,7.26,6.67,6.73,6.68,7.7
1971-06-18,4.93,7.26,6.61,6.72,6.58,7.7
1971-06-21,4.89,7.26,6.51,6.64,6.53,7.7
1971-06-22,4.96,7.26,6.61,6.74,6.62,7.7
1971-06-23,4.82,7.26,6.58,6.71,6.61,7.7
1971-06-24,4.8,7.26,6.61,6.73,6.61,7.7
1971-06-25,4.88,7.26,6.66,6.77,6.62,7.7
1971-06-28,4.96,7.26,6.73,6.82,6.64,7.7
1971-06-29,5.19,7.26,6.82,6.89,6.67,7.7
1971-06-30,5.22,7.26,6.86,6.93,6.7,7.7
1971-07-01,5.21,7.26,6.83,6.91,6.69,7.7
1971-07-02,5.36,7.26,6.81,6.9,6.69,7.7
1971-07-06,5.48,7.26,6.8,6.89,6.68,7.7
1971-07-07,5.42,7.26,6.76,6.86,6.66,7.7
1971-07-08,5.41,7.26,6.77,6.87,6.67,7.7
1971-07-09,5.36,7.26,6.8,6.88,6.68,7.7
1971-07-12,5.32,7.26,6.68,6.78,6.6,7.7
1971-07-13,5.33,7.26,6.7,6.8,6.61,7.7
1971-07-14,5.35,7.26,6.71,6.8,6.6,7.7
1971-07-15,5.39,7.26,6.71,6.79,6.59,7.7
1971-07-16,5.5,7.26,6.79,6.87,6.66,7.7
1971-07-19,5.53,7.26,6.88,6.93,6.71,7.7
1971-07-20,5.5,7.26,6.85,6.9,6.7,7.7
1971-07-21,5.44,7.26,6.85,6.9,6.7,7.7
1971-07-22,5.34,7.26,6.93,6.96,6.79,7.7
1971-07-23,5.47,7.26,6.97,7,6.84,7.7
1971-07-26,5.46,7.26,7,7.04,6.86,7.7
1971-07-27,5.46,7.26,7.02,7.07,6.91,7.7
1971-07-28,5.43,7.26,7.03,7.1,6.95,7.7
1971-07-29,5.34,7.26,7,7.03,6.88,7.7
1971-07-30,5.31,7.26,6.96,6.99,6.85,7.7
1971-08-02,5.24,7.26,6.94,7,6.86,7.7
1971-08-03,5.32,7.26,7.02,7.08,6.91,7.7
1971-08-04,5.33,7.26,7.01,7.08,6.89,7.7
1971-08-05,5.3,7.26,6.98,7.06,6.86,7.7
1971-08-06,5.28,7.26,6.98,7.06,6.86,7.7
1971-08-09,5.32,7.26,7.01,7.09,6.88,7.7
1971-08-10,5.37,7.26,7.03,7.11,6.89,7.7
1971-08-11,5.22,7.26,7,7.07,6.86,7.7
1971-08-12,5.21,7.26,6.9,7,6.8,7.7
1971-08-13,5.15,7.26,6.78,6.86,6.68,7.7
1971-08-16,4.83,7.26,6.39,6.51,6.41,7.7
1971-08-17,4.77,7.26,6.17,6.33,6.3,7.7
1971-08-18,4.78,7.26,6.22,6.35,6.35,7.7
1971-08-19,4.54,7.26,6.15,6.3,6.34,7.7
1971-08-20,4.65,7.26,6.19,6.34,6.37,7.7
1971-08-23,4.75,7.26,6.33,6.48,6.48,7.7
1971-08-24,4.6,7.26,6.19,6.36,6.38,7.7
1971-08-25,4.73,7.26,6.22,6.38,6.4,7.7
1971-08-26,4.68,7.26,6.2,6.35,6.37,7.7
1971-08-27,4.63,7.26,6.16,6.31,6.33,7.7
1971-08-30,4.44,7.26,6.15,6.29,6.32,7.7
1971-08-31,4.44,7.26,6.07,6.22,6.28,7.7
1971-09-01,4.5,7.26,6.09,6.21,6.22,7.7
1971-09-02,4.53,7.26,6.05,6.16,6.17,7.7
1971-09-03,4.54,7.26,6.02,6.12,6.12,7.7
1971-09-07,4.58,7.26,6,6.08,6.07,7.7
1971-09-08,4.6,7.26,6.05,6.13,6.08,7.7
1971-09-09,4.65,7.26,6.15,6.21,6.13,7.7
1971-09-10,4.68,7.26,6.17,6.21,6.12,7.7
1971-09-13,4.76,7.26,6.24,6.28,6.2,7.7
1971-09-14,4.87,7.26,6.21,6.25,6.18,7.7
1971-09-15,4.85,7.26,6.16,6.23,6.17,7.7
1971-09-16,4.82,7.26,6.13,6.2,6.14,7.7
1971-09-17,4.72,7.26,6.09,6.18,6.13,7.7
1971-09-20,4.72,7.26,6.16,6.24,6.15,7.7
1971-09-21,4.78,7.26,6.19,6.26,6.17,7.7
1971-09-22,4.77,7.26,6.22,6.28,6.19,7.7
1971-09-23,4.75,7.26,6.21,6.28,6.2,7.7
1971-09-24,4.73,7.26,6.19,6.24,6.16,7.7
1971-09-27,4.72,7.26,6.17,6.21,6.13,7.7
1971-09-28,4.67,7.26,6.18,6.21,6.12,7.7
1971-09-29,4.67,7.26,6.14,6.17,6.08,7.7
1971-09-30,4.6,7.26,6.06,6.1,6,7.7
1971-10-01,4.55,7.26,6.04,6.09,6,7.7
1971-10-04,4.46,7.26,6.04,6.07,5.98,7.7
1971-10-05,4.57,7.26,6.1,6.12,6.01,7.7
1971-10-06,4.54,7.26,6.06,6.09,5.98,7.7
1971-10-07,4.56,7.26,6.07,6.08,5.97,7.7
1971-10-08,4.53,7.26,6.03,6.04,5.94,7.7
1971-10-12,4.46,7.26,5.95,5.96,5.88,7.7
1971-10-13,4.44,7.26,5.88,5.91,5.86,7.7
1971-10-14,4.43,7.26,5.87,5.91,5.88,7.7
1971-10-15,4.44,7.26,5.88,5.92,5.9,7.7
1971-10-18,4.45,7.26,5.92,5.97,5.95,7.7
1971-10-19,4.5,7.26,5.92,5.98,5.96,7.7
1971-10-20,4.46,7.26,5.84,5.92,5.92,7.7
1971-10-21,4.48,7.26,5.84,5.9,5.88,7.7
1971-10-22,4.46,7.26,5.84,5.91,5.9,7.7
1971-10-26,4.38,7.26,5.84,5.92,5.89,7.7
1971-10-27,4.37,7.26,5.86,5.95,5.92,7.7
1971-10-28,4.36,7.26,5.83,5.92,5.9,7.7
1971-10-29,4.31,7.26,5.78,5.88,5.87,7.7
1971-11-01,4.26,7.26,5.75,5.85,5.8,7.7
1971-11-03,4.16,7.26,5.72,5.81,5.72,7.7
1971-11-04,4.14,7.26,5.74,5.84,5.72,7.7
1971-11-05,4.15,7.26,5.72,5.84,5.72,7.7
1971-11-08,4.18,7.26,5.77,5.89,5.77,7.7
1971-11-09,4.17,7.26,5.77,5.9,5.77,7.7
1971-11-10,4.19,7.26,5.83,5.95,5.82,7.7
1971-11-11,4.18,7.26,5.8,5.92,5.79,7.7
1971-11-12,4.17,7.26,5.73,5.88,5.77,7.7
1971-11-15,4.16,7.26,5.71,5.87,5.77,7.7
1971-11-16,4.1,7.26,5.71,5.88,5.76,7.7
1971-11-17,4.14,7.26,5.71,5.88,5.75,7.7
1971-11-18,4.14,7.26,5.71,5.9,5.77,7.7
1971-11-19,4.17,7.26,5.76,5.94,5.79,7.7
1971-11-22,4.24,7.26,5.81,5.98,5.82,7.7
1971-11-23,4.32,7.26,5.9,6.06,5.89,7.7
1971-11-24,4.4,7.26,5.93,6.12,5.95,7.7
1971-11-26,4.4,7.26,5.85,6.06,5.94,7.7
1971-11-29,4.34,7.26,5.86,6.08,5.95,7.7
1971-11-30,4.34,7.26,5.84,6.05,5.93,7.7
1971-12-01,4.31,7.26,5.8,6.04,5.92,7.7
1971-12-02,4.28,7.26,5.76,6,5.9,7.7
1971-12-03,4.15,7.26,5.72,5.96,5.88,7.7
1971-12-06,4.1,7.26,5.74,5.97,5.88,7.7
1971-12-07,4.13,7.26,5.78,6.02,5.92,7.7
1971-12-08,4.1,7.26,5.75,6.01,5.92,7.7
1971-12-09,4.11,7.26,5.79,6.04,5.94,7.7
1971-12-10,4.09,7.26,5.77,6.03,5.93,7.7
1971-12-13,3.96,7.26,5.71,5.98,5.9,7.7
1971-12-14,4.06,7.26,5.75,6.02,5.94,7.7
1971-12-15,4.12,7.26,5.76,6.04,5.96,7.7
1971-12-16,4.06,7.26,5.73,6.01,5.95,7.7
1971-12-17,4,7.26,5.7,5.98,5.93,7.7
1971-12-20,4.12,7.26,5.73,6,5.97,7.7
1971-12-21,4.08,7.26,5.73,6.02,6,7.7
1971-12-22,4.04,7.26,5.71,6,6.01,7.7
1971-12-23,3.83,7.26,5.64,5.94,5.97,7.7
1971-12-27,3.78,7.26,5.55,5.88,5.91,7.7
1971-12-28,3.75,7.26,5.49,5.83,5.86,7.7
1971-12-29,3.76,7.26,5.54,5.88,5.9,7.7
1971-12-30,3.7,7.26,5.52,5.88,5.9,7.7
1971-12-31,3.68,7.26,5.5,5.85,5.89,7.7
1972-01-03,3.69,7.26,5.55,5.9,5.94,7.7
1972-01-04,3.72,7.26,5.55,5.9,5.93,7.7
1972-01-05,3.69,7.26,5.56,5.89,5.91,7.7
1972-01-06,3.55,7.26,5.53,5.87,5.9,7.7
1972-01-07,3.33,7.26,5.51,5.84,5.88,7.7
1972-01-10,3.02,7.26,5.48,5.8,5.86,7.7
1972-01-11,3.22,7.26,5.5,5.82,5.88,7.7
1972-01-12,3.23,7.26,5.5,5.81,5.88,7.7
1972-01-13,3.2,7.26,5.47,5.78,5.86,7.7
1972-01-14,3.19,7.26,5.48,5.78,5.85,7.7
1972-01-17,3.24,7.26,5.52,5.83,5.89,7.7
1972-01-18,3.26,7.26,5.56,5.87,5.92,7.7
1972-01-19,3.3,7.26,5.64,5.95,5.96,7.7
1972-01-20,3.35,7.26,5.66,5.96,5.98,7.7
1972-01-21,3.43,7.26,5.68,5.97,5.99,7.7
1972-01-24,3.52,7.26,5.72,6,6.02,7.7
1972-01-25,3.52,7.26,5.68,5.98,6.02,7.7
1972-01-26,3.46,7.26,5.66,5.97,6.01,7.7
1972-01-27,3.44,7.26,5.72,6.03,6.05,7.7
1972-01-28,3.36,7.26,5.74,6.05,6.08,7.7
1972-01-31,3.35,7.26,5.75,6.05,6.09,7.7
1972-02-01,3.43,7.26,5.78,6.05,6.09,7.7
1972-02-02,3.4,7.26,5.75,6.03,6.08,7.7
1972-02-03,3.37,7.26,5.77,6.05,6.08,7.7
1972-02-04,3.24,7.26,5.72,6.03,6.08,7.7
1972-02-07,3.1,7.26,5.73,6.04,6.09,7.7
1972-02-08,3.19,7.26,5.74,6.06,6.11,7.7
1972-02-09,3.16,7.26,5.73,6.04,6.12,7.7
1972-02-10,3.06,7.26,5.69,6.01,6.11,7.7
1972-02-11,2.99,7.26,5.7,6.01,6.12,7.7
1972-02-14,3,7.26,5.68,5.98,6.1,7.7
1972-02-15,3.06,7.26,5.67,5.97,6.1,7.7
1972-02-16,3.06,7.26,5.63,5.94,6.08,7.7
1972-02-17,3.04,7.26,5.63,5.93,6.06,7.7
1972-02-18,3.1,7.26,5.64,5.94,6.06,7.7
1972-02-22,3.17,7.26,5.64,5.94,6.06,7.7
1972-02-23,3.18,7.26,5.68,5.96,6.07,7.7
1972-02-24,3.2,7.26,5.66,5.95,6.07,7.7
1972-02-25,3.36,7.26,5.65,5.95,6.06,7.7
1972-02-28,3.37,7.26,5.66,5.95,6.04,7.7
1972-02-29,3.46,7.26,5.68,5.95,6.04,7.7
1972-03-01,3.47,7.26,5.66,5.94,6.04,7.7
1972-03-02,3.48,7.26,5.62,5.93,6.03,7.7
1972-03-03,3.49,7.26,5.64,5.93,6.02,7.7
1972-03-06,3.5,7.26,5.66,5.94,6.01,7.7
1972-03-07,3.56,7.26,5.68,5.96,6.02,7.7
1972-03-08,3.56,7.26,5.7,5.97,6.02,7.7
1972-03-09,3.59,7.26,5.74,5.99,6.02,7.7
1972-03-10,3.64,7.26,5.81,6.02,6.03,7.7
1972-03-13,3.75,7.26,5.9,6.08,6.07,7.7
1972-03-14,3.89,7.26,5.91,6.07,6.06,7.7
1972-03-15,3.94,7.26,5.98,6.12,6.11,7.7
1972-03-16,3.9,7.26,5.94,6.06,6.08,7.7
1972-03-17,3.88,7.26,5.98,6.12,6.08,7.7
1972-03-20,3.87,7.26,5.97,6.11,6.09,7.7
1972-03-21,3.87,7.26,5.92,6.09,6.08,7.7
1972-03-22,3.77,7.26,5.88,6.08,6.08,7.7
1972-03-23,3.78,7.26,5.95,6.11,6.1,7.7
1972-03-24,3.8,7.26,6,6.13,6.12,7.7
1972-03-27,3.77,7.26,5.99,6.1,6.1,7.7
1972-03-28,3.84,7.26,6.03,6.13,6.11,7.7
1972-03-29,3.87,7.26,6.09,6.15,6.12,7.7
1972-03-30,3.83,7.26,6.1,6.16,6.12,7.7
1972-04-03,3.79,7.26,6.15,6.18,6.14,7.7
1972-04-04,3.84,7.26,6.24,6.25,6.18,7.7
1972-04-05,3.82,7.26,6.21,6.23,6.18,7.7
1972-04-06,3.8,7.26,6.22,6.24,6.18,7.7
1972-04-07,3.8,7.26,6.22,6.24,6.18,7.7
1972-04-10,3.75,7.26,6.18,6.22,6.17,7.7
1972-04-11,3.82,7.26,6.23,6.25,6.18,7.7
1972-04-12,3.82,7.26,6.28,6.28,6.21,7.7
1972-04-13,3.86,7.26,6.28,6.3,6.25,7.7
1972-04-14,3.84,7.26,6.23,6.29,6.25,7.7
1972-04-17,3.85,7.26,6.21,6.26,6.24,7.7
1972-04-18,3.68,7.26,6.2,6.26,6.24,7.7
1972-04-19,3.64,7.26,6.2,6.23,6.22,7.7
1972-04-20,3.57,7.26,6.18,6.22,6.21,7.7
1972-04-21,3.47,7.26,6.18,6.21,6.2,7.7
1972-04-24,3.46,7.26,6.17,6.21,6.21,7.7
1972-04-25,3.55,7.26,6.14,6.2,6.21,7.7
1972-04-26,3.58,7.26,6.1,6.18,6.19,7.7
1972-04-27,3.54,7.26,5.9,6.05,6.11,7.7
1972-04-28,3.63,7.26,5.89,6.08,6.14,7.7
1972-05-01,3.62,7.26,5.85,6.07,6.14,7.7
1972-05-02,3.65,7.26,5.88,6.1,6.16,7.7
1972-05-03,3.6,7.26,5.91,6.11,6.17,7.7
1972-05-04,3.54,7.26,5.92,6.12,6.17,7.7
1972-05-05,3.42,7.26,5.91,6.12,6.17,7.7
1972-05-08,3.44,7.26,5.92,6.12,6.17,7.7
1972-05-09,3.65,7.26,5.95,6.15,6.2,7.7
1972-05-10,3.62,7.26,5.92,6.13,6.19,7.7
1972-05-11,3.62,7.26,5.9,6.11,6.19,7.7
1972-05-12,3.6,7.26,5.85,6.09,6.16,7.7
1972-05-15,3.65,7.26,5.84,6.08,6.16,7.7
1972-05-16,3.76,7.26,5.86,6.09,6.16,7.7
1972-05-17,3.78,7.26,5.88,6.1,6.15,7.7
1972-05-18,3.79,7.26,5.86,6.08,6.13,7.7
1972-05-19,3.8,7.26,5.84,6.06,6.1,7.7
1972-05-22,3.79,7.26,5.81,6.03,6.07,7.7
1972-05-23,3.84,7.26,5.78,6.01,6.05,7.7
1972-05-24,3.84,7.26,5.8,6.02,6.06,7.7
1972-05-25,3.76,7.26,5.77,6.01,6.04,7.7
1972-05-26,3.75,7.26,5.77,6.01,6.04,7.7
1972-05-30,3.8,7.26,5.75,6,6.05,7.7
1972-05-31,3.81,7.26,5.79,6,6.05,7.7
1972-06-01,3.83,7.26,5.82,6.02,6.07,7.7
1972-06-02,3.86,7.26,5.84,6.03,6.09,7.7
1972-06-05,3.83,7.26,5.86,6.05,6.1,7.7
1972-06-06,3.89,7.26,5.88,6.07,6.13,7.7
1972-06-07,3.88,7.26,5.86,6.05,6.12,7.7
1972-06-08,3.86,7.26,5.87,6.05,6.12,7.7
1972-06-09,3.86,7.26,5.86,6.05,6.11,7.7
1972-06-12,3.82,7.26,5.86,6.04,6.1,7.7
1972-06-13,3.84,7.26,5.87,6.05,6.1,7.7
1972-06-14,3.86,7.26,5.86,6.03,6.1,7.7
1972-06-15,3.9,7.26,5.86,6.03,6.1,7.7
1972-06-16,3.95,7.26,5.89,6.04,6.1,7.7
1972-06-19,3.92,7.26,5.88,6.02,6.08,7.7
1972-06-20,3.95,7.26,5.9,6.03,6.08,7.7
1972-06-21,3.97,7.26,5.94,6.04,6.09,7.7
1972-06-22,4.02,7.26,5.98,6.07,6.11,7.7
1972-06-23,4,7.26,5.98,6.07,6.1,7.7
1972-06-26,3.98,7.26,6,6.09,6.12,7.7
1972-06-27,3.99,7.26,5.98,6.08,6.12,7.7
1972-06-28,3.87,7.26,5.96,6.08,6.12,7.7
1972-06-29,3.96,7.26,6,6.12,6.14,7.7
1972-06-30,4.06,7.26,6,6.13,6.15,7.7
1972-07-03,4.14,7.26,6,6.13,6.14,7.7
1972-07-05,4.08,7.26,5.96,6.09,6.13,7.7
1972-07-06,4.02,7.26,5.93,6.07,6.13,7.7
1972-07-07,4.02,7.26,5.98,6.1,6.13,7.7
1972-07-10,4.04,7.26,5.98,6.1,6.13,7.7
1972-07-11,4.13,7.26,5.98,6.1,6.13,7.7
1972-07-12,4.07,7.26,5.97,6.1,6.12,7.7
1972-07-13,4.04,7.26,5.96,6.08,6.11,7.7
1972-07-14,3.95,7.26,5.93,6.05,6.1,7.7
1972-07-17,3.92,7.26,5.94,6.07,6.11,7.7
1972-07-18,3.97,7.26,5.96,6.08,6.11,7.7
1972-07-19,3.91,7.26,5.94,6.07,6.09,7.7
1972-07-20,3.91,7.26,5.97,6.09,6.09,7.7
1972-07-21,3.94,7.26,5.99,6.1,6.1,7.7
1972-07-24,3.97,7.26,5.99,6.1,6.1,7.7
1972-07-25,4.03,7.26,5.98,6.1,6.09,7.7
1972-07-26,3.96,7.26,5.98,6.09,6.08,7.7
1972-07-27,3.91,7.26,6.02,6.14,6.13,7.7
1972-07-28,3.85,7.26,6,6.12,6.12,7.7
1972-07-31,3.8,7.26,5.98,6.11,6.12,7.7
1972-08-01,3.79,7.26,5.98,6.12,6.14,7.7
1972-08-02,3.77,7.26,5.95,6.1,6.14,7.7
1972-08-03,3.79,7.26,5.96,6.12,6.15,7.7
1972-08-04,3.82,7.26,5.98,6.14,6.16,7.7
1972-08-07,3.85,7.26,5.98,6.15,6.16,7.7
1972-08-08,3.88,7.26,5.97,6.14,6.15,7.7
1972-08-09,3.86,7.26,5.94,6.13,6.14,7.7
1972-08-10,3.86,7.26,5.95,6.14,6.14,7.7
1972-08-11,3.84,7.26,5.95,6.14,6.14,7.7
1972-08-14,3.87,7.26,5.96,6.16,6.16,7.7
1972-08-15,3.93,7.26,5.96,6.16,6.17,7.7
1972-08-16,3.91,7.26,5.96,6.15,6.18,7.7
1972-08-17,3.88,7.26,5.96,6.17,6.2,7.7
1972-08-18,3.92,7.26,5.98,6.18,6.21,7.7
1972-08-21,3.97,7.26,5.98,6.18,6.21,7.7
1972-08-22,4.12,7.26,5.99,6.18,6.2,7.7
1972-08-23,4.18,7.26,6.02,6.2,6.22,7.7
1972-08-24,4.14,7.26,6.04,6.22,6.23,7.7
1972-08-25,4.23,7.26,6.13,6.28,6.26,7.7
1972-08-28,4.26,7.26,6.17,6.32,6.3,7.7
1972-08-29,4.45,7.26,6.19,6.35,6.34,7.7
1972-08-30,4.55,7.26,6.22,6.38,6.42,7.7
1972-08-31,4.55,7.26,6.21,6.36,6.42,7.7
1972-09-01,4.54,7.26,6.2,6.36,6.43,7.7
1972-09-05,4.68,7.26,6.24,6.4,6.46,7.7
1972-09-06,4.71,7.26,6.26,6.42,6.49,7.7
1972-09-07,4.7,7.26,6.28,6.45,6.52,7.7
1972-09-08,4.73,7.26,6.3,6.5,6.56,7.7
1972-09-11,4.74,7.26,6.28,6.48,6.54,7.7
1972-09-12,4.72,7.26,6.28,6.47,6.54,7.7
1972-09-13,4.71,7.26,6.31,6.49,6.54,7.7
1972-09-14,4.7,7.26,6.32,6.5,6.57,7.7
1972-09-15,4.68,7.26,6.27,6.46,6.56,7.7
1972-09-18,4.65,7.26,6.22,6.41,6.55,7.7
1972-09-19,4.64,7.26,6.22,6.4,6.55,7.7
1972-09-20,4.63,7.26,6.23,6.42,6.56,7.7
1972-09-21,4.66,7.26,6.25,6.43,6.59,7.7
1972-09-22,4.7,7.26,6.28,6.45,6.62,7.7
1972-09-25,4.67,7.26,6.27,6.45,6.62,7.7
1972-09-26,4.63,7.26,6.22,6.4,6.6,7.7
1972-09-27,4.61,7.26,6.21,6.4,6.59,7.7
1972-09-28,4.56,7.26,6.19,6.36,6.56,7.7
1972-09-29,4.55,7.26,6.18,6.34,6.54,7.7
1972-10-02,4.51,7.26,6.17,6.34,6.54,7.7
1972-10-03,4.67,7.26,6.23,6.39,6.54,7.7
1972-10-04,4.69,7.26,6.2,6.38,6.53,7.7
1972-10-05,4.73,7.26,6.19,6.38,6.53,7.7
1972-10-06,4.71,7.26,6.18,6.36,6.52,7.7
1972-10-10,4.74,7.26,6.15,6.33,6.48,7.7
1972-10-11,4.76,7.26,6.16,6.34,6.47,7.7
1972-10-12,4.81,7.26,6.19,6.38,6.5,7.7
1972-10-13,4.84,7.26,6.19,6.38,6.5,7.7
1972-10-16,4.8,7.26,6.17,6.36,6.49,7.7
1972-10-17,4.82,7.26,6.17,6.36,6.49,7.7
1972-10-18,4.79,7.26,6.19,6.38,6.49,7.7
1972-10-19,4.75,7.26,6.19,6.37,6.48,7.7
1972-10-20,4.74,7.26,6.19,6.36,6.47,7.7
1972-10-24,4.74,7.26,6.16,6.32,6.45,7.7
1972-10-25,4.74,7.26,6.17,6.31,6.44,7.7
1972-10-26,4.72,7.26,6.16,6.3,6.42,7.7
1972-10-27,4.72,7.26,6.18,6.31,6.42,7.7
1972-10-30,4.74,7.26,6.2,6.33,6.42,7.7
1972-10-31,4.76,7.26,6.2,6.32,6.41,7.7
1972-11-01,4.75,7.26,6.2,6.31,6.39,7.7
1972-11-02,4.72,7.26,6.15,6.25,6.34,7.7
1972-11-03,4.71,7.26,6.13,6.22,6.3,7.7
1972-11-06,4.66,7.26,6.11,6.18,6.27,7.7
1972-11-08,4.75,7.26,6.15,6.21,6.3,7.7
1972-11-09,4.72,7.26,6.16,6.21,6.3,7.7
1972-11-10,4.72,7.26,6.15,6.21,6.3,7.7
1972-11-13,4.74,7.26,6.11,6.17,6.27,7.7
1972-11-14,4.78,7.26,6.1,6.16,6.26,7.7
1972-11-15,4.74,7.26,6.06,6.13,6.23,7.7
1972-11-16,4.76,7.26,6.08,6.13,6.24,7.7
1972-11-17,4.76,7.26,6.1,6.14,6.24,7.7
1972-11-20,4.76,7.26,6.08,6.13,6.23,7.7
1972-11-21,4.82,7.26,6.09,6.15,6.26,7.7
1972-11-22,4.84,7.26,6.09,6.15,6.27,7.7
1972-11-24,4.85,7.26,6.1,6.15,6.27,7.7
1972-11-27,4.88,7.26,6.13,6.19,6.3,7.7
1972-11-28,4.88,7.26,6.12,6.18,6.29,7.7
1972-11-29,4.87,7.26,6.1,6.16,6.27,7.7
1972-11-30,4.88,7.26,6.12,6.17,6.28,7.7
1972-12-01,4.9,7.26,6.12,6.17,6.29,7.7
1972-12-04,4.92,7.26,6.13,6.17,6.3,7.7
1972-12-05,5,7.26,6.14,6.19,6.31,7.7
1972-12-06,5,7.26,6.13,6.17,6.31,7.7
1972-12-07,5.03,7.26,6.12,6.17,6.31,7.7
1972-12-08,5.06,7.26,6.14,6.18,6.32,7.7
1972-12-11,5.1,7.26,6.15,6.19,6.34,7.7
1972-12-12,5.05,7.26,6.13,6.18,6.35,7.7
1972-12-13,5,7.26,6.12,6.18,6.35,7.7
1972-12-14,5.02,7.26,6.11,6.18,6.35,7.7
1972-12-15,5.07,7.26,6.11,6.17,6.35,7.7
1972-12-18,5.17,7.26,6.18,6.21,6.38,7.7
1972-12-19,5.19,7.26,6.18,6.22,6.4,7.7
1972-12-20,5.15,7.26,6.18,6.23,6.4,7.7
1972-12-21,5.12,7.26,6.17,6.22,6.4,7.7
1972-12-22,5.12,7.26,6.19,6.23,6.4,7.7
1972-12-26,5.15,7.26,6.19,6.23,6.39,7.7
1972-12-27,5.11,7.26,6.2,6.24,6.4,7.7
1972-12-28,5.1,7.26,6.22,6.27,6.41,7.7
1972-12-29,5.14,7.26,6.26,6.29,6.41,7.7
1973-01-02,5.22,7.26,6.29,6.31,6.43,7.7
1973-01-03,5.16,7.26,6.26,6.3,6.42,7.7
1973-01-04,5.12,7.26,6.23,6.27,6.4,7.7
1973-01-05,5.13,7.26,6.27,6.31,6.42,7.7
1973-01-08,5.13,7.26,6.3,6.34,6.43,7.7
1973-01-09,5.17,7.26,6.3,6.33,6.42,7.7
1973-01-10,5.19,7.26,6.31,6.34,6.43,7.7
1973-01-11,5.23,7.26,6.31,6.34,6.43,7.7
1973-01-12,5.24,7.26,6.33,6.35,6.44,7.7
1973-01-15,5.27,7.26,6.31,6.34,6.44,7.7
1973-01-16,5.36,7.26,6.32,6.35,6.44,7.7
1973-01-17,5.36,7.26,6.3,6.33,6.45,7.7
1973-01-18,5.46,7.26,6.32,6.35,6.46,7.7
1973-01-19,5.56,7.26,6.36,6.38,6.49,7.7
1973-01-22,5.59,7.26,6.38,6.4,6.5,7.7
1973-01-23,5.61,7.26,6.35,6.37,6.48,7.7
1973-01-24,5.67,7.26,6.39,6.4,6.49,7.7
1973-01-25,5.73,7.26,6.41,6.43,6.51,7.7
1973-01-26,5.74,7.26,6.44,6.43,6.53,7.7
1973-01-29,5.66,7.26,6.44,6.45,6.55,7.7
1973-01-30,5.69,7.26,6.44,6.42,6.52,7.7
1973-01-31,5.68,7.26,6.45,6.43,6.54,7.7
1973-02-01,5.76,7.26,6.56,6.52,6.6,7.7
1973-02-02,5.73,7.26,6.58,6.57,6.64,7.7
1973-02-05,5.69,7.26,6.58,6.59,6.64,7.7
1973-02-06,5.65,7.26,6.58,6.6,6.64,7.7
1973-02-07,5.57,7.26,6.57,6.61,6.64,7.7
1973-02-08,5.44,7.26,6.55,6.6,6.66,7.7
1973-02-09,5.44,7.26,6.51,6.55,6.63,7.7
1973-02-13,5.5,7.26,6.54,6.56,6.61,7.7
1973-02-14,5.43,7.26,6.54,6.56,6.62,7.7
1973-02-15,5.37,7.26,6.53,6.54,6.62,7.7
1973-02-16,5.4,7.26,6.55,6.57,6.63,7.7
1973-02-20,5.57,7.26,6.65,6.64,6.66,7.7
1973-02-21,5.62,7.26,6.65,6.64,6.66,7.7
1973-02-22,5.56,7.26,6.64,6.63,6.65,7.7
1973-02-23,5.55,7.26,6.6,6.6,6.61,7.7
1973-02-26,5.76,7.26,6.72,6.67,6.65,7.7
1973-02-27,5.9,7.26,6.72,6.67,6.64,7.7
1973-02-28,5.85,7.26,6.73,6.68,6.64,7.7
1973-03-01,5.79,7.26,6.72,6.66,6.65,7.7
1973-03-02,5.75,7.26,6.77,6.7,6.67,7.7
1973-03-05,5.79,7.26,6.79,6.72,6.68,7.7
1973-03-06,5.94,7.26,6.83,6.74,6.68,7.7
1973-03-07,5.87,7.26,6.8,6.73,6.66,7.7
1973-03-08,5.83,7.26,6.83,6.75,6.67,7.7
1973-03-09,5.84,7.26,6.83,6.76,6.68,7.7
1973-03-12,5.88,7.26,6.84,6.77,6.68,7.7
1973-03-13,6,7.26,6.81,6.77,6.7,7.7
1973-03-14,6.06,7.26,6.82,6.79,6.71,7.7
1973-03-15,6.11,7.26,6.85,6.8,6.73,7.7
1973-03-16,6.21,7.26,6.92,6.86,6.77,7.7
1973-03-19,6.22,7.26,6.85,6.83,6.75,7.7
1973-03-20,6.34,7.26,6.85,6.82,6.76,7.7
1973-03-21,6.35,7.26,6.83,6.82,6.76,7.7
1973-03-22,6.31,7.26,6.84,6.81,6.76,7.7
1973-03-23,6.31,7.26,6.84,6.8,6.76,7.7
1973-03-26,6.23,7.26,6.76,6.74,6.73,7.7
1973-03-27,6.26,7.26,6.74,6.72,6.72,7.7
1973-03-28,6.28,7.26,6.69,6.68,6.67,7.7
1973-03-29,6.29,7.26,6.68,6.67,6.68,7.7
1973-03-30,6.4,7.26,6.81,6.76,6.73,7.7
1973-04-02,6.46,7.26,6.81,6.77,6.74,7.7
1973-04-03,6.55,7.26,6.77,6.73,6.73,7.7
1973-04-04,6.51,7.26,6.71,6.69,6.7,7.7
1973-04-05,6.48,7.26,6.7,6.68,6.68,7.7
1973-04-06,6.25,7.26,6.59,6.61,6.64,7.7
1973-04-09,6.16,7.26,6.55,6.57,6.62,7.7
1973-04-10,6.21,7.26,6.58,6.59,6.64,7.7
1973-04-11,6.22,7.26,6.63,6.62,6.65,7.7
1973-04-12,6.2,7.26,6.64,6.64,6.66,7.7
1973-04-13,6.21,7.26,6.55,6.57,6.63,7.7
1973-04-16,6.19,7.26,6.57,6.58,6.62,7.7
1973-04-17,6.19,7.26,6.66,6.63,6.64,7.7
1973-04-18,6.11,7.26,6.67,6.65,6.64,7.7
1973-04-19,6.13,7.26,6.71,6.68,6.66,7.7
1973-04-23,6.19,7.26,6.76,6.72,6.73,7.7
1973-04-24,6.28,7.26,6.73,6.7,6.66,7.7
1973-04-25,6.28,7.26,6.72,6.7,6.66,7.7
1973-04-26,6.2,7.26,6.67,6.7,6.68,7.7
1973-04-27,6.21,7.26,6.7,6.72,6.69,7.7
1973-04-30,6.23,7.26,6.73,6.75,6.7,7.7
1973-05-01,6.29,7.26,6.77,6.78,6.72,7.7
1973-05-02,6.26,7.26,6.78,6.79,6.76,7.7
1973-05-03,6.21,7.26,6.8,6.8,6.77,7.7
1973-05-04,6.19,7.26,6.83,6.82,6.79,7.7
1973-05-07,6.13,7.26,6.83,6.82,6.81,7.7
1973-05-08,6.02,7.26,6.8,6.79,6.8,7.7
1973-05-09,5.97,7.26,6.78,6.78,6.8,7.7
1973-05-10,6,7.26,6.77,6.78,6.81,7.7
1973-05-11,6.23,7.26,6.81,6.8,6.82,7.7
1973-05-14,6.17,7.26,6.8,6.8,6.83,7.7
1973-05-15,6.17,7.26,6.78,6.78,6.86,7.7
1973-05-16,6.19,7.26,6.76,6.78,6.84,7.7
1973-05-17,6.28,7.26,6.81,6.81,6.85,7.7
1973-05-18,6.3,7.26,6.83,6.84,6.86,7.7
1973-05-21,6.38,7.26,6.86,6.88,6.89,7.7
1973-05-22,6.6,7.26,6.86,6.88,6.9,7.7
1973-05-23,6.63,7.26,6.84,6.89,6.92,7.7
1973-05-24,6.55,7.26,6.8,6.86,6.91,7.7
1973-05-25,6.64,7.26,6.78,6.87,6.91,7.7
1973-05-29,6.84,7.26,6.8,6.89,6.93,7.7
1973-05-30,6.91,7.26,6.8,6.87,6.93,7.7
1973-05-31,6.92,7.26,6.78,6.86,6.93,7.7
1973-06-01,6.97,7.26,6.78,6.88,6.96,7.7
1973-06-04,7.07,7.26,6.8,6.89,6.98,7.7
1973-06-05,7.13,7.26,6.7,6.81,6.95,7.7
1973-06-06,7.06,7.26,6.57,6.76,6.89,7.7
1973-06-07,7.08,7.26,6.61,6.77,6.89,7.7
1973-06-08,7,7.26,6.59,6.75,6.87,7.7
1973-06-11,7.08,7.26,6.62,6.77,6.87,7.7
1973-06-12,7.14,7.26,6.61,6.75,6.86,7.7
1973-06-13,7.16,7.26,6.62,6.74,6.85,7.7
1973-06-14,7.17,7.26,6.62,6.76,6.85,7.7
1973-06-15,7.18,7.26,6.63,6.76,6.86,7.7
1973-06-18,7.2,7.26,6.65,6.77,6.87,7.7
1973-06-19,7.27,7.26,6.66,6.78,6.87,7.7
1973-06-20,7.29,7.26,6.66,6.79,6.89,7.7
1973-06-21,7.24,7.26,6.67,6.79,6.89,7.7
1973-06-22,7.24,7.26,6.7,6.82,6.91,7.7
1973-06-25,7.2,7.26,6.74,6.84,6.93,7.7
1973-06-26,7.26,7.26,6.76,6.86,6.93,7.7
1973-06-27,7.28,7.26,6.78,6.86,6.92,7.7
1973-06-28,7.35,7.26,6.82,6.88,6.92,7.7
1973-06-29,7.52,7.26,6.9,6.92,6.94,7.7
1973-07-02,7.9,7.26,7,6.99,7.01,7.7
1973-07-03,7.98,7.26,7.03,7.01,7.01,7.7
1973-07-05,7.95,7.26,7.02,7.01,7.01,7.7
1973-07-06,7.92,7.26,7.07,7.04,7.03,7.7
1973-07-09,7.92,7.26,7.18,7.11,7.05,7.7
1973-07-10,7.89,7.26,7.11,7.05,7.05,7.7
1973-07-11,7.68,7.26,7.11,7.04,7.05,7.7
1973-07-12,7.63,7.26,7.12,7.05,7.04,7.7
1973-07-13,7.78,7.26,7.17,7.09,7.05,7.7
1973-07-16,7.85,7.26,7.21,7.12,7.06,7.7
1973-07-17,7.96,7.26,7.22,7.14,7.06,7.7
1973-07-18,8.03,7.26,7.26,7.18,7.07,7.7
1973-07-19,8.13,7.26,7.39,7.27,7.11,7.7
1973-07-20,8.17,7.26,7.48,7.35,7.17,7.7
1973-07-23,8.03,7.26,7.45,7.34,7.17,7.7
1973-07-24,8.18,7.26,7.5,7.37,7.19,7.7
1973-07-25,8.17,7.26,7.56,7.39,7.19,7.7
1973-07-26,8.23,7.26,7.7,7.52,7.28,7.7
1973-07-27,8.25,7.26,7.78,7.59,7.35,7.7
1973-07-30,8.23,7.26,7.8,7.61,7.37,7.7
1973-07-31,8.32,7.26,7.87,7.65,7.43,7.7
1973-08-01,8.38,7.26,7.94,7.71,7.55,7.7
1973-08-02,8.28,7.26,7.86,7.65,7.52,7.7
1973-08-03,8.27,7.26,7.98,7.71,7.53,7.7
1973-08-06,8.32,7.26,8.06,7.77,7.54,7.7
1973-08-07,8.75,7.26,8.13,7.82,7.58,7.7
1973-08-08,8.77,7.26,7.97,7.75,7.52,7.7
1973-08-09,8.81,7.26,8.01,7.79,7.54,7.7
1973-08-10,8.84,7.26,7.96,7.78,7.52,7.7
1973-08-13,8.82,7.26,7.84,7.71,7.47,7.7
1973-08-14,9.05,7.26,7.81,7.66,7.46,7.7
1973-08-15,8.95,7.26,7.71,7.6,7.45,7.7
1973-08-16,8.86,7.26,7.54,7.43,7.37,7.7
1973-08-17,8.72,7.26,7.41,7.36,7.28,7.7
1973-08-20,8.79,7.26,7.5,7.44,7.38,7.7
1973-08-21,8.92,7.26,7.47,7.47,7.36,7.7
1973-08-22,8.78,7.26,7.51,7.49,7.39,7.7
1973-08-23,8.62,7.26,7.31,7.35,7.31,7.7
1973-08-24,8.46,7.26,7.15,7.21,7.23,7.7
1973-08-27,8.53,7.26,7.23,7.28,7.26,7.7
1973-08-28,8.72,7.26,7.31,7.29,7.29,7.7
1973-08-29,8.62,7.26,7.22,7.2,7.26,7.7
1973-08-30,8.57,7.26,7.26,7.21,7.25,7.7
1973-08-31,8.66,7.26,7.28,7.22,7.25,7.7
1973-09-04,8.78,7.26,7.22,7.2,7.21,7.7
1973-09-05,8.76,7.26,7.12,7.13,7.11,7.7
1973-09-06,8.84,7.26,7.12,7.13,7.1,7.7
1973-09-07,8.8,7.26,7.1,7.13,7.11,7.7
1973-09-10,9.03,7.26,7.23,7.2,7.16,7.7
1973-09-11,9.04,7.26,7.33,7.27,7.19,7.7
1973-09-12,9.02,7.26,7.33,7.27,7.2,7.7
1973-09-13,8.86,7.26,7.36,7.27,7.21,7.7
1973-09-14,8.75,7.26,7.29,7.23,7.21,7.7
1973-09-17,8.7,7.26,7.11,7.15,7.16,7.7
1973-09-18,8.68,7.26,6.99,7.1,7.08,7.7
1973-09-19,8.55,7.26,7.02,7.1,7.1,7.7
1973-09-20,8.28,7.26,6.95,7.04,7.09,7.7
1973-09-21,7.69,7.26,6.91,6.95,7.02,7.7
1973-09-24,7.38,7.26,6.81,6.91,7,7.7
1973-09-25,7.2,7.26,6.79,6.89,6.96,7.7
1973-09-26,7.12,7.26,6.82,6.88,6.97,7.7
1973-09-27,6.96,7.26,6.8,6.83,6.94,7.7
1973-09-28,6.98,7.26,6.72,6.79,6.9,7.7
1973-10-01,7.06,7.26,6.75,6.8,6.91,7.7
1973-10-02,7.64,7.26,6.88,6.87,6.89,7.7
1973-10-03,7.48,7.26,6.82,6.86,6.9,7.7
1973-10-04,7.58,7.26,6.88,6.85,6.88,7.7
1973-10-05,7.36,7.26,6.72,6.75,6.86,7.7
1973-10-09,7.13,7.26,6.68,6.69,6.78,7.7
1973-10-10,7.14,7.26,6.74,6.74,6.77,7.7
1973-10-11,7.15,7.26,6.74,6.75,6.78,7.7
1973-10-12,7.14,7.26,6.68,6.71,6.75,7.7
1973-10-15,7.19,7.26,6.75,6.75,6.77,7.7
1973-10-16,7.28,7.26,6.8,6.79,6.81,7.7
1973-10-17,7.19,7.26,6.79,6.79,6.82,7.7
1973-10-18,7.13,7.26,6.77,6.78,6.81,7.7
1973-10-19,7.03,7.26,6.75,6.77,6.8,7.7
1973-10-23,7.04,7.26,6.8,6.81,6.8,7.7
1973-10-24,7.02,7.26,6.81,6.8,6.75,7.7
1973-10-25,7.05,7.26,6.76,6.77,6.73,7.7
1973-10-26,7.18,7.26,6.76,6.77,6.72,7.7
1973-10-29,7.2,7.26,6.77,6.8,6.72,7.7
1973-10-30,7.22,7.26,6.75,6.79,6.72,7.7
1973-10-31,7.36,7.26,6.8,6.83,6.71,7.7
1973-11-01,7.48,7.26,6.83,6.84,6.71,7.7
1973-11-02,7.66,7.26,6.85,6.88,6.72,7.7
1973-11-05,8,7.26,7,6.95,6.74,7.7
1973-11-07,8.2,7.26,6.98,6.95,6.76,7.7
1973-11-08,8.12,7.26,6.91,6.91,6.77,7.7
1973-11-09,8.14,7.26,6.93,6.92,6.76,7.7
1973-11-12,8.51,7.26,7.03,6.96,6.76,7.7
1973-11-13,8.62,7.26,7.16,7.02,6.76,7.7
1973-11-14,8.3,7.26,7.19,7.04,6.79,7.7
1973-11-15,7.53,7.26,7.1,6.99,6.76,7.7
1973-11-16,7.61,7.26,7.05,6.96,6.72,7.7
1973-11-19,7.5,7.26,6.91,6.9,6.71,7.7
1973-11-20,7.77,7.26,6.9,6.87,6.72,7.7
1973-11-21,7.78,7.26,6.8,6.83,6.71,7.7
1973-11-23,7.82,7.26,6.81,6.83,6.7,7.7
1973-11-26,7.76,7.26,6.76,6.77,6.69,7.7
1973-11-27,7.58,7.26,6.77,6.8,6.7,7.7
1973-11-28,7.52,7.26,6.8,6.8,6.7,7.7
1973-11-29,7.45,7.26,6.8,6.79,6.7,7.7
1973-11-30,7.3,7.26,6.77,6.77,6.69,7.7
1973-12-03,7.12,7.26,6.84,6.81,6.69,7.7
1973-12-04,7.25,7.26,6.85,6.81,6.69,7.7
1973-12-05,7.68,7.26,6.9,6.85,6.72,7.7
1973-12-06,7.64,7.26,6.91,6.86,6.75,7.7
1973-12-07,7.65,7.26,6.88,6.85,6.74,7.7
1973-12-10,7.44,7.26,6.72,6.75,6.71,7.7
1973-12-11,7.52,7.26,6.77,6.75,6.69,7.7
1973-12-12,7.48,7.26,6.73,6.74,6.69,7.7
1973-12-13,7.58,7.26,6.76,6.75,6.68,7.7
1973-12-14,7.53,7.26,6.74,6.73,6.68,7.7
1973-12-17,7.47,7.26,6.71,6.71,6.67,7.7
1973-12-18,7.34,7.26,6.75,6.72,6.68,7.7
1973-12-19,7.3,7.26,6.75,6.74,6.71,7.7
1973-12-20,7.31,7.26,6.73,6.72,6.73,7.7
1973-12-21,7.33,7.26,6.75,6.74,6.78,7.7
1973-12-26,7.57,7.26,6.87,6.79,6.83,7.7
1973-12-27,7.47,7.26,6.84,6.76,6.88,7.7
1973-12-28,7.47,7.26,6.81,6.75,6.91,7.7
1973-12-31,7.46,7.26,6.83,6.76,6.9,7.7
1974-01-02,7.52,7.26,6.86,6.76,6.94,7.7
1974-01-03,7.47,7.26,6.83,6.75,6.96,7.7
1974-01-04,7.49,7.26,6.83,6.75,6.94,7.7
1974-01-07,7.6,7.26,6.86,6.78,6.96,7.7
1974-01-08,7.64,7.26,6.87,6.78,6.96,7.7
1974-01-09,7.67,7.26,6.87,6.78,6.96,7.7
1974-01-10,7.83,7.26,6.91,6.84,7,7.7
1974-01-11,7.87,7.26,6.96,6.85,7.01,7.7
1974-01-14,7.96,7.26,6.98,6.88,7.01,7.7
1974-01-15,7.89,7.26,6.94,6.88,6.99,7.7
1974-01-16,7.9,7.26,6.96,6.89,6.99,7.7
1974-01-17,7.86,7.26,6.93,6.87,6.97,7.7
1974-01-18,7.86,7.26,6.94,6.88,6.98,7.7
1974-01-21,7.97,7.26,6.99,6.93,6.99,7.7
1974-01-22,7.96,7.26,7.05,6.95,7,7.7
1974-01-23,8.01,7.26,7.08,6.97,7.01,7.7
1974-01-24,8.01,7.26,7.06,6.97,7.02,7.7
1974-01-25,7.98,7.26,7.06,6.98,7.02,7.7
1974-01-28,7.84,7.26,7.01,6.97,7.01,7.7
1974-01-29,7.62,7.26,7,6.98,7.02,7.7
1974-01-30,7.51,7.26,6.97,6.97,7.01,7.7
1974-01-31,7.48,7.26,6.91,6.96,7,7.7
1974-02-01,7.31,7.26,6.85,6.91,7,7.7
1974-02-04,7.13,7.26,6.8,6.89,6.98,7.7
1974-02-05,6.93,7.26,6.8,6.88,6.95,7.7
1974-02-06,6.93,7.26,6.77,6.87,6.93,7.7
1974-02-07,7.11,7.26,6.82,6.9,6.93,7.7
1974-02-08,7.04,7.26,6.79,6.89,6.93,7.7
1974-02-11,7.12,7.26,6.78,6.89,6.93,7.7
1974-02-13,7.04,7.26,6.76,6.88,6.93,7.7
1974-02-14,7.03,7.26,6.72,6.88,6.93,7.7
1974-02-15,7.06,7.26,6.74,6.88,6.93,7.7
1974-02-19,7.03,7.26,6.76,6.89,6.93,7.7
1974-02-20,7.04,7.26,6.77,6.9,6.96,7.7
1974-02-21,7.09,7.26,6.81,6.91,6.98,7.7
1974-02-22,7.1,7.26,6.82,6.92,6.97,7.7
1974-02-25,7.15,7.26,6.83,6.94,6.96,7.7
1974-02-26,7.3,7.26,6.94,6.99,6.98,7.7
1974-02-27,7.35,7.26,6.96,7.02,7,7.7
1974-02-28,7.46,7.26,6.98,7.03,7.01,7.7
1974-03-01,7.54,7.26,7.06,7.1,7.08,7.7
1974-03-04,7.56,7.26,7.08,7.12,7.09,7.7
1974-03-05,7.73,7.26,7.08,7.12,7.1,7.7
1974-03-06,7.71,7.26,7.02,7.1,7.09,7.7
1974-03-07,7.7,7.26,7.01,7.07,7.06,7.7
1974-03-08,7.84,7.26,7.09,7.13,7.06,7.7
1974-03-11,7.87,7.26,7.12,7.17,7.08,7.7
1974-03-12,7.83,7.26,7.12,7.18,7.09,7.7
1974-03-13,7.83,7.26,7.16,7.21,7.13,7.7
1974-03-14,7.72,7.26,7.14,7.2,7.13,7.7
1974-03-15,7.84,7.26,7.22,7.27,7.18,7.7
1974-03-18,7.95,7.26,7.32,7.4,7.23,7.7
1974-03-19,8.06,7.26,7.33,7.4,7.24,7.7
1974-03-20,8.1,7.26,7.4,7.43,7.27,7.7
1974-03-21,8.11,7.26,7.56,7.53,7.3,7.7
1974-03-22,8.07,7.26,7.65,7.63,7.35,7.7
1974-03-25,8.12,7.26,7.68,7.66,7.39,7.7
1974-03-26,8.33,7.26,7.62,7.59,7.38,7.7
1974-03-27,8.45,7.26,7.59,7.56,7.35,7.7
1974-03-28,8.55,7.26,7.67,7.63,7.38,7.7
1974-03-29,8.28,7.26,7.65,7.59,7.41,7.7
1974-04-01,8.31,7.26,7.67,7.61,7.42,7.7
1974-04-02,8.44,7.26,7.71,7.65,7.43,7.7
1974-04-03,8.49,7.26,7.75,7.68,7.43,7.7
1974-04-04,8.65,7.26,7.88,7.78,7.51,7.7
1974-04-05,8.65,7.26,7.97,7.82,7.54,7.7
1974-04-08,8.56,7.26,7.92,7.77,7.5,7.7
1974-04-09,8.62,7.26,7.92,7.77,7.49,7.7
1974-04-10,8.52,7.26,7.84,7.68,7.46,7.7
1974-04-11,8.24,7.26,7.83,7.67,7.45,7.7
1974-04-15,7.95,7.26,7.75,7.63,7.42,7.7
1974-04-16,8.18,7.26,7.88,7.7,7.43,7.7
1974-04-17,8.16,7.26,7.88,7.7,7.45,7.7
1974-04-18,8.15,7.26,7.97,7.75,7.5,7.7
1974-04-19,7.81,7.26,7.93,7.74,7.51,7.7
1974-04-22,7.76,7.26,7.95,7.77,7.52,7.7
1974-04-23,8.05,7.26,7.96,7.79,7.54,7.7
1974-04-24,8.02,7.26,7.95,7.79,7.58,7.7
1974-04-25,8.21,7.26,8.04,7.87,7.63,7.7
1974-04-26,8.48,7.26,8.11,7.94,7.64,7.7
1974-04-29,8.88,7.26,8.2,7.99,7.65,7.7
1974-04-30,8.9,7.26,8.21,7.97,7.66,7.7
1974-05-01,8.77,7.26,8.16,7.93,7.62,7.7
1974-05-02,8.7,7.26,8.2,7.93,7.58,7.7
1974-05-03,8.82,7.26,8.35,8.03,7.65,7.7
1974-05-06,8.82,7.26,8.42,8.06,7.65,7.7
1974-05-07,8.86,7.26,8.56,8.09,7.65,7.7
1974-05-08,8.7,7.26,8.46,8.03,7.65,7.7
1974-05-09,8.49,7.26,8.47,8.05,7.7,7.7
1974-05-10,8.15,7.26,8.19,7.87,7.63,7.7
1974-05-13,8.03,7.26,8.06,7.81,7.54,7.7
1974-05-14,8.13,7.26,8.13,7.86,7.57,7.7
1974-05-15,7.96,7.26,8.1,7.84,7.55,7.7
1974-05-16,7.94,7.26,8.12,7.88,7.54,7.7
1974-05-17,7.93,7.26,8.21,7.96,7.57,7.7
1974-05-20,7.94,7.26,8.21,7.97,7.58,7.7
1974-05-21,8.21,7.26,8.13,7.94,7.57,7.7
1974-05-22,8.14,7.26,8.07,7.9,7.56,7.7
1974-05-23,7.54,7.26,7.98,7.85,7.52,7.7
1974-05-24,7.68,7.26,7.94,7.83,7.49,7.7
1974-05-28,8.02,7.26,8.05,7.91,7.5,7.7
1974-05-29,8.13,7.26,8.06,7.92,7.52,7.7
1974-05-30,7.93,7.26,8.02,7.89,7.51,7.7
1974-05-31,8.08,7.26,8.06,7.92,7.52,7.7
1974-06-03,8.09,7.26,8.11,7.94,7.53,7.7
1974-06-04,8.11,7.26,8.02,7.9,7.52,7.7
1974-06-05,7.95,7.26,8.04,7.89,7.52,7.7
1974-06-06,7.93,7.26,8,7.86,7.5,7.7
1974-06-07,8.15,7.26,7.93,7.8,7.46,7.7
1974-06-10,8.14,7.26,7.93,7.78,7.47,7.7
1974-06-11,8.13,7.26,7.95,7.79,7.48,7.7
1974-06-12,8.2,7.26,8.03,7.84,7.5,7.7
1974-06-13,8.36,7.26,8.1,7.87,7.5,7.7
1974-06-14,8.31,7.26,8.06,7.86,7.5,7.7
1974-06-17,8.17,7.26,8.01,7.85,7.49,7.7
1974-06-18,8.13,7.26,8.06,7.87,7.52,7.7
1974-06-19,7.99,7.26,8.06,7.85,7.52,7.7
1974-06-20,7.82,7.26,8.07,7.86,7.55,7.7
1974-06-21,7.3,7.26,8.1,7.88,7.55,7.7
1974-06-24,7.46,7.26,8.22,7.98,7.58,7.7
1974-06-25,7.63,7.26,8.29,8.01,7.62,7.7
1974-06-26,7.3,7.26,8.25,8.01,7.62,7.7
1974-06-27,7.53,7.26,8.36,8.07,7.64,7.7
1974-06-28,7.34,7.26,8.33,8.09,7.64,7.7
1974-07-01,7.28,7.26,8.38,8.1,7.65,7.7
1974-07-02,7.34,7.26,8.35,8.11,7.65,7.7
1974-07-03,7.75,7.26,8.43,8.15,7.7,7.7
1974-07-05,7.74,7.26,8.51,8.19,7.71,7.7
1974-07-08,7.62,7.26,8.63,8.29,7.77,7.7
1974-07-09,7.56,7.26,8.63,8.31,7.81,7.7
1974-07-10,7.39,7.26,8.58,8.28,7.82,7.7
1974-07-11,7.32,7.26,8.54,8.29,7.84,7.7
1974-07-12,7.36,7.26,8.41,8.25,7.85,7.7
1974-07-15,7.62,7.26,8.42,8.23,7.86,7.7
1974-07-16,7.53,7.26,8.42,8.26,7.88,7.7
1974-07-17,7.72,7.26,8.38,8.24,7.91,7.7
1974-07-18,7.92,7.26,8.38,8.22,7.9,7.7
1974-07-19,7.82,7.26,8.29,8.16,7.87,7.7
1974-07-22,7.56,7.26,8.18,8.09,7.77,7.7
1974-07-23,7.45,7.26,8.15,8.07,7.79,7.7
1974-07-24,7.42,7.26,8.06,8.02,7.76,7.7
1974-07-25,7.3,7.26,8.04,8.01,7.75,7.7
1974-07-26,7.4,7.26,8.24,8.11,7.79,7.7
1974-07-29,7.42,7.26,8.32,8.19,7.85,7.7
1974-07-30,7.84,7.26,8.47,8.27,7.89,7.7
1974-07-31,7.67,7.26,8.46,8.26,7.89,7.7
1974-08-01,7.94,7.26,8.57,8.31,7.92,7.7
1974-08-02,8.33,7.26,8.68,8.41,7.96,7.7
1974-08-05,8.33,7.26,8.61,8.38,7.99,7.7
1974-08-06,8.65,7.26,8.53,8.32,7.97,7.7
1974-08-07,8.84,7.26,8.62,8.35,7.97,7.7
1974-08-08,9.02,7.26,8.59,8.35,7.97,7.7
1974-08-09,8.93,7.26,8.62,8.39,8.03,7.7
1974-08-12,8.75,7.26,8.58,8.37,8.05,7.7
1974-08-13,8.73,7.26,8.6,8.38,8.06,7.7
1974-08-14,8.76,7.26,8.58,8.39,8.05,7.7
1974-08-15,8.76,7.26,8.57,8.36,8.02,7.7
1974-08-16,8.74,7.26,8.53,8.39,8,7.7
1974-08-19,8.84,7.26,8.53,8.36,7.98,7.7
1974-08-20,9.05,7.26,8.56,8.39,7.99,7.7
1974-08-21,9.31,7.26,8.65,8.45,8.05,7.7
1974-08-22,9.49,7.26,8.74,8.49,8.09,7.7
1974-08-23,9.74,7.26,8.79,8.56,8.15,7.7
1974-08-26,9.61,7.26,8.77,8.54,8.16,7.7
1974-08-27,9.72,7.26,8.72,8.5,8.15,7.7
1974-08-28,9.59,7.26,8.71,8.49,8.15,7.7
1974-08-29,9.02,7.26,8.68,8.48,8.15,7.7
1974-08-30,8.93,7.26,8.63,8.44,8.11,7.7
1974-09-03,9.41,7.26,8.65,8.45,8.11,7.7
1974-09-04,9.36,7.26,8.63,8.46,8.12,7.7
1974-09-05,9.33,7.26,8.59,8.42,8.1,7.7
1974-09-06,9.26,7.26,8.57,8.41,8.09,7.7
1974-09-09,9.15,7.26,8.49,8.37,8.02,7.7
1974-09-10,9.07,7.26,8.5,8.4,8.04,7.7
1974-09-11,9.06,7.26,8.49,8.33,8.05,7.7
1974-09-12,9.25,7.26,8.57,8.38,8.13,7.7
1974-09-13,8.96,7.26,8.53,8.35,8.13,7.7
1974-09-16,8.11,7.26,8.45,8.3,8.1,7.7
1974-09-17,8.09,7.26,8.41,8.29,8.09,7.7
1974-09-18,7.83,7.26,8.35,8.25,8.08,7.7
1974-09-19,7.12,7.26,8.3,8.22,8.04,7.7
1974-09-20,7.07,7.26,8.26,8.17,8.02,7.7
1974-09-23,6.93,7.26,8.15,8.03,7.91,7.7
1974-09-24,6.99,7.26,8.16,8.05,7.94,7.7
1974-09-25,7.07,7.26,8.16,8.05,7.94,7.7
1974-09-26,6.89,7.26,8.11,8.02,7.96,7.7
1974-09-27,6.17,7.26,8.07,7.99,7.94,7.7
1974-09-30,6.12,7.26,8.05,8.02,7.94,7.7
1974-10-01,6.69,7.26,8.11,8.06,7.97,7.7
1974-10-02,6.79,7.26,8.13,8.07,7.98,7.7
1974-10-03,7.06,7.26,8.14,8.08,8.04,7.7
1974-10-04,6.52,7.26,8.05,8.02,8.02,7.7
1974-10-07,6.52,7.26,7.98,7.99,8.01,7.7
1974-10-08,6.91,7.26,7.97,7.97,7.95,7.7
1974-10-09,7.34,7.26,8.02,7.97,7.95,7.7
1974-10-10,7.8,7.26,7.99,7.94,7.93,7.7
1974-10-11,7.63,7.26,7.93,7.9,7.88,7.7
1974-10-15,7.74,7.26,7.92,7.88,7.87,7.7
1974-10-16,7.72,7.26,7.96,7.91,7.87,7.7
1974-10-17,7.82,7.26,7.98,7.92,7.88,7.7
1974-10-18,7.63,7.26,7.88,7.86,7.86,7.7
1974-10-21,7.59,7.26,7.85,7.82,7.81,7.7
1974-10-22,7.43,7.26,7.86,7.81,7.81,7.7
1974-10-23,7.55,7.26,7.88,7.82,7.85,7.7
1974-10-24,7.63,7.26,7.9,7.84,7.87,7.7
1974-10-25,7.82,7.26,7.92,7.85,7.86,7.7
1974-10-28,8.14,7.26,7.98,7.89,7.88,7.7
1974-10-29,8.03,7.26,7.95,7.86,7.84,7.7
1974-10-30,7.98,7.26,7.95,7.85,7.81,7.7
1974-10-31,7.8,7.26,7.94,7.84,7.79,7.7
1974-11-01,7.78,7.26,7.95,7.86,7.8,7.7
1974-11-04,7.82,7.26,7.91,7.84,7.8,7.7
1974-11-06,7.62,7.26,7.87,7.8,7.76,7.7
1974-11-07,7.62,7.26,7.81,7.76,7.74,7.7
1974-11-08,7.58,7.26,7.79,7.75,7.72,7.7
1974-11-12,7.35,7.26,7.76,7.76,7.78,7.7
1974-11-13,7.18,7.26,7.76,7.75,7.75,7.7
1974-11-14,7.17,7.26,7.7,7.7,7.72,7.7
1974-11-15,7.32,7.26,7.6,7.61,7.61,7.7
1974-11-18,7.52,7.26,7.61,7.63,7.63,7.7
1974-11-19,7.46,7.26,7.6,7.61,7.63,7.7
1974-11-20,7.41,7.26,7.55,7.57,7.59,7.7
1974-11-21,7.51,7.26,7.55,7.58,7.6,7.7
1974-11-22,7.4,7.26,7.54,7.57,7.6,7.7
1974-11-25,7.31,7.26,7.53,7.57,7.62,7.7
1974-11-26,7.42,7.26,7.56,7.6,7.63,7.7
1974-11-27,7.6,7.26,7.56,7.6,7.64,7.7
1974-11-29,7.47,7.26,7.56,7.6,7.64,7.7
1974-12-02,7.31,7.26,7.6,7.73,7.71,7.7
1974-12-03,7.53,7.26,7.64,7.74,7.74,7.7
1974-12-04,7.47,7.26,7.57,7.66,7.68,7.7
1974-12-05,7.48,7.26,7.52,7.63,7.64,7.7
1974-12-06,7.42,7.26,7.47,7.57,7.59,7.7
1974-12-09,7.24,7.26,7.25,7.36,7.4,7.7
1974-12-10,7.15,7.26,7.27,7.39,7.42,7.7
1974-12-11,7.12,7.26,7.22,7.33,7.38,7.7
1974-12-12,7.38,7.26,7.26,7.36,7.39,7.7
1974-12-13,7.31,7.26,7.2,7.32,7.38,7.7
1974-12-16,7.14,7.26,7.21,7.28,7.34,7.7
1974-12-17,6.77,7.26,7.13,7.21,7.28,7.7
1974-12-18,6.81,7.26,7.09,7.16,7.25,7.7
1974-12-19,6.89,7.26,7.1,7.18,7.25,7.7
1974-12-20,6.97,7.26,7.1,7.2,7.27,7.7
1974-12-23,7.13,7.26,7.29,7.35,7.41,7.7
1974-12-24,6.98,7.26,7.33,7.35,7.43,7.7
1974-12-26,6.95,7.26,7.27,7.29,7.37,7.7
1974-12-27,6.96,7.26,7.27,7.29,7.39,7.7
1974-12-30,7.11,7.26,7.34,7.32,7.39,7.7
1974-12-31,7.06,7.26,7.36,7.34,7.4,7.7
1975-01-02,6.9,7.26,7.34,7.34,7.42,7.7
1975-01-03,6.76,7.26,7.36,7.36,7.43,7.7
1975-01-06,6.7,7.26,7.34,7.33,7.39,7.7
1975-01-07,6.51,7.26,7.35,7.34,7.38,7.7
1975-01-08,6.54,7.26,7.32,7.33,7.39,7.7
1975-01-09,6.55,7.26,7.29,7.32,7.35,7.7
1975-01-10,6.64,7.26,7.34,7.35,7.37,7.7
1975-01-13,6.74,7.26,7.4,7.42,7.46,7.7
1975-01-14,6.55,7.26,7.41,7.46,7.49,7.7
1975-01-15,6.65,7.26,7.49,7.51,7.54,7.7
1975-01-16,6.49,7.26,7.48,7.52,7.54,7.7
1975-01-17,6.29,7.26,7.45,7.49,7.53,7.7
1975-01-20,6.42,7.26,7.54,7.56,7.59,7.7
1975-01-21,6.24,7.26,7.48,7.51,7.55,7.7
1975-01-22,6.17,7.26,7.45,7.48,7.51,7.7
1975-01-23,5.59,7.26,7.5,7.54,7.57,7.7
1975-01-24,5.49,7.26,7.45,7.54,7.64,7.7
1975-01-27,5.57,7.26,7.44,7.52,7.61,7.7
1975-01-28,5.66,7.26,7.42,7.52,7.61,7.7
1975-01-29,5.77,7.26,7.38,7.5,7.59,7.7
1975-01-30,5.73,7.26,7.35,7.45,7.54,7.7
1975-01-31,5.68,7.26,7.34,7.44,7.53,7.7
1975-02-03,5.66,7.26,7.25,7.39,7.49,7.7
1975-02-04,5.6,7.26,7.19,7.37,7.47,7.7
1975-02-05,5.45,7.26,7.08,7.24,7.35,7.7
1975-02-06,5.6,7.26,7.11,7.26,7.43,7.7
1975-02-07,5.74,7.26,7.11,7.28,7.38,7.7
1975-02-10,5.83,7.26,7.22,7.36,7.45,7.7
1975-02-11,5.7,7.26,7.19,7.33,7.42,7.7
1975-02-13,5.62,7.26,7.19,7.36,7.44,7.7
1975-02-14,5.45,7.26,7.07,7.25,7.35,7.7
1975-02-18,5.32,7.26,7,7.17,7.28,7.7
1975-02-19,5.3,7.26,6.93,7.16,7.26,7.7
1975-02-20,5.23,7.26,7,7.2,7.3,7.7
1975-02-21,5.16,7.26,7.03,7.18,7.22,7.7
1975-02-24,5.32,7.26,7.03,7.26,7.36,7.7
1975-02-25,5.44,7.26,7.13,7.35,7.43,7.7
1975-02-26,5.62,7.26,7.2,7.42,7.5,7.7
1975-02-27,5.56,7.26,7.17,7.4,7.47,7.7
1975-02-28,5.4,7.26,7.13,7.38,7.46,7.7
1975-03-03,5.59,7.26,7.2,7.42,7.5,7.7
1975-03-04,5.62,7.26,7.22,7.45,7.53,7.7
1975-03-05,5.53,7.26,7.14,7.4,7.48,7.7
1975-03-06,5.53,7.26,7.16,7.42,7.49,7.7
1975-03-07,5.58,7.26,7.21,7.45,7.52,7.7
1975-03-10,5.64,7.26,7.25,7.49,7.56,7.7
1975-03-11,5.48,7.26,7.2,7.52,7.58,7.7
1975-03-12,5.41,7.26,7.2,7.5,7.58,7.7
1975-03-13,5.4,7.26,7.19,7.48,7.56,7.7
1975-03-14,5.38,7.26,7.21,7.5,7.58,7.7
1975-03-17,5.41,7.26,7.32,7.62,7.7,7.7
1975-03-18,5.42,7.26,7.31,7.62,7.7,7.7
1975-03-19,5.49,7.26,7.39,7.72,7.8,7.7
1975-03-20,5.35,7.26,7.37,7.68,7.95,7.7
1975-03-21,5.4,7.26,7.4,7.7,7.84,7.7
1975-03-24,5.55,7.26,7.45,7.78,8.05,7.7
1975-03-25,5.54,7.26,7.43,7.75,8.03,7.7
1975-03-26,5.52,7.26,7.46,7.57,8.02,7.7
1975-03-27,5.49,7.26,7.46,7.75,8.08,7.7
1975-03-31,5.53,7.26,7.5,7.77,8.01,7.7
1975-04-01,5.64,7.26,7.65,7.88,8.08,7.7
1975-04-02,5.64,7.26,7.82,8.03,8.22,7.7
1975-04-03,5.6,7.26,7.83,7.97,8.13,7.7
1975-04-04,5.68,7.26,7.84,7.98,8.15,7.7
1975-04-07,6.01,7.26,8.06,8.15,8.26,7.7
1975-04-08,5.7,7.26,7.97,8.09,8.21,7.7
1975-04-09,5.7,7.26,7.93,8.04,8.17,7.7
1975-04-10,5.71,7.26,7.97,8.08,8.19,7.7
1975-04-11,5.56,7.26,7.96,8.1,8.22,7.7
1975-04-14,5.53,7.26,7.9,8.02,8.16,7.7
1975-04-15,5.48,7.26,7.9,8.02,8.16,7.7
1975-04-16,5.34,7.26,7.9,8.02,8.15,7.7
1975-04-17,5.4,7.26,7.99,8.1,8.21,7.7
1975-04-18,5.44,7.26,8.05,8.16,8.27,7.7
1975-04-21,5.55,7.26,8.16,8.23,8.32,7.7
1975-04-22,5.75,7.26,8.13,8.22,8.32,7.7
1975-04-23,5.69,7.26,8.09,8.18,8.27,7.7
1975-04-24,5.67,7.26,8.07,8.16,8.25,7.7
1975-04-25,5.63,7.26,8.07,8.16,8.25,7.7
1975-04-28,5.62,7.26,8.17,8.25,8.35,7.7
1975-04-29,5.6,7.26,8.12,8.24,8.34,7.7
1975-04-30,5.5,7.26,8.12,8.22,8.31,7.7
1975-05-01,5.5,7.26,8.13,8.22,8.31,7.7
1975-05-02,5.31,7.26,7.86,7.97,8.11,7.7
1975-05-05,5.34,7.26,7.83,7.95,8.08,7.7
1975-05-06,5.44,7.26,7.89,8,8.11,7.7
1975-05-07,5.47,7.26,7.82,7.93,8.07,7.7
1975-05-08,5.43,7.26,7.78,7.95,8.09,7.7
1975-05-09,5.38,7.26,7.79,7.95,8.08,7.7
1975-05-12,5.16,7.26,7.74,7.93,8.07,7.7
1975-05-13,5,7.26,7.7,7.9,8.06,7.7
1975-05-14,4.94,7.26,7.64,7.86,8.02,7.7
1975-05-15,5.05,7.26,7.68,7.9,8.02,7.7
1975-05-16,5.06,7.26,7.64,7.85,8.01,7.7
1975-05-19,5.11,7.26,7.62,7.85,8,7.7
1975-05-20,5.11,7.26,7.59,7.81,7.98,7.7
1975-05-21,5.16,7.26,7.6,7.82,7.98,7.7
1975-05-22,5.2,7.26,7.63,7.85,8.02,7.7
1975-05-23,5.21,7.26,7.61,7.79,8.02,7.7
1975-05-27,5.27,7.26,7.6,7.77,7.98,7.7
1975-05-28,5.21,7.26,7.64,7.81,8.02,7.7
1975-05-29,5.22,7.26,7.72,7.96,8.18,7.7
1975-05-30,5.2,7.26,7.61,7.84,8.04,7.7
1975-06-02,5.25,7.26,7.62,7.84,8.02,7.7
1975-06-03,5.24,7.26,7.62,7.83,8,7.7
1975-06-04,5.24,7.26,7.57,7.8,7.99,7.7
1975-06-05,5.22,7.26,7.52,7.78,7.97,7.7
1975-06-06,5.21,7.26,7.48,7.7,7.88,7.7
1975-06-09,5.12,7.26,7.36,7.59,7.78,7.7
1975-06-10,5.08,7.26,7.35,7.58,7.77,7.7
1975-06-11,4.95,7.26,7.23,7.45,7.65,7.7
1975-06-12,4.89,7.26,7.24,7.44,7.67,7.7
1975-06-13,4.94,7.26,7.22,7.45,7.69,7.7
1975-06-16,4.88,7.26,7.21,7.42,7.66,7.7
1975-06-17,5.03,7.26,7.3,7.5,7.72,7.7
1975-06-18,5.36,7.26,7.41,7.63,7.83,7.7
1975-06-19,5.22,7.26,7.44,7.61,7.8,7.7
1975-06-20,5.7,7.26,7.62,7.81,7.94,7.7
1975-06-23,5.65,7.26,7.64,7.76,7.9,7.7
1975-06-24,5.75,7.26,7.64,7.78,7.9,7.7
1975-06-25,5.82,7.26,7.83,7.95,8.02,7.7
1975-06-26,6,7.26,7.85,7.9,7.98,7.7
1975-06-27,5.78,7.26,7.78,7.85,7.95,7.7
1975-06-30,5.86,7.26,7.82,7.88,7.96,7.7
1975-07-01,6.02,7.26,7.85,7.9,7.97,7.7
1975-07-02,6.02,7.26,7.88,7.99,8.05,7.7
1975-07-03,6,7.26,7.94,8,8.05,7.7
1975-07-07,6.06,7.26,7.93,8,8.06,7.7
1975-07-08,6.06,7.26,7.86,7.94,8.01,7.7
1975-07-09,6.1,7.26,7.88,7.96,8.02,7.7
1975-07-10,6.04,7.26,7.92,7.96,8.02,7.7
1975-07-11,6.02,7.26,7.82,7.9,7.99,7.7
1975-07-14,6.03,7.26,7.77,7.87,7.99,7.7
1975-07-15,6.05,7.26,7.82,7.9,7.98,7.7
1975-07-16,6.07,7.26,7.89,7.96,8.03,7.7
1975-07-17,6.03,7.26,7.88,7.96,8.04,7.7
1975-07-18,6.05,7.26,7.92,7.99,8.06,7.7
1975-07-21,6.2,7.26,7.97,8.03,8.07,7.7
1975-07-22,6.34,7.26,7.98,8.04,8.1,7.7
1975-07-23,6.34,7.26,7.96,8.03,8.09,7.7
1975-07-24,6.19,7.26,7.96,8.02,8.09,7.7
1975-07-25,6.27,7.26,8,8.05,8.12,7.7
1975-07-28,6.3,7.26,7.98,8.04,8.12,7.7
1975-07-29,6.3,7.26,8,8.06,8.13,7.7
1975-07-30,6.2,7.26,8.03,8.1,8.16,7.7
1975-07-31,6.25,7.26,8.07,8.14,8.2,7.7
1975-08-01,6.35,7.26,8.18,8.22,8.26,7.7
1975-08-04,6.4,7.26,8.26,8.33,8.37,7.7
1975-08-05,6.45,7.26,8.28,8.34,8.37,7.7
1975-08-06,6.41,7.26,8.29,8.37,8.4,7.7
1975-08-07,6.44,7.26,8.4,8.46,8.48,7.7
1975-08-08,6.41,7.26,8.32,8.39,8.4,7.7
1975-08-11,6.37,7.26,8.25,8.32,8.38,7.7
1975-08-12,6.4,7.26,8.34,8.38,8.4,7.7
1975-08-13,6.45,7.26,8.33,8.37,8.39,7.7
1975-08-14,6.45,7.26,8.39,8.43,8.45,7.7
1975-08-15,6.42,7.26,8.44,8.46,8.48,7.7
1975-08-18,6.42,7.26,8.4,8.43,8.46,7.7
1975-08-19,6.47,7.26,8.36,8.39,8.42,7.7
1975-08-20,6.46,7.26,8.38,8.4,8.42,7.7
1975-08-21,6.48,7.26,8.46,8.47,8.48,7.7
1975-08-22,6.46,7.26,8.4,8.43,8.46,7.7
1975-08-25,6.53,7.26,8.42,8.44,8.46,7.7
1975-08-26,6.58,7.26,8.34,8.36,8.4,7.7
1975-08-27,6.55,7.26,8.27,8.32,8.37,7.7
1975-08-28,6.42,7.26,8.22,8.24,8.28,7.7
1975-08-29,6.36,7.26,8.16,8.17,8.22,7.7
1975-09-02,6.42,7.26,8.2,8.22,8.26,7.7
1975-09-03,6.39,7.26,8.21,8.24,8.29,7.7
1975-09-04,6.33,7.26,8.22,8.25,8.29,7.7
1975-09-05,6.39,7.26,8.31,8.34,8.35,7.7
1975-09-08,6.41,7.26,8.31,8.34,8.36,7.7
1975-09-09,6.41,7.26,8.35,8.37,8.4,7.7
1975-09-10,6.42,7.26,8.41,8.43,8.46,7.7
1975-09-11,6.46,7.26,8.52,8.54,8.55,7.7
1975-09-12,6.45,7.26,8.53,8.55,8.57,7.7
1975-09-15,6.5,7.26,8.56,8.57,8.58,7.7
1975-09-16,6.54,7.26,8.56,8.57,8.59,7.7
1975-09-17,6.45,7.26,8.48,8.5,8.53,7.7
1975-09-18,6.38,7.26,8.45,8.47,8.5,7.7
1975-09-19,6.36,7.26,8.34,8.37,8.42,7.7
1975-09-22,6.34,7.26,8.22,8.28,8.38,7.7
1975-09-23,6.36,7.26,8.27,8.3,8.35,7.7
1975-09-24,6.35,7.26,8.22,8.26,8.31,7.7
1975-09-25,6.4,7.26,8.3,8.34,8.38,7.7
1975-09-26,6.43,7.26,8.4,8.42,8.45,7.7
1975-09-29,6.43,7.26,8.4,8.43,8.46,7.7
1975-09-30,6.58,7.26,8.42,8.45,8.48,7.7
1975-10-01,6.53,7.26,8.4,8.44,8.47,7.7
1975-10-02,6.48,7.26,8.35,8.39,8.44,7.7
1975-10-03,6.29,7.26,8.13,8.21,8.33,7.7
1975-10-06,6.24,7.26,8.12,8.21,8.3,7.7
1975-10-07,6.33,7.26,8.19,8.25,8.33,7.7
1975-10-08,6.27,7.26,8.18,8.24,8.3,7.7
1975-10-09,6.22,7.26,8.15,8.18,8.23,7.7
1975-10-10,6.09,7.26,8.04,8.08,8.15,7.7
1975-10-14,6.09,7.26,8.1,8.14,8.19,7.7
1975-10-15,6.1,7.26,8.1,8.14,8.19,7.7
1975-10-16,5.97,7.26,7.91,7.97,8.07,7.7
1975-10-17,5.89,7.26,7.92,7.98,8.07,7.7
1975-10-20,5.9,7.26,7.92,7.98,8.07,7.7
1975-10-21,5.66,7.26,7.87,7.96,8.05,7.7
1975-10-22,5.73,7.26,7.87,7.96,8.05,7.7
1975-10-23,5.72,7.26,7.77,7.89,7.99,7.7
1975-10-24,5.66,7.26,7.79,7.89,8,7.7
1975-10-27,5.72,7.26,7.82,7.91,8,7.7
1975-10-28,5.63,7.26,7.8,7.91,7.99,7.7
1975-10-29,5.56,7.26,7.72,7.9,7.98,7.7
1975-10-30,5.46,7.26,7.62,7.81,7.92,7.7
1975-10-31,5.51,7.26,7.66,7.82,7.91,7.7
1975-11-03,5.57,7.26,7.75,7.89,7.97,7.7
1975-11-05,5.53,7.26,7.65,7.83,7.91,7.7
1975-11-06,5.51,7.26,7.69,7.86,7.94,7.7
1975-11-07,5.38,7.26,7.59,7.8,7.91,7.7
1975-11-10,5.3,7.26,7.54,7.78,7.9,7.7
1975-11-12,5.36,7.26,7.62,7.84,7.95,7.7
1975-11-13,5.37,7.26,7.68,7.88,7.97,7.7
1975-11-14,5.45,7.26,7.84,8.02,8.06,7.7
1975-11-17,5.45,7.26,7.87,8.03,8.08,7.7
1975-11-18,5.47,7.26,7.91,8.06,8.13,7.7
1975-11-19,5.47,7.26,7.94,8.08,8.14,7.7
1975-11-20,5.46,7.26,7.88,8.06,8.12,7.7
1975-11-21,5.6,7.26,8.01,8.18,8.21,7.7
1975-11-24,5.52,7.26,7.9,8.12,8.16,7.7
1975-11-25,5.56,7.26,7.93,8.12,8.16,7.7
1975-11-26,5.55,7.26,7.92,8.1,8.15,7.7
1975-11-28,5.54,7.26,7.9,8.08,8.14,7.7
1975-12-01,5.55,7.26,7.87,8.06,8.12,7.7
1975-12-02,5.57,7.26,7.86,8.03,8.1,7.7
1975-12-03,5.56,7.26,7.84,8.02,8.1,7.7
1975-12-04,5.61,7.26,7.89,8.1,8.15,7.7
1975-12-05,5.58,7.26,7.88,8.07,8.13,7.7
1975-12-08,5.58,7.26,7.97,8.15,8.19,7.7
1975-12-09,5.68,7.26,8,8.19,8.23,7.7
1975-12-10,5.64,7.26,8,8.19,8.23,7.7
1975-12-11,5.56,7.26,7.94,8.1,8.16,7.7
1975-12-12,5.56,7.26,7.91,8.06,8.12,7.7
1975-12-15,5.51,7.26,7.87,7.98,8.06,7.7
1975-12-16,5.51,7.26,7.82,7.93,8,7.7
1975-12-17,5.45,7.26,7.7,7.87,7.95,7.7
1975-12-18,5.44,7.26,7.73,7.89,7.96,7.7
1975-12-19,5.28,7.26,7.61,7.81,7.88,7.7
1975-12-22,5.34,7.26,7.64,7.8,7.87,7.7
1975-12-23,5.33,7.26,7.62,7.8,7.87,7.7
1975-12-24,5.27,7.26,7.59,7.74,7.82,7.7
1975-12-26,5.17,7.26,7.48,7.64,7.75,7.7
1975-12-29,5.18,7.26,7.51,7.64,7.75,7.7
1975-12-30,5.18,7.26,7.46,7.63,7.73,7.7
1975-12-31,5.2,7.26,7.5,7.68,7.76,7.7
1976-01-02,5.2,7.26,7.54,7.68,7.77,7.7
1976-01-05,5.23,7.26,7.5,7.64,7.74,7.7
1976-01-06,5.15,7.26,7.41,7.56,7.64,7.7
1976-01-07,5.08,7.26,7.43,7.59,7.69,7.7
1976-01-08,5,7.26,7.47,7.64,7.74,7.7
1976-01-09,4.87,7.26,7.37,7.53,7.64,7.7
1976-01-12,4.83,7.26,7.34,7.53,7.63,7.7
1976-01-13,4.83,7.26,7.34,7.54,7.64,7.7
1976-01-14,4.85,7.26,7.41,7.61,7.71,7.7
1976-01-15,4.84,7.26,7.47,7.66,7.73,7.7
1976-01-16,4.87,7.26,7.53,7.74,7.79,7.7
1976-01-19,4.79,7.26,7.46,7.69,7.76,7.7
1976-01-20,4.83,7.26,7.52,7.73,7.71,7.7
1976-01-21,4.79,7.26,7.48,7.7,7.78,7.7
1976-01-22,4.79,7.26,7.51,7.74,7.8,7.7
1976-01-23,4.68,7.26,7.45,7.7,7.78,7.7
1976-01-26,4.74,7.26,7.47,7.73,7.79,7.7
1976-01-27,4.75,7.26,7.48,7.74,7.8,7.7
1976-01-28,4.71,7.26,7.52,7.79,7.83,7.7
1976-01-29,4.68,7.26,7.46,7.78,7.82,7.7
1976-01-30,4.73,7.26,7.43,7.75,7.8,7.7
1976-02-02,4.8,7.26,7.44,7.75,7.8,7.7
1976-02-03,4.91,7.26,7.46,7.77,7.82,7.7
1976-02-04,4.96,7.26,7.5,7.82,7.85,7.7
1976-02-05,4.92,7.26,7.47,7.78,7.83,7.7
1976-02-06,4.9,7.26,7.49,7.82,7.88,7.7
1976-02-09,4.84,7.26,7.47,7.81,7.86,7.7
1976-02-10,4.87,7.26,7.49,7.82,7.88,7.7
1976-02-11,4.83,7.26,7.5,7.79,7.85,7.7
1976-02-13,4.85,7.26,7.5,7.74,7.82,7.7
1976-02-17,4.88,7.26,7.44,7.68,7.78,7.7
1976-02-18,4.92,7.26,7.47,7.7,7.79,7.7
1976-02-19,4.88,7.26,7.45,7.71,7.8,7.7
1976-02-20,4.81,7.26,7.41,7.68,7.77,7.7
1976-02-23,4.84,7.26,7.39,7.63,7.72,7.7
1976-02-24,4.9,7.26,7.39,7.62,7.69,7.7
1976-02-25,4.87,7.26,7.37,7.6,7.68,7.7
1976-02-26,4.88,7.26,7.37,7.59,7.68,7.7
1976-02-27,5,7.26,7.46,7.68,7.77,7.7
1976-03-01,5.2,7.26,7.57,7.78,7.86,7.7
1976-03-02,5.25,7.26,7.53,7.74,7.82,7.7
1976-03-03,5.2,7.26,7.56,7.75,7.82,7.7
1976-03-04,5.22,7.26,7.61,7.78,7.85,7.7
1976-03-05,5.13,7.26,7.56,7.72,7.8,7.7
1976-03-08,5.07,7.26,7.54,7.68,7.76,7.7
1976-03-09,5,7.26,7.56,7.7,7.78,7.7
1976-03-10,4.97,7.26,7.56,7.68,7.76,7.7
1976-03-11,4.99,7.26,7.56,7.69,7.77,7.7
1976-03-12,4.9,7.26,7.5,7.64,7.71,7.7
1976-03-15,4.94,7.26,7.52,7.67,7.74,7.7
1976-03-16,5.01,7.26,7.54,7.68,7.76,7.7
1976-03-17,5,7.26,7.52,7.68,7.76,7.7
1976-03-18,4.98,7.26,7.48,7.63,7.73,7.7
1976-03-19,4.96,7.26,7.49,7.64,7.74,7.7
1976-03-22,4.86,7.26,7.43,7.59,7.68,7.7
1976-03-23,4.89,7.26,7.41,7.58,7.67,7.7
1976-03-24,4.86,7.26,7.4,7.56,7.65,7.7
1976-03-25,4.85,7.26,7.38,7.55,7.64,7.7
1976-03-26,4.88,7.26,7.38,7.56,7.64,7.7
1976-03-29,4.9,7.26,7.37,7.56,7.64,7.7
1976-03-30,4.99,7.26,7.4,7.56,7.65,7.7
1976-03-31,4.97,7.26,7.39,7.57,7.66,7.7
1976-04-01,5.01,7.26,7.44,7.6,7.68,7.7
1976-04-02,4.96,7.26,7.38,7.56,7.67,7.7
1976-04-05,4.91,7.26,7.34,7.52,7.62,7.7
1976-04-06,4.9,7.26,7.31,7.48,7.59,7.7
1976-04-07,4.93,7.26,7.29,7.46,7.56,7.7
1976-04-08,4.9,7.26,7.24,7.42,7.55,7.7
1976-04-09,4.89,7.26,7.23,7.4,7.52,7.7
1976-04-12,4.84,7.26,7.2,7.38,7.52,7.7
1976-04-13,4.78,7.26,7.16,7.36,7.5,7.7
1976-04-14,4.79,7.26,7.14,7.32,7.47,7.7
1976-04-15,4.78,7.26,7.14,7.33,7.47,7.7
1976-04-19,4.77,7.26,7.18,7.36,7.51,7.7
1976-04-20,4.73,7.26,7.17,7.35,7.5,7.7
1976-04-21,4.69,7.26,7.12,7.32,7.47,7.7
1976-04-22,4.78,7.26,7.19,7.38,7.52,7.7
1976-04-23,4.92,7.26,7.31,7.46,7.59,7.7
1976-04-26,4.9,7.26,7.3,7.48,7.61,7.7
1976-04-27,4.89,7.26,7.31,7.49,7.62,7.7
1976-04-28,4.85,7.26,7.28,7.49,7.6,7.7
1976-04-29,4.86,7.26,7.25,7.46,7.61,7.7
1976-04-30,4.91,7.26,7.34,7.53,7.67,7.7
1976-05-03,4.88,7.26,7.36,7.56,7.69,7.7
1976-05-04,4.87,7.26,7.31,7.52,7.66,7.7
1976-05-05,4.86,7.26,7.34,7.56,7.68,7.7
1976-05-06,4.92,7.26,7.37,7.6,7.78,7.7
1976-05-07,5,7.26,7.45,7.72,7.87,7.7
1976-05-10,5.06,7.26,7.51,7.77,7.92,7.7
1976-05-11,5.08,7.26,7.52,7.73,7.92,7.7
1976-05-12,5.14,7.26,7.54,7.76,7.94,7.7
1976-05-13,5.1,7.26,7.53,7.74,7.92,7.7
1976-05-14,5.16,7.26,7.59,7.78,7.93,7.7
1976-05-17,5.22,7.26,7.63,7.83,7.94,7.7
1976-05-18,5.28,7.26,7.63,7.82,7.94,7.7
1976-05-19,5.31,7.26,7.64,7.84,7.94,7.7
1976-05-20,5.39,7.26,7.71,7.87,7.95,7.7
1976-05-21,5.44,7.26,7.81,7.93,8,7.7
1976-05-24,5.45,7.26,7.76,7.9,7.98,7.7
1976-05-25,5.46,7.26,7.72,7.86,7.94,7.7
1976-05-26,5.46,7.26,7.78,7.88,7.95,7.7
1976-05-27,5.49,7.26,7.82,7.92,7.99,7.7
1976-05-28,5.49,7.26,7.78,7.9,7.96,7.7
1976-06-01,5.55,7.26,7.71,7.84,7.94,7.7
1976-06-02,5.57,7.23,7.74,7.85,7.94,7.7
1976-06-03,5.52,7.22,7.75,7.86,7.92,7.7
1976-06-04,5.46,7.12,7.67,7.81,7.89,7.7
1976-06-07,5.45,7.09,7.64,7.79,7.88,7.7
1976-06-08,5.45,7.11,7.67,7.81,7.9,7.7
1976-06-09,5.44,7.08,7.66,7.8,7.9,7.7
1976-06-10,5.43,7,7.61,7.75,7.86,7.7
1976-06-11,5.42,7.03,7.58,7.74,7.86,7.7
1976-06-14,5.4,7.01,7.56,7.73,7.84,7.7
1976-06-15,5.37,7.02,7.59,7.74,7.85,7.7
1976-06-16,5.4,7.06,7.62,7.78,7.87,7.7
1976-06-17,5.38,7.06,7.6,7.76,7.85,7.7
1976-06-18,5.35,6.99,7.54,7.71,7.81,7.7
1976-06-21,5.36,6.95,7.51,7.66,7.8,7.7
1976-06-22,5.38,7.01,7.53,7.68,7.81,7.7
1976-06-23,5.33,7.01,7.53,7.68,7.81,7.7
1976-06-24,5.31,6.99,7.53,7.69,7.81,7.7
1976-06-25,5.31,7.02,7.56,7.7,7.83,7.7
1976-06-28,5.35,7.02,7.58,7.74,7.86,7.7
1976-06-29,5.37,7.02,7.59,7.74,7.86,7.7
1976-06-30,5.37,7.02,7.58,7.74,7.86,7.7
1976-07-01,5.36,7.02,7.59,7.74,7.88,7.7
1976-07-02,5.35,6.99,7.57,7.75,7.84,7.7
1976-07-06,5.39,6.96,7.55,7.74,7.82,7.7
1976-07-07,5.4,6.99,7.57,7.74,7.84,7.7
1976-07-08,5.33,6.92,7.52,7.72,7.82,7.7
1976-07-09,5.25,6.77,7.45,7.66,7.78,7.7
1976-07-12,5.16,6.72,7.4,7.63,7.76,7.7
1976-07-13,5.15,6.74,7.42,7.65,7.77,7.7
1976-07-14,5.15,6.76,7.43,7.66,7.79,7.7
1976-07-15,5.11,6.72,7.38,7.63,7.77,7.7
1976-07-16,5.2,6.85,7.47,7.7,7.83,7.7
1976-07-19,5.23,6.89,7.51,7.73,7.86,7.7
1976-07-20,5.24,6.91,7.52,7.74,7.87,7.7
1976-07-21,5.23,6.9,7.51,7.72,7.86,7.7
1976-07-22,5.23,6.91,7.52,7.74,7.86,7.7
1976-07-23,5.21,6.9,7.5,7.7,7.84,7.7
1976-07-26,5.19,6.86,7.51,7.74,7.87,7.7
1976-07-27,5.15,6.76,7.44,7.67,7.85,7.7
1976-07-28,5.17,6.79,7.48,7.71,7.85,7.7
1976-07-29,5.16,6.75,7.43,7.72,7.85,7.7
1976-07-30,5.17,6.74,7.47,7.7,7.86,7.7
1976-08-02,5.11,6.75,7.54,7.7,7.85,7.7
1976-08-03,5.14,6.72,7.5,7.65,7.82,7.7
1976-08-04,5.19,6.73,7.45,7.65,7.81,7.7
1976-08-05,5.19,6.74,7.4,7.66,7.82,7.7
1976-08-06,5.18,6.71,7.37,7.63,7.84,7.7
1976-08-09,5.18,6.68,7.38,7.64,7.84,7.7
1976-08-10,5.18,6.68,7.37,7.64,7.84,7.7
1976-08-11,5.17,6.66,7.33,7.62,7.82,7.7
1976-08-12,5.16,6.64,7.33,7.63,7.81,7.7
1976-08-13,5.16,6.6,7.28,7.58,7.78,7.7
1976-08-16,5.14,6.57,7.23,7.54,7.74,7.7
1976-08-17,5.15,6.57,7.26,7.56,7.75,7.7
1976-08-18,5.15,6.59,7.26,7.56,7.76,7.7
1976-08-19,5.15,6.61,7.29,7.57,7.76,7.7
1976-08-20,5.17,6.68,7.28,7.58,7.76,7.7
1976-08-23,5.14,6.62,7.23,7.53,7.73,7.7
1976-08-24,5.11,6.6,7.22,7.52,7.72,7.7
1976-08-25,5.1,6.53,7.19,7.49,7.69,7.7
1976-08-26,5.08,6.54,7.19,7.48,7.68,7.7
1976-08-27,5.13,6.6,7.26,7.54,7.72,7.7
1976-08-30,5.07,6.57,7.23,7.51,7.71,7.7
1976-08-31,5.09,6.5,7.16,7.45,7.66,7.7
1976-09-01,5.09,6.5,7.14,7.44,7.64,7.7
1976-09-02,5.1,6.54,7.18,7.47,7.67,7.7
1976-09-03,5.09,6.52,7.16,7.45,7.65,7.7
1976-09-07,5.09,6.46,7.15,7.43,7.64,7.7
1976-09-08,5.1,6.44,7.16,7.44,7.64,7.7
1976-09-09,5.12,6.49,7.19,7.47,7.66,7.7
1976-09-10,5.11,6.46,7.17,7.44,7.64,7.7
1976-09-13,5.12,6.47,7.2,7.46,7.64,7.7
1976-09-14,5.12,6.49,7.18,7.46,7.64,7.7
1976-09-15,5.11,6.45,7.17,7.43,7.62,7.7
1976-09-16,5.1,6.41,7.13,7.4,7.6,7.7
1976-09-17,5.06,6.26,7.04,7.32,7.49,7.7
1976-09-20,5.06,6.34,7.07,7.35,7.52,7.7
1976-09-21,5.03,6.3,7.06,7.34,7.51,7.7
1976-09-22,5.03,6.36,7.09,7.35,7.53,7.7
1976-09-23,5.04,6.35,7.09,7.35,7.54,7.7
1976-09-24,5.11,6.44,7.18,7.44,7.58,7.7
1976-09-27,5.08,6.41,7.14,7.41,7.6,7.7
1976-09-28,5.06,6.36,7.09,7.39,7.56,7.7
1976-09-29,5.07,6.36,7.08,7.38,7.56,7.7
1976-09-30,5.06,6.33,7.05,7.36,7.55,7.7
1976-10-01,5.04,6.24,6.95,7.29,7.49,7.7
1976-10-04,5.08,6.19,6.94,7.26,7.46,7.7
1976-10-05,5.1,6.19,6.94,7.26,7.47,7.7
1976-10-06,5.07,6.11,6.88,7.21,7.44,7.7
1976-10-07,5.03,6.09,6.86,7.2,7.43,7.7
1976-10-08,4.92,5.87,6.71,7.1,7.38,7.7
1976-10-12,4.89,5.8,6.64,7.08,7.35,7.7
1976-10-13,4.9,5.82,6.66,7.09,7.35,7.7
1976-10-14,4.85,5.81,6.63,7.09,7.34,7.7
1976-10-15,4.79,5.75,6.55,7.03,7.31,7.7
1976-10-18,4.79,5.77,6.55,7,7.31,7.7
1976-10-19,4.84,5.85,6.6,7.04,7.35,7.7
1976-10-20,4.84,5.95,6.64,7.1,7.38,7.7
1976-10-21,4.85,5.98,6.67,7.11,7.39,7.7
1976-10-22,4.89,6.07,6.78,7.2,7.48,7.7
1976-10-25,4.94,6.11,6.87,7.27,7.53,7.7
1976-10-26,4.9,6.05,6.83,7.23,7.48,7.7
1976-10-27,4.88,6.01,6.8,7.19,7.45,7.7
1976-10-28,4.88,5.99,6.76,7.17,7.41,7.7
1976-10-29,4.89,6.03,6.78,7.19,7.42,7.7
1976-11-01,4.84,6.03,6.7,7.14,7.38,7.7
1976-11-03,4.85,6.07,6.79,7.2,7.44,7.7
1976-11-04,4.79,5.95,6.72,7.12,7.38,7.7
1976-11-05,4.84,6.01,6.75,7.01,7.41,7.7
1976-11-08,4.89,6.04,6.82,7.06,7.46,7.7
1976-11-09,4.93,6.07,6.82,7.07,7.46,7.7
1976-11-10,4.92,6.03,6.78,7.05,7.45,7.7
1976-11-12,4.92,6.01,6.73,7.02,7.43,7.7
1976-11-15,4.9,6,6.7,7.01,7.41,7.7
1976-11-16,4.83,5.86,6.6,6.93,7.33,7.7
1976-11-17,4.81,5.82,6.56,6.9,7.32,7.7
1976-11-18,4.81,5.83,6.59,6.92,7.33,7.7
1976-11-19,4.67,5.67,6.44,6.78,7.24,7.7
1976-11-22,4.61,5.56,6.3,6.64,7.17,7.7
1976-11-23,4.64,5.59,6.28,6.64,7.16,7.7
1976-11-24,4.63,5.56,6.23,6.59,7.14,7.7
1976-11-26,4.51,5.41,5.99,6.39,6.99,7.7
1976-11-29,4.49,5.46,6.02,6.4,7.02,7.7
1976-11-30,4.42,5.42,6.05,6.4,7.01,7.7
1976-12-01,4.41,5.4,6.02,6.37,6.97,7.7
1976-12-02,4.4,5.34,6,6.34,6.92,7.7
1976-12-03,4.38,5.31,6.03,6.27,6.86,7.7
1976-12-06,4.38,5.37,6.05,6.3,6.87,7.7
1976-12-07,4.4,5.41,6.09,6.33,6.88,7.7
1976-12-08,4.44,5.43,6.13,6.35,6.91,7.7
1976-12-09,4.44,5.44,6.14,6.38,6.92,7.7
1976-12-10,4.37,5.31,6.02,6.27,6.82,7.7
1976-12-13,4.38,5.43,6.16,6.4,6.9,7.7
1976-12-14,4.34,5.39,6.13,6.38,6.89,7.7
1976-12-15,4.33,5.38,6.14,6.37,6.88,7.7
1976-12-16,4.33,5.4,6.14,6.37,6.88,7.7
1976-12-17,4.25,5.4,6.11,6.38,6.88,7.7
1976-12-20,4.24,5.34,6.08,6.37,6.84,7.7
1976-12-21,4.27,5.37,6.14,6.42,6.85,7.7
1976-12-22,4.28,5.34,6.12,6.4,6.86,7.7
1976-12-23,4.28,5.36,6.11,6.4,6.84,7.7
1976-12-27,4.3,5.37,6.13,6.42,6.84,7.7
1976-12-28,4.35,5.39,6.15,6.43,6.86,7.7
1976-12-29,4.37,5.39,6.16,6.42,6.84,7.7
1976-12-30,4.34,5.38,6.12,6.4,6.8,7.7
1976-12-31,4.34,5.34,6.13,6.42,6.81,7.7
1977-01-03,4.39,5.42,6.16,6.5,6.84,7.7
1977-01-04,4.49,5.5,6.19,6.56,6.9,7.7
1977-01-05,4.47,5.48,6.18,6.54,6.88,7.7
1977-01-06,4.5,5.57,6.23,6.59,6.93,7.7
1977-01-07,4.62,5.68,6.42,6.76,7.07,7.7
1977-01-10,4.61,5.79,6.6,6.99,7.2,7.7
1977-01-11,4.6,5.87,6.68,7.06,7.28,7.7
1977-01-12,4.57,5.84,6.6,6.98,7.26,7.7
1977-01-13,4.52,5.79,6.5,6.86,7.18,7.7
1977-01-14,4.61,5.96,6.59,6.96,7.28,7.7
1977-01-17,4.65,5.98,6.6,6.96,7.28,7.7
1977-01-18,4.69,6.04,6.7,7.06,7.34,7.7
1977-01-19,4.63,6.02,6.64,6.98,7.28,7.7
1977-01-20,4.63,6.01,6.64,6.97,7.26,7.7
1977-01-21,4.65,6.02,6.68,7,7.28,7.7
1977-01-24,4.71,6.09,6.77,7.04,7.34,7.7
1977-01-25,4.7,6.08,6.74,7.01,7.32,7.7
1977-01-26,4.71,6.09,6.76,7.02,7.33,7.7
1977-01-27,4.77,6.26,6.88,7.2,7.43,7.7
1977-01-28,4.73,6.22,6.86,7.16,7.4,7.7
1977-01-31,4.72,6.18,6.83,7.16,7.4,7.7
1977-02-01,4.74,6.2,6.91,7.18,7.41,7.7
1977-02-02,4.76,6.28,7.02,7.25,7.47,7.7
1977-02-03,4.73,6.2,6.93,7.22,7.46,7.7
1977-02-04,4.62,6.03,6.7,7.03,7.28,7.7
1977-02-07,4.62,6.04,6.75,7.1,7.34,7.7
1977-02-08,4.63,6.06,6.76,7.12,7.35,7.7
1977-02-09,4.62,6.01,6.73,7.1,7.34,7.7
1977-02-10,4.63,6.04,6.76,7.15,7.34,7.7
1977-02-11,4.61,6.02,6.76,7.15,7.36,7.7
1977-02-14,4.63,6.06,6.76,7.16,7.38,7.7
1977-02-15,4.63,6.04,6.72,7.14,7.36,7.7
1977-02-16,4.62,6.02,6.7,7.1,7.34,7.67
1977-02-17,4.61,5.99,6.67,7.05,7.26,7.67
1977-02-18,4.66,6.06,6.82,7.18,7.41,7.76
1977-02-22,4.69,6.09,6.84,7.18,7.42,7.77
1977-02-23,4.7,6.12,6.95,7.24,7.48,7.81
1977-02-24,4.73,6.2,7.02,7.27,7.5,7.82
1977-02-25,4.71,6.14,6.99,7.25,7.48,7.79
1977-02-28,4.7,6.08,6.98,7.23,7.45,7.8
1977-03-01,4.7,6.16,6.99,7.26,7.49,7.84
1977-03-02,4.64,6.12,6.93,7.19,7.45,7.81
1977-03-03,4.61,6.08,6.9,7.17,7.43,7.79
1977-03-04,4.63,6.1,6.98,7.24,7.48,7.82
1977-03-07,4.65,6.12,6.99,7.24,7.5,7.84
1977-03-08,4.66,6.14,6.99,7.25,7.52,7.84
1977-03-09,4.63,6.12,6.97,7.24,7.5,7.81
1977-03-10,4.62,6.11,6.95,7.22,7.49,7.81
1977-03-11,4.59,6.09,6.9,7.2,7.44,7.8
1977-03-14,4.57,6.06,6.89,7.17,7.45,7.8
1977-03-15,4.57,6.06,6.87,7.16,7.44,7.78
1977-03-16,4.62,6.08,6.9,7.17,7.44,7.79
1977-03-17,4.62,6.14,6.94,7.2,7.47,7.78
1977-03-18,4.59,6.08,6.9,7.16,7.44,7.76
1977-03-21,4.56,6.03,6.88,7.15,7.43,7.74
1977-03-22,4.56,6.04,6.87,7.15,7.43,7.77
1977-03-23,4.54,6.04,6.88,7.18,7.44,7.78
1977-03-24,4.59,6.07,6.9,7.19,7.46,7.78
1977-03-25,4.62,6.1,6.94,7.23,7.48,7.78
1977-03-28,4.59,6.11,6.96,7.22,7.47,7.8
1977-03-29,4.59,6.08,6.93,7.22,7.47,7.8
1977-03-30,4.57,6.05,6.95,7.22,7.44,7.8
1977-03-31,4.54,6.01,6.94,7.21,7.42,7.79
1977-04-01,4.54,6.02,6.92,7.21,7.43,7.78
1977-04-04,4.55,6.03,6.94,7.22,7.44,7.78
1977-04-05,4.6,6.01,6.95,7.23,7.47,7.78
1977-04-06,4.58,6.04,6.95,7.22,7.46,7.78
1977-04-07,4.58,6.02,6.93,7.21,7.43,7.78
1977-04-11,4.56,5.96,6.84,7.14,7.39,7.76
1977-04-12,4.59,5.98,6.83,7.15,7.39,7.76
1977-04-13,4.57,5.96,6.81,7.13,7.36,7.76
1977-04-14,4.52,5.73,6.56,6.93,7.22,7.63
1977-04-15,4.52,5.78,6.6,6.96,7.25,7.65
1977-04-18,4.51,5.8,6.61,6.96,7.25,7.64
1977-04-19,4.52,5.87,6.66,7.01,7.3,7.67
1977-04-20,4.5,5.95,6.71,7.05,7.32,7.69
1977-04-21,4.48,5.94,6.72,7.06,7.33,7.69
1977-04-22,4.53,5.99,6.8,7.1,7.36,7.73
1977-04-25,4.53,6.01,6.82,7.14,7.4,7.76
1977-04-26,4.5,6,6.76,7.08,7.38,7.74
1977-04-27,4.45,6.01,6.75,7.09,7.38,7.75
1977-04-28,4.39,6.03,6.78,7.14,7.4,7.76
1977-04-29,4.69,6.14,6.9,7.25,7.45,7.8
1977-05-02,4.75,6.15,6.94,7.25,7.45,7.8
1977-05-03,4.75,6.15,6.9,7.26,7.44,7.79
1977-05-04,4.69,6.11,6.89,7.25,7.45,7.78
1977-05-05,4.74,6.16,6.94,7.27,7.47,7.8
1977-05-06,4.8,6.24,7,7.32,7.5,7.86
1977-05-09,4.81,6.25,6.97,7.31,7.5,7.86
1977-05-10,4.94,6.27,6.99,7.33,7.52,7.86
1977-05-11,5.04,6.34,7.03,7.35,7.52,7.86
1977-05-12,5,6.32,6.98,7.31,7.5,7.86
1977-05-13,4.99,6.28,6.94,7.26,7.48,7.8
1977-05-16,4.99,6.26,6.92,7.24,7.46,7.79
1977-05-17,5,6.25,6.91,7.24,7.45,7.77
1977-05-18,4.98,6.24,6.89,7.22,7.43,7.77
1977-05-19,5.09,6.37,7,7.28,7.49,7.81
1977-05-20,5.17,6.43,7.01,7.29,7.49,7.81
1977-05-23,5.13,6.38,6.99,7.26,7.46,7.8
1977-05-24,5.1,6.3,6.93,7.21,7.41,7.76
1977-05-25,5.06,6.23,6.88,7.18,7.39,7.74
1977-05-26,5.03,6.24,6.86,7.23,7.42,7.76
1977-05-27,4.99,6.2,6.88,7.18,7.38,7.74
1977-05-31,5.03,6.18,6.87,7.16,7.38,7.74
1977-06-01,5.04,6.24,6.87,7.18,7.38,7.75
1977-06-02,5.04,6.2,6.87,7.18,7.39,7.74
1977-06-03,5.02,6.19,6.86,7.16,7.36,7.72
1977-06-06,5.04,6.18,6.87,7.15,7.37,7.72
1977-06-07,5.05,6.17,6.85,7.14,7.36,7.67
1977-06-08,5.06,6.15,6.84,7.13,7.36,7.67
1977-06-09,5.08,6.16,6.85,7.14,7.35,7.67
1977-06-10,5.06,6.15,6.78,7.07,7.3,7.66
1977-06-13,5.03,6.13,6.74,7.02,7.27,7.62
1977-06-14,5.01,6.08,6.68,6.98,7.22,7.59
1977-06-15,5.02,6.11,6.73,7.01,7.23,7.6
1977-06-16,5.02,6.12,6.74,7.02,7.24,7.62
1977-06-17,4.99,6.1,6.72,7.02,7.24,7.62
1977-06-20,5.01,6.11,6.74,7.04,7.27,7.63
1977-06-21,5.03,6.12,6.74,7.01,7.26,7.62
1977-06-22,5.02,6.12,6.7,7,7.25,7.61
1977-06-23,5.02,6.12,6.72,7.01,7.26,7.61
1977-06-24,4.98,6.1,6.68,6.97,7.2,7.59
1977-06-27,4.93,6.06,6.65,6.96,7.2,7.58
1977-06-28,4.96,6.06,6.64,6.93,7.16,7.56
1977-06-29,4.97,6.05,6.68,6.98,7.19,7.56
1977-06-30,4.98,6.08,6.7,7,7.2,7.58
1977-07-01,5.02,6.12,6.71,7.04,7.34,7.58
1977-07-05,5.12,6.12,6.75,7.06,7.35,7.63
1977-07-06,5.12,6.14,6.78,7.07,7.37,7.63
1977-07-07,5.11,6.15,6.78,7.07,7.29,7.62
1977-07-08,5.13,6.19,6.82,7.11,7.31,7.65
1977-07-11,5.14,6.22,6.83,7.12,7.33,7.65
1977-07-12,5.16,6.22,6.81,7.09,7.32,7.65
1977-07-13,5.16,6.19,6.75,7.05,7.28,7.62
1977-07-15,5.18,6.26,6.82,7.1,7.31,7.64
1977-07-18,5.18,6.3,6.84,7.13,7.34,7.64
1977-07-19,5.22,6.31,6.83,7.12,7.33,7.64
1977-07-20,5.23,6.35,6.85,7.12,7.32,7.64
1977-07-21,5.23,6.38,6.89,7.13,7.32,7.65
1977-07-22,5.17,6.35,6.88,7.12,7.31,7.65
1977-07-25,5.16,6.29,6.86,7.1,7.28,7.64
1977-07-26,5.16,6.28,6.86,7.1,7.28,7.64
1977-07-27,5.25,6.37,6.94,7.18,7.36,7.66
1977-07-28,5.39,6.48,7.01,7.26,7.41,7.7
1977-07-29,5.4,6.5,7.03,7.28,7.42,7.72
1977-08-01,5.35,6.49,7.02,7.28,7.43,7.7
1977-08-02,5.4,6.54,7.05,7.29,7.44,7.72
1977-08-03,5.33,6.53,7.02,7.25,7.42,7.7
1977-08-04,5.35,6.52,7.05,7.27,7.43,7.7
1977-08-05,5.34,6.53,7.02,7.27,7.42,7.72
1977-08-08,5.32,6.52,7.01,7.26,7.41,7.71
1977-08-09,5.53,6.58,7.06,7.29,7.45,7.73
1977-08-10,5.46,6.59,7.07,7.3,7.46,7.73
1977-08-11,5.52,6.64,7.08,7.31,7.47,7.74
1977-08-12,5.51,6.68,7.1,7.32,7.48,7.74
1977-08-15,5.54,6.71,7.11,7.33,7.48,7.74
1977-08-16,5.67,6.74,7.12,7.32,7.48,7.74
1977-08-17,5.6,6.72,7.08,7.27,7.44,7.72
1977-08-18,5.53,6.68,7.06,7.26,7.42,7.71
1977-08-19,5.48,6.67,7.04,7.25,7.4,7.68
1977-08-22,5.47,6.66,7.05,7.24,7.39,7.67
1977-08-23,5.55,6.64,7.02,7.2,7.36,7.65
1977-08-24,5.55,6.67,7.01,7.2,7.35,7.65
1977-08-25,5.53,6.62,6.98,7.16,7.32,7.62
1977-08-26,5.54,6.62,6.93,7.12,7.27,7.58
1977-08-29,5.57,6.56,6.9,7.08,7.25,7.58
1977-08-30,5.59,6.56,6.93,7.1,7.27,7.59
1977-08-31,5.56,6.59,6.94,7.11,7.28,7.6
1977-09-01,5.56,6.57,6.97,7.15,7.3,7.61
1977-09-02,5.53,6.53,6.93,7.11,7.24,7.58
1977-09-06,5.58,6.52,6.9,7.08,7.24,7.57
1977-09-07,5.6,6.54,6.95,7.12,7.26,7.59
1977-09-08,5.61,6.54,6.96,7.14,7.28,7.6
1977-09-09,5.8,6.76,7.09,7.26,7.36,7.65
1977-09-12,5.82,6.78,7.1,7.25,7.38,7.66
1977-09-13,5.9,6.75,7.06,7.24,7.37,7.66
1977-09-14,5.87,6.74,7.05,7.21,7.34,7.63
1977-09-15,5.87,6.7,7.04,7.2,7.33,7.63
1977-09-16,5.86,6.68,7.02,7.18,7.32,7.63
1977-09-19,5.86,6.66,7.02,7.17,7.32,7.63
1977-09-20,5.87,6.7,7.04,7.2,7.36,7.65
1977-09-21,5.87,6.71,7.05,7.21,7.36,7.66
1977-09-22,5.96,6.85,7.08,7.25,7.39,7.67
1977-09-23,5.95,6.86,7.09,7.26,7.39,7.67
1977-09-26,5.97,6.89,7.14,7.3,7.42,7.7
1977-09-27,5.92,6.8,7.07,7.24,7.38,7.68
1977-09-28,5.86,6.81,7.08,7.24,7.38,7.68
1977-09-29,5.83,6.79,7.1,7.25,7.39,7.68
1977-09-30,5.89,6.82,7.11,7.26,7.41,7.68
1977-10-03,5.95,6.84,7.13,7.29,7.41,7.7
1977-10-04,6.1,6.84,7.15,7.3,7.4,7.69
1977-10-05,6.13,6.86,7.16,7.29,7.4,7.69
1977-10-06,6.13,6.89,7.23,7.34,7.44,7.72
1977-10-07,6.12,6.96,7.25,7.38,7.48,7.73
1977-10-11,6.27,7.06,7.3,7.46,7.54,7.77
1977-10-12,6.36,7.14,7.34,7.48,7.54,7.79
1977-10-13,6.36,7.19,7.34,7.48,7.54,7.79
1977-10-14,6.29,7.17,7.31,7.46,7.54,7.79
1977-10-17,6.28,7.22,7.33,7.45,7.55,7.79
1977-10-18,6.28,7.23,7.36,7.49,7.55,7.8
1977-10-19,6.14,7.22,7.35,7.47,7.54,7.79
1977-10-20,6.09,7.2,7.36,7.47,7.54,7.78
1977-10-21,6.08,7.22,7.39,7.48,7.55,7.79
1977-10-24,6.13,7.2,7.39,7.5,7.56,7.8
1977-10-25,6.15,7.2,7.41,7.51,7.58,7.81
1977-10-26,6.1,7.17,7.4,7.5,7.57,7.81
1977-10-27,6.05,7.14,7.38,7.49,7.56,7.81
1977-10-28,6.01,7.14,7.38,7.48,7.56,7.81
1977-10-31,6.18,7.23,7.44,7.54,7.62,7.83
1977-11-01,6.22,7.23,7.47,7.57,7.63,7.86
1977-11-02,6.22,7.24,7.47,7.58,7.69,7.89
1977-11-03,6.2,7.22,7.45,7.57,7.68,7.92
1977-11-04,6.17,7.2,7.42,7.54,7.64,7.89
1977-11-07,6.16,7.17,7.4,7.51,7.62,7.88
1977-11-09,6.15,7.16,7.35,7.48,7.6,7.86
1977-11-10,6.13,7.15,7.34,7.43,7.59,7.86
1977-11-14,6.09,7.1,7.24,7.38,7.56,7.83
1977-11-15,6.1,7.11,7.26,7.41,7.56,7.84
1977-11-16,6.09,7.12,7.28,7.42,7.55,7.84
1977-11-17,6.05,7.1,7.28,7.42,7.54,7.83
1977-11-18,6.04,7.11,7.28,7.42,7.54,7.82
1977-11-21,6.07,7.12,7.3,7.42,7.56,7.83
1977-11-22,6.08,7.14,7.3,7.41,7.54,7.83
1977-11-23,6.05,7.11,7.3,7.41,7.52,7.81
1977-11-25,6.04,7.1,7.31,7.42,7.52,7.82
1977-11-28,6.04,7.11,7.31,7.42,7.53,7.82
1977-11-29,6.05,7.11,7.32,7.42,7.55,7.83
1977-11-30,6.04,7.11,7.36,7.45,7.55,7.83
1977-12-01,6.03,7.13,7.38,7.46,7.58,7.85
1977-12-02,6.02,7.15,7.4,7.5,7.59,7.86
1977-12-05,6.01,7.15,7.4,7.51,7.6,7.87
1977-12-06,6.07,7.15,7.44,7.54,7.63,7.88
1977-12-07,6.1,7.16,7.45,7.55,7.63,7.89
1977-12-08,6.08,7.16,7.46,7.55,7.64,7.9
1977-12-09,6.07,7.15,7.45,7.55,7.63,7.88
1977-12-12,6.07,7.16,7.46,7.56,7.64,7.89
1977-12-13,6.05,7.16,7.46,7.56,7.65,7.9
1977-12-14,6.05,7.16,7.46,7.57,7.66,7.91
1977-12-15,6.01,7.14,7.46,7.57,7.67,7.92
1977-12-16,5.99,7.13,7.44,7.56,7.67,7.93
1977-12-19,5.95,7.13,7.48,7.6,7.69,7.95
1977-12-20,6.01,7.14,7.5,7.62,7.74,7.99
1977-12-21,6,7.16,7.48,7.61,7.72,7.98
1977-12-22,6.11,7.26,7.52,7.64,7.75,7.99
1977-12-23,6.1,7.24,7.55,7.66,7.75,8
1977-12-27,6.16,7.25,7.57,7.67,7.77,8.02
1977-12-28,6.19,7.25,7.57,7.68,7.78,8.05
1977-12-29,6.17,7.26,7.58,7.77,7.82,8.06
1977-12-30,6.13,7.22,7.54,7.66,7.78,8.03
1978-01-03,6.18,7.24,7.58,7.72,7.83,8.08
1978-01-04,6.16,7.24,7.58,7.71,7.82,8.08
1978-01-05,6.2,7.26,7.58,7.71,7.83,8.07
1978-01-06,6.25,7.28,7.6,7.74,7.85,8.1
1978-01-09,6.64,7.58,7.86,7.93,8.01,8.21
1978-01-10,6.65,7.58,7.85,7.94,8.02,8.2
1978-01-11,6.68,7.6,7.87,7.95,8.03,8.22
1978-01-12,6.56,7.6,7.87,7.94,8.02,8.22
1978-01-13,6.48,7.57,7.82,7.89,7.98,8.2
1978-01-16,6.46,7.55,7.82,7.91,7.98,8.21
1978-01-17,6.5,7.54,7.81,7.89,7.98,8.19
1978-01-18,6.5,7.54,7.81,7.9,7.98,8.19
1978-01-19,6.48,7.55,7.81,7.88,7.97,8.19
1978-01-20,6.48,7.55,7.81,7.88,7.97,8.19
1978-01-23,6.43,7.53,7.78,7.88,7.97,8.19
1978-01-24,6.44,7.53,7.8,7.89,7.99,8.2
1978-01-25,6.46,7.53,7.82,7.91,8,8.23
1978-01-26,6.43,7.51,7.78,7.89,7.98,8.21
1978-01-27,6.42,7.48,7.77,7.88,7.97,8.21
1978-01-30,6.43,7.47,7.75,7.85,7.96,8.2
1978-01-31,6.42,7.47,7.72,7.83,7.94,8.18
1978-02-01,6.41,7.47,7.74,7.85,7.96,8.2
1978-02-02,6.42,7.48,7.75,7.88,7.96,8.2
1978-02-03,6.42,7.48,7.75,7.86,7.97,8.22
1978-02-06,6.45,7.5,7.78,7.91,7.99,8.24
1978-02-07,6.46,7.52,7.77,7.9,7.99,8.24
1978-02-08,6.44,7.52,7.79,7.91,8,8.24
1978-02-09,6.43,7.52,7.8,7.91,8.01,8.24
1978-02-10,6.44,7.53,7.81,7.92,8.02,8.24
1978-02-14,6.47,7.57,7.84,7.96,8.05,8.25
1978-02-15,6.5,7.59,7.87,7.99,8.08,8.27
1978-02-16,6.51,7.64,7.9,8.01,8.1,8.3
1978-02-17,6.45,7.63,7.88,7.99,8.09,8.29
1978-02-21,6.5,7.65,7.89,8,8.1,8.3
1978-02-22,6.47,7.65,7.91,8.01,8.1,8.3
1978-02-23,6.43,7.65,7.9,7.99,8.08,8.28
1978-02-24,6.4,7.61,7.88,7.96,8.04,8.27
1978-02-27,6.4,7.59,7.86,7.94,8.02,8.25
1978-02-28,6.42,7.57,7.86,7.95,8.04,8.25
1978-03-01,6.42,7.59,7.87,7.96,8.05,8.26
1978-03-02,6.39,7.59,7.87,7.96,8.04,8.25
1978-03-03,6.34,7.59,7.87,7.96,8.04,8.24
1978-03-06,6.32,7.58,7.87,7.96,8.05,8.25
1978-03-07,6.32,7.56,7.85,7.94,8.03,8.23
1978-03-08,6.29,7.54,7.85,7.95,8.03,8.23
1978-03-09,6.25,7.56,7.85,7.95,8.02,8.22
1978-03-10,6.28,7.54,7.82,7.92,8,8.21
1978-03-13,6.27,7.54,7.82,7.91,7.99,8.2
1978-03-14,6.3,7.54,7.81,7.91,7.99,8.2
1978-03-15,6.27,7.54,7.81,7.91,8,8.2
1978-03-16,6.25,7.54,7.82,7.91,8,8.2
1978-03-17,6.24,7.55,7.81,7.9,8,8.2
1978-03-20,6.16,7.53,7.78,7.88,7.97,8.18
1978-03-21,6.22,7.53,7.79,7.88,7.97,8.18
1978-03-22,6.22,7.54,7.81,7.9,7.98,8.19
1978-03-23,6.24,7.56,7.86,7.93,8.01,8.22
1978-03-27,6.28,7.61,7.91,8,8.12,8.3
1978-03-28,6.28,7.64,7.94,8.03,8.12,8.29
1978-03-29,6.28,7.64,7.94,8.02,8.11,8.28
1978-03-30,6.37,7.64,7.95,8.02,8.12,8.29
1978-03-31,6.47,7.7,7.97,8.05,8.15,8.33
1978-04-03,6.31,7.69,7.96,8.04,8.13,8.32
1978-04-04,6.39,7.69,7.95,8.03,8.12,8.31
1978-04-05,6.42,7.72,7.97,8.05,8.14,8.32
1978-04-06,6.41,7.73,7.98,8.06,8.16,8.33
1978-04-07,6.34,7.72,7.97,8.04,8.14,8.34
1978-04-10,6.34,7.72,7.98,8.05,8.15,8.35
1978-04-11,6.35,7.71,7.97,8.06,8.16,8.35
1978-04-12,6.33,7.69,7.97,8.05,8.16,8.35
1978-04-13,6.29,7.67,7.95,8.05,8.15,8.35
1978-04-14,6.14,7.61,7.9,8.01,8.12,8.33
1978-04-17,6.1,7.6,7.88,7.99,8.08,8.3
1978-04-18,6.15,7.62,7.89,7.99,8.08,8.29
1978-04-19,6.32,7.77,7.99,8.05,8.13,8.31
1978-04-20,6.3,7.79,8.01,8.08,8.14,8.32
1978-04-21,6.25,7.81,8.02,8.09,8.16,8.34
1978-04-24,6.09,7.82,8.03,8.1,8.18,8.36
1978-04-25,6.22,7.8,8.02,8.1,8.18,8.36
1978-04-26,6.25,7.85,8.05,8.13,8.22,8.38
1978-04-27,6.37,7.89,8.07,8.14,8.24,8.4
1978-04-28,6.35,7.97,8.09,8.16,8.24,8.39
1978-05-01,6.31,7.91,8.08,8.15,8.24,8.38
1978-05-02,6.46,7.91,8.09,8.15,8.25,8.38
1978-05-03,6.39,7.91,8.08,8.15,8.28,8.4
1978-05-04,6.33,7.9,8.07,8.14,8.27,8.39
1978-05-05,6.43,7.96,8.15,8.22,8.34,8.45
1978-05-08,6.36,7.98,8.17,8.25,8.35,8.45
1978-05-09,6.45,7.98,8.16,8.24,8.34,8.45
1978-05-10,6.39,7.98,8.16,8.24,8.34,8.45
1978-05-11,6.32,8,8.17,8.24,8.34,8.42
1978-05-12,6.33,8,8.2,8.27,8.36,8.44
1978-05-15,6.25,7.98,8.17,8.25,8.35,8.42
1978-05-16,6.34,7.97,8.15,8.24,8.34,8.42
1978-05-17,6.28,7.98,8.14,8.23,8.33,8.4
1978-05-18,6.35,8.04,8.19,8.28,8.37,8.42
1978-05-19,6.39,8.07,8.22,8.28,8.38,8.45
1978-05-22,6.42,8.07,8.22,8.28,8.38,8.44
1978-05-23,6.48,8.07,8.22,8.28,8.37,8.44
1978-05-24,6.51,8.1,8.24,8.3,8.39,8.45
1978-05-25,6.5,8.1,8.26,8.32,8.4,8.48
1978-05-26,6.63,8.1,8.27,8.34,8.42,8.5
1978-05-31,6.65,8.12,8.28,8.35,8.42,8.5
1978-06-01,6.61,8.12,8.27,8.34,8.41,8.5
1978-06-02,6.59,8.09,8.27,8.32,8.39,8.48
1978-06-05,6.59,8.07,8.25,8.3,8.38,8.45
1978-06-06,6.61,8.07,8.24,8.29,8.37,8.45
1978-06-07,6.64,8.07,8.24,8.29,8.37,8.44
1978-06-08,6.63,8.07,8.25,8.3,8.38,8.44
1978-06-09,6.65,8.09,8.27,8.34,8.41,8.45
1978-06-12,6.62,8.11,8.28,8.34,8.4,8.45
1978-06-13,6.63,8.11,8.28,8.35,8.41,8.45
1978-06-14,6.63,8.12,8.28,8.35,8.41,8.44
1978-06-15,6.66,8.12,8.28,8.35,8.41,8.44
1978-06-16,6.72,8.19,8.32,8.37,8.43,8.46
1978-06-19,6.69,8.25,8.34,8.38,8.45,8.48
1978-06-20,6.74,8.27,8.42,8.45,8.47,8.5
1978-06-21,6.84,8.41,8.46,8.49,8.5,8.54
1978-06-22,6.81,8.41,8.45,8.48,8.5,8.53
1978-06-23,6.86,8.44,8.47,8.5,8.55,8.55
1978-06-26,6.88,8.48,8.5,8.52,8.59,8.6
1978-06-27,6.94,8.44,8.5,8.51,8.58,8.58
1978-06-28,6.88,8.44,8.48,8.48,8.57,8.57
1978-06-29,6.92,8.42,8.46,8.47,8.57,8.59
1978-06-30,7.01,8.48,8.5,8.51,8.62,8.62
1978-07-03,6.95,8.44,8.48,8.49,8.59,8.6
1978-07-05,7.07,8.44,8.5,8.52,8.62,8.62
1978-07-06,7.06,8.44,8.5,8.52,8.62,8.62
1978-07-07,7.13,8.48,8.52,8.53,8.66,8.67
1978-07-10,7.16,8.5,8.56,8.58,8.68,8.69
1978-07-11,7.2,8.48,8.56,8.56,8.68,8.69
1978-07-12,7.19,8.48,8.56,8.56,8.67,8.69
1978-07-13,7.18,8.5,8.57,8.58,8.68,8.7
1978-07-14,7.07,8.51,8.57,8.57,8.68,8.69
1978-07-17,6.99,8.48,8.55,8.55,8.65,8.66
1978-07-18,7.09,8.46,8.54,8.54,8.63,8.65
1978-07-19,7.06,8.46,8.54,8.54,8.62,8.65
1978-07-20,7.07,8.5,8.57,8.58,8.66,8.66
1978-07-21,7.02,8.59,8.58,8.59,8.67,8.67
1978-07-24,6.83,8.57,8.59,8.6,8.67,8.68
1978-07-25,6.92,8.55,8.59,8.6,8.67,8.68
1978-07-26,6.9,8.52,8.56,8.58,8.66,8.66
1978-07-27,6.76,8.47,8.48,8.52,8.58,8.6
1978-07-28,6.74,8.45,8.45,8.46,8.55,8.55
1978-07-31,6.76,8.47,8.46,8.46,8.56,8.56
1978-08-01,6.88,8.45,8.44,8.45,8.54,8.55
1978-08-02,6.76,8.4,8.35,8.39,8.44,8.44
1978-08-03,6.8,8.26,8.3,8.36,8.39,8.44
1978-08-04,6.78,8.26,8.26,8.36,8.38,8.45
1978-08-07,6.76,8.18,8.24,8.31,8.36,8.44
1978-08-08,6.72,8.19,8.24,8.31,8.35,8.42
1978-08-09,6.74,8.17,8.2,8.26,8.34,8.41
1978-08-10,6.85,8.24,8.3,8.37,8.45,8.48
1978-08-11,6.86,8.25,8.28,8.36,8.44,8.48
1978-08-14,6.88,8.29,8.29,8.37,8.45,8.51
1978-08-15,6.99,8.29,8.3,8.39,8.46,8.53
1978-08-16,7.24,8.5,8.44,8.48,8.55,8.6
1978-08-17,7.19,8.48,8.4,8.47,8.48,8.55
1978-08-18,7.3,8.5,8.4,8.46,8.46,8.53
1978-08-21,7.26,8.47,8.39,8.4,8.41,8.48
1978-08-22,7.28,8.47,8.38,8.4,8.41,8.48
1978-08-23,7.22,8.42,8.31,8.32,8.32,8.42
1978-08-24,7.24,8.41,8.33,8.35,8.35,8.44
1978-08-25,7.24,8.41,8.32,8.33,8.34,8.43
1978-08-28,7.33,8.41,8.3,8.33,8.35,8.43
1978-08-29,7.45,8.44,8.37,8.36,8.37,8.45
1978-08-30,7.48,8.48,8.42,8.42,8.42,8.47
1978-08-31,7.54,8.46,8.42,8.42,8.39,8.46
1978-09-01,7.7,8.5,8.42,8.41,8.38,8.45
1978-09-05,7.57,8.46,8.38,8.35,8.34,8.41
1978-09-06,7.58,8.44,8.38,8.33,8.35,8.4
1978-09-07,7.59,8.44,8.36,8.35,8.34,8.41
1978-09-08,7.67,8.46,8.37,8.36,8.34,8.4
1978-09-11,7.71,8.43,8.33,8.3,8.31,8.38
1978-09-12,7.75,8.45,8.35,8.32,8.29,8.36
1978-09-13,7.76,8.45,8.34,8.31,8.3,8.37
1978-09-14,7.77,8.45,8.36,8.33,8.32,8.38
1978-09-15,7.88,8.49,8.39,8.37,8.35,8.4
1978-09-18,7.9,8.52,8.41,8.4,8.37,8.43
1978-09-19,7.95,8.54,8.44,8.41,8.38,8.45
1978-09-20,8.08,8.6,8.46,8.47,8.46,8.51
1978-09-21,8.04,8.69,8.48,8.52,8.51,8.53
1978-09-22,8.15,8.73,8.5,8.52,8.56,8.59
1978-09-25,8.09,8.75,8.54,8.56,8.56,8.58
1978-09-26,8.01,8.75,8.51,8.53,8.53,8.57
1978-09-27,7.89,8.74,8.52,8.54,8.54,8.59
1978-09-28,7.83,8.72,8.51,8.53,8.54,8.6
1978-09-29,7.98,8.7,8.5,8.54,8.56,8.61
1978-10-02,7.98,8.71,8.53,8.57,8.58,8.63
1978-10-03,8.16,8.69,8.52,8.55,8.57,8.63
1978-10-04,8.18,8.69,8.53,8.56,8.59,8.63
1978-10-05,8.19,8.69,8.53,8.56,8.6,8.64
1978-10-06,8.19,8.69,8.51,8.56,8.58,8.61
1978-10-10,8.21,8.7,8.5,8.54,8.58,8.61
1978-10-11,8.09,8.7,8.51,8.53,8.56,8.61
1978-10-12,7.78,8.69,8.47,8.49,8.51,8.58
1978-10-13,7.82,8.69,8.47,8.5,8.52,8.59
1978-10-16,7.88,8.73,8.57,8.61,8.59,8.65
1978-10-17,8.15,8.77,8.57,8.61,8.6,8.65
1978-10-18,7.94,8.83,8.58,8.64,8.62,8.65
1978-10-19,7.75,8.84,8.6,8.64,8.64,8.67
1978-10-20,7.75,8.85,8.62,8.67,8.66,8.69
1978-10-23,7.52,8.84,8.62,8.66,8.66,8.69
1978-10-24,7.77,8.85,8.6,8.64,8.64,8.67
1978-10-25,7.54,8.96,8.62,8.67,8.65,8.68
1978-10-26,7.76,9.05,8.69,8.71,8.72,8.71
1978-10-27,7.93,9.12,8.78,8.76,8.78,8.75
1978-10-30,8.47,9.35,8.93,8.91,8.88,8.84
1978-10-31,8.75,9.49,9.16,9,8.96,8.87
1978-11-01,8.85,9.44,8.77,8.68,8.66,8.66
1978-11-02,8.76,9.42,8.78,8.72,8.73,8.71
1978-11-03,8.8,9.49,8.8,8.8,8.86,8.76
1978-11-06,8.84,9.45,8.85,8.84,8.85,8.8
1978-11-08,8.99,9.49,8.87,8.84,8.86,8.81
1978-11-09,8.82,9.5,8.88,8.85,8.87,8.82
1978-11-10,8.51,9.46,8.85,8.82,8.86,8.79
1978-11-13,8.23,9.4,8.86,8.82,8.83,8.76
1978-11-14,8.3,9.41,8.84,8.8,8.82,8.76
1978-11-15,8.02,9.34,8.76,8.75,8.76,8.69
1978-11-16,8.17,9.21,8.71,8.7,8.72,8.69
1978-11-17,7.98,9.19,8.72,8.71,8.72,8.69
1978-11-20,8.21,9.19,8.74,8.72,8.72,8.7
1978-11-21,8.83,9.23,8.77,8.76,8.77,8.71
1978-11-22,8.63,9.37,8.77,8.77,8.77,8.73
1978-11-24,8.86,9.6,8.94,8.88,8.86,8.79
1978-11-27,8.96,9.6,8.96,8.9,8.86,8.78
1978-11-28,9.12,9.6,8.96,8.9,8.86,8.79
1978-11-29,8.98,9.55,8.93,8.89,8.86,8.79
1978-11-30,9.01,9.55,8.94,8.9,8.86,8.8
1978-12-01,8.85,9.5,8.81,8.8,8.8,8.73
1978-12-04,8.95,9.51,8.85,8.81,8.82,8.79
1978-12-05,8.95,9.5,8.87,8.84,8.85,8.79
1978-12-06,8.89,9.5,8.88,8.85,8.85,8.78
1978-12-07,8.9,9.5,8.92,8.89,8.89,8.81
1978-12-08,8.95,9.51,8.93,8.9,8.9,8.81
1978-12-11,8.93,9.52,8.93,8.9,8.9,8.81
1978-12-12,8.86,9.52,8.92,8.91,8.92,8.82
1978-12-13,8.88,9.54,8.98,8.97,8.98,8.89
1978-12-14,8.9,9.54,8.98,8.96,8.96,8.88
1978-12-15,9.08,9.58,9.05,9.01,9,8.9
1978-12-18,9.26,9.86,9.17,9.14,9.13,8.99
1978-12-19,9.21,9.91,9.17,9.15,9.14,8.97
1978-12-20,9.25,9.96,9.26,9.21,9.16,8.99
1978-12-21,9.29,9.98,9.35,9.25,9.16,8.98
1978-12-22,9.37,9.96,9.32,9.2,9.11,8.95
1978-12-26,9.36,9.98,9.32,9.21,9.13,8.94
1978-12-27,9.19,9.98,9.31,9.2,9.12,8.93
1978-12-28,9.2,9.98,9.34,9.23,9.16,8.97
1978-12-29,9.26,9.98,9.32,9.23,9.15,8.96
1979-01-02,9.41,10,9.33,9.24,9.18,8.99
1979-01-03,9.31,9.98,9.33,9.23,9.16,8.96
1979-01-04,9.31,9.88,9.27,9.18,9.11,8.94
1979-01-05,9.34,9.87,9.28,9.18,9.1,8.95
1979-01-08,9.36,9.92,9.31,9.21,9.14,8.98
1979-01-09,9.27,9.92,9.3,9.22,9.16,8.99
1979-01-10,9.25,9.94,9.3,9.23,9.16,8.99
1979-01-11,9.28,9.92,9.3,9.22,9.15,8.98
1979-01-12,9.35,9.92,9.28,9.2,9.14,8.97
1979-01-15,9.44,9.91,9.27,9.21,9.15,8.97
1979-01-16,9.44,9.92,9.26,9.2,9.16,8.98
1979-01-17,9.44,9.91,9.28,9.22,9.18,8.99
1979-01-18,9.46,9.92,9.27,9.22,9.18,8.99
1979-01-19,9.4,9.91,9.24,9.19,9.15,8.97
1979-01-22,9.34,9.86,9.2,9.16,9.12,8.94
1979-01-23,9.36,9.85,9.16,9.12,9.1,8.93
1979-01-24,9.35,9.85,9.16,9.1,9.08,8.91
1979-01-25,9.33,9.78,9.01,8.98,8.98,8.84
1979-01-26,9.34,9.67,8.98,8.96,8.93,8.82
1979-01-29,9.35,9.67,9,8.99,8.96,8.85
1979-01-30,9.27,9.68,8.98,8.96,8.95,8.85
1979-01-31,9.29,9.64,8.95,8.93,8.95,8.85
1979-02-01,9.25,9.61,8.95,8.93,8.94,8.85
1979-02-02,9.25,9.48,8.84,8.86,8.89,8.84
1979-02-05,9.18,9.53,8.92,8.94,8.95,8.88
1979-02-06,9.21,9.58,9,9.01,9,8.92
1979-02-07,9.25,9.67,9.11,9.09,9.09,9
1979-02-08,9.24,9.7,9.11,9.09,9.09,9
1979-02-09,9.31,9.7,9.12,9.1,9.11,9.02
1979-02-13,9.29,9.69,9.12,9.1,9.11,9
1979-02-14,9.27,9.67,9.13,9.12,9.12,9
1979-02-15,9.26,9.68,9.13,9.12,9.12,9.01
1979-02-16,9.29,9.68,9.14,9.12,9.11,9.01
1979-02-20,9.38,9.69,9.17,9.15,9.12,9.02
1979-02-21,9.42,9.71,9.2,9.17,9.15,9.04
1979-02-22,9.41,9.9,9.29,9.25,9.2,9.08
1979-02-23,9.44,9.92,9.31,9.26,9.21,9.1
1979-02-26,9.46,9.91,9.28,9.23,9.2,9.08
1979-02-27,9.47,9.89,9.3,9.24,9.19,9.08
1979-02-28,9.45,9.89,9.29,9.22,9.17,9.08
1979-03-01,9.4,9.87,9.28,9.22,9.17,9.09
1979-03-02,9.41,9.87,9.26,9.2,9.16,9.09
1979-03-05,9.4,9.83,9.22,9.14,9.11,9.02
1979-03-06,9.42,9.83,9.2,9.13,9.14,9.06
1979-03-07,9.42,9.81,9.18,9.12,9.1,9.02
1979-03-08,9.42,9.76,9.18,9.12,9.1,9.01
1979-03-09,9.52,9.79,9.2,9.15,9.11,9.04
1979-03-12,9.51,9.81,9.18,9.13,9.11,9.02
1979-03-13,9.51,9.8,9.2,9.15,9.11,9.02
1979-03-14,9.52,9.82,9.21,9.16,9.12,9.04
1979-03-15,9.49,9.82,9.21,9.16,9.14,9.05
1979-03-16,9.52,9.84,9.22,9.18,9.12,9.03
1979-03-19,9.5,9.81,9.21,9.16,9.12,9.03
1979-03-20,9.52,9.79,9.21,9.15,9.13,9.04
1979-03-21,9.56,9.79,9.21,9.15,9.13,9.03
1979-03-22,9.56,9.77,9.2,9.15,9.12,9.03
1979-03-23,9.55,9.77,9.2,9.15,9.12,9.02
1979-03-26,9.54,9.76,9.2,9.16,9.12,9.03
1979-03-27,9.49,9.73,9.18,9.13,9.11,9.01
1979-03-28,9.43,9.71,9.16,9.11,9.07,8.99
1979-03-29,9.39,9.67,9.15,9.1,9.06,8.99
1979-03-30,9.44,9.72,9.19,9.14,9.11,9.02
1979-04-02,9.54,9.74,9.2,9.14,9.11,9.02
1979-04-03,9.52,9.73,9.19,9.13,9.1,9.01
1979-04-04,9.49,9.71,9.18,9.12,9.09,9
1979-04-05,9.49,9.68,9.15,9.09,9.07,8.99
1979-04-06,9.6,9.75,9.19,9.14,9.1,9.01
1979-04-09,9.62,9.81,9.23,9.18,9.14,9.04
1979-04-10,9.75,9.81,9.27,9.22,9.17,9.07
1979-04-11,9.72,9.85,9.3,9.25,9.2,9.08
1979-04-12,9.69,9.85,9.3,9.25,9.2,9.09
1979-04-16,9.66,9.86,9.29,9.24,9.19,9.09
1979-04-17,9.5,9.77,9.24,9.2,9.16,9.07
1979-04-18,9.29,9.71,9.22,9.18,9.15,9.06
1979-04-19,9.3,9.68,9.2,9.16,9.15,9.06
1979-04-20,9.31,9.73,9.26,9.22,9.19,9.11
1979-04-23,9.2,9.73,9.26,9.23,9.21,9.13
1979-04-24,9.1,9.75,9.29,9.25,9.24,9.14
1979-04-25,9.07,9.77,9.26,9.24,9.23,9.13
1979-04-26,9.14,9.8,9.28,9.26,9.27,9.18
1979-04-27,9.66,9.93,9.33,9.31,9.32,9.19
1979-04-30,9.56,9.91,9.35,9.33,9.35,9.22
1979-05-01,9.5,9.91,9.35,9.33,9.36,9.21
1979-05-02,9.55,9.91,9.34,9.32,9.34,9.22
1979-05-03,9.61,9.93,9.36,9.34,9.38,9.27
1979-05-04,9.68,9.93,9.38,9.37,9.39,9.29
1979-05-07,9.66,9.91,9.36,9.35,9.39,9.28
1979-05-08,9.66,9.91,9.36,9.35,9.38,9.28
1979-05-09,9.64,9.9,9.35,9.34,9.36,9.26
1979-05-10,9.64,9.92,9.37,9.36,9.36,9.27
1979-05-11,9.56,9.9,9.33,9.32,9.34,9.26
1979-05-14,9.55,9.87,9.3,9.29,9.3,9.22
1979-05-15,9.6,9.87,9.32,9.31,9.32,9.24
1979-05-16,9.57,9.84,9.3,9.29,9.31,9.22
1979-05-17,9.57,9.72,9.22,9.22,9.24,9.2
1979-05-18,9.72,9.71,9.2,9.21,9.23,9.18
1979-05-21,9.77,9.75,9.22,9.22,9.24,9.2
1979-05-22,9.7,9.69,9.14,9.15,9.15,9.16
1979-05-23,9.67,9.65,9.05,9.04,9.07,9.09
1979-05-24,9.53,9.58,9.02,9.01,9.06,9.07
1979-05-25,9.54,9.5,8.98,8.97,9.01,9.03
1979-05-29,9.55,9.5,8.99,8.98,9.01,9.03
1979-05-31,9.57,9.56,9.04,9.02,9.06,9.08
1979-06-01,9.52,9.56,9.01,9.02,9.05,9.07
1979-06-04,9.54,9.56,9.01,9.02,9.06,9.07
1979-06-05,9.44,9.5,8.97,9,9.02,9.04
1979-06-06,9.35,9.43,8.91,8.95,8.97,9
1979-06-07,9.29,9.29,8.82,8.87,8.89,8.9
1979-06-08,9.18,9.25,8.84,8.88,8.9,8.91
1979-06-11,9.06,9.27,8.87,8.9,8.94,8.94
1979-06-12,8.88,9.05,8.71,8.74,8.79,8.84
1979-06-13,8.87,9.08,8.75,8.77,8.83,8.87
1979-06-14,8.9,9.12,8.79,8.8,8.87,8.89
1979-06-15,9.15,9.24,8.9,8.91,8.96,8.94
1979-06-18,8.95,9.26,8.86,8.86,8.95,8.93
1979-06-19,8.97,9.24,8.88,8.86,8.95,8.94
1979-06-20,8.94,9.25,8.87,8.86,8.94,8.92
1979-06-21,8.96,9.25,8.88,8.87,8.93,8.92
1979-06-22,8.99,9.27,8.94,8.92,8.98,8.95
1979-06-25,8.75,9.2,8.89,8.9,8.93,8.92
1979-06-26,8.76,8.97,8.76,8.78,8.82,8.84
1979-06-27,8.81,8.92,8.72,8.74,8.8,8.83
1979-06-28,8.9,8.95,8.71,8.73,8.8,8.84
1979-06-29,8.95,8.97,8.74,8.74,8.81,8.83
1979-07-02,8.93,8.93,8.7,8.72,8.76,8.8
1979-07-03,9.06,8.95,8.71,8.72,8.77,8.81
1979-07-05,9.19,8.98,8.73,8.74,8.8,8.82
1979-07-06,9.2,9,8.78,8.76,8.82,8.83
1979-07-09,9.26,9.04,8.82,8.81,8.86,8.86
1979-07-10,9.32,9.04,8.85,8.86,8.92,8.89
1979-07-11,9.27,9.04,8.88,8.9,8.97,8.93
1979-07-12,9.26,9.01,8.88,8.9,8.95,8.91
1979-07-13,9.3,9.01,8.88,8.9,8.94,8.91
1979-07-16,9.36,9.08,8.92,8.96,8.99,8.95
1979-07-17,9.28,9.1,8.93,8.98,9.01,8.97
1979-07-18,9.25,9.1,8.93,8.98,9.03,8.99
1979-07-19,9.26,9.14,8.96,8.99,9.04,8.99
1979-07-20,9.42,9.24,8.96,8.96,8.98,8.95
1979-07-23,9.44,9.28,8.98,9,9.03,8.99
1979-07-24,9.38,9.33,9.01,9.03,9.06,9.01
1979-07-25,9.22,9.36,8.98,9,8.99,8.97
1979-07-26,9.13,9.25,8.94,8.97,8.97,8.98
1979-07-27,9.23,9.38,9.01,9.02,9.02,9.01
1979-07-30,9.09,9.32,9.01,9.04,9.03,9.01
1979-07-31,9.18,9.31,8.99,9.02,9.01,8.99
1979-08-01,9.16,9.23,8.96,8.99,8.99,8.97
1979-08-02,9.33,9.2,8.9,8.92,8.91,8.92
1979-08-03,9.38,9.27,8.92,8.96,8.92,8.94
1979-08-06,9.34,9.27,8.9,8.92,8.91,8.92
1979-08-07,9.4,9.22,8.9,8.91,8.91,8.9
1979-08-08,9.4,9.25,8.92,8.94,8.93,8.91
1979-08-09,9.4,9.27,8.96,8.98,8.97,8.95
1979-08-10,9.46,9.33,8.99,9,9,8.97
1979-08-13,9.47,9.34,9,9,9,8.97
1979-08-14,9.49,9.32,8.98,8.97,8.98,8.95
1979-08-15,9.55,9.41,9.02,9,9,8.96
1979-08-16,9.52,9.39,9.02,9.01,9,8.95
1979-08-17,9.58,9.44,9.03,9.02,9.01,8.95
1979-08-20,9.5,9.45,9.05,9.03,9.02,8.96
1979-08-21,9.54,9.51,9.09,9.07,9.04,8.99
1979-08-22,9.56,9.55,9.11,9.08,9.04,8.99
1979-08-23,9.53,9.63,9.11,9.09,9.05,9
1979-08-24,9.64,9.72,9.19,9.17,9.14,9.05
1979-08-27,9.65,9.68,9.18,9.16,9.12,9.03
1979-08-28,9.74,9.73,9.23,9.21,9.15,9.03
1979-08-29,9.77,9.73,9.25,9.2,9.14,9.02
1979-08-30,9.75,9.77,9.32,9.26,9.21,9.07
1979-08-31,9.81,9.84,9.36,9.3,9.24,9.09
1979-09-04,10.02,10,9.42,9.37,9.32,9.14
1979-09-05,10.07,10.02,9.42,9.38,9.32,9.15
1979-09-06,10.27,10.03,9.42,9.4,9.35,9.16
1979-09-07,10.42,10.1,9.41,9.38,9.34,9.18
1979-09-10,10.55,10.13,9.42,9.41,9.36,9.19
1979-09-11,10.45,10,9.27,9.25,9.25,9.13
1979-09-12,10.45,10.04,9.36,9.34,9.3,9.15
1979-09-13,10.5,10.1,9.41,9.36,9.34,9.17
1979-09-14,10.29,10.02,9.36,9.32,9.29,9.13
1979-09-17,10.37,10.13,9.44,9.41,9.37,9.19
1979-09-18,10.4,10.14,9.45,9.41,9.36,9.19
1979-09-19,10.2,10.08,9.38,9.37,9.31,9.16
1979-09-20,10.21,10.03,9.38,9.35,9.29,9.13
1979-09-21,10.1,10,9.38,9.32,9.26,9.11
1979-09-24,10.03,10.01,9.41,9.37,9.34,9.17
1979-09-25,10.06,10.01,9.4,9.37,9.32,9.16
1979-09-26,10.22,10.02,9.45,9.41,9.36,9.2
1979-09-27,10.28,10.11,9.5,9.46,9.44,9.25
1979-09-28,10.12,10.1,9.48,9.46,9.44,9.25
1979-10-01,10.15,10.14,9.55,9.53,9.51,9.32
1979-10-02,10.37,10.14,9.54,9.52,9.47,9.28
1979-10-03,10.39,10.14,9.55,9.54,9.5,9.3
1979-10-04,10.56,10.34,9.67,9.62,9.58,9.34
1979-10-05,10.7,10.39,9.74,9.67,9.6,9.36
1979-10-09,11.82,11.12,10.29,10.13,9.93,9.61
1979-10-10,11.74,11.4,10.48,10.32,10.09,9.69
1979-10-11,11.57,11.26,10.45,10.35,10.17,9.77
1979-10-12,11.35,11.17,10.45,10.36,10.15,9.76
1979-10-15,11.6,11.39,10.6,10.5,10.31,9.84
1979-10-16,11.84,11.39,10.56,10.45,10.27,9.82
1979-10-17,11.69,11.4,10.51,10.38,10.2,9.75
1979-10-18,12.05,11.75,10.74,10.58,10.41,9.91
1979-10-19,12.37,12.15,11.09,10.88,10.68,10.07
1979-10-22,12.84,12.43,11.4,11.17,10.96,10.29
1979-10-23,13.01,12.63,11.48,11.19,11.02,10.33
1979-10-24,12.72,12.52,11.36,11.03,10.83,10.2
1979-10-25,12.53,12.59,11.5,11.16,10.98,10.31
1979-10-26,11.91,12.05,11.11,10.9,10.67,10.12
1979-10-29,12.02,12.19,11.27,11.01,10.78,10.22
1979-10-30,12.08,12.12,11.27,11.01,10.75,10.17
1979-10-31,12.12,12.06,11.2,10.95,10.72,10.19
1979-11-01,12.06,12.08,11.26,11.02,10.79,10.3
1979-11-02,12.05,12.19,11.24,11.02,10.84,10.44
1979-11-05,12.06,12.15,11.25,11.03,10.85,10.42
1979-11-07,12.48,12.36,11.35,11.16,11,10.53
1979-11-08,12.44,12.29,11.28,11.1,10.96,10.51
1979-11-09,12,11.78,10.96,10.83,10.68,10.34
1979-11-13,12.06,11.64,10.86,10.75,10.63,10.32
1979-11-14,11.94,11.82,10.98,10.86,10.75,10.4
1979-11-15,11.7,11.68,10.86,10.77,10.62,10.3
1979-11-16,11.91,11.97,11.08,10.94,10.77,10.41
1979-11-19,11.99,12.08,11.19,11,10.8,10.42
1979-11-20,11.92,12.12,11.22,11.01,10.78,10.39
1979-11-21,11.81,12.17,11.17,10.98,10.73,10.36
1979-11-23,11.34,11.69,10.76,10.66,10.51,10.21
1979-11-26,11.05,11.44,10.52,10.46,10.37,10.1
1979-11-27,11.09,11.11,10.28,10.27,10.24,10.02
1979-11-28,11.4,11.23,10.46,10.44,10.37,10.09
1979-11-29,11.27,11.23,10.42,10.4,10.34,10.06
1979-11-30,11.49,11.33,10.44,10.45,10.38,10.09
1979-12-03,11.83,11.42,10.48,10.5,10.44,10.11
1979-12-04,11.68,11.3,10.4,10.4,10.32,10.04
1979-12-05,11.64,11.21,10.31,10.32,10.27,10.01
1979-12-06,11.65,11.08,10.2,10.2,10.13,9.93
1979-12-07,11.93,11.21,10.29,10.32,10.3,10.04
1979-12-10,12.09,11.25,10.29,10.3,10.27,10.03
1979-12-11,12.29,11.6,10.47,10.5,10.46,10.18
1979-12-12,12.6,11.85,10.6,10.62,10.58,10.27
1979-12-13,12.42,11.67,10.51,10.53,10.51,10.23
1979-12-14,12.3,11.47,10.4,10.44,10.45,10.17
1979-12-17,12.24,11.45,10.39,10.43,10.42,10.14
1979-12-18,12.17,11.31,10.33,10.35,10.34,10.11
1979-12-19,11.91,11.38,10.33,10.34,10.33,10.09
1979-12-20,11.9,11.4,10.4,10.42,10.38,10.13
1979-12-21,12.08,11.42,10.48,10.43,10.39,10.17
1979-12-24,12.05,11.44,10.49,10.49,10.45,10.17
1979-12-26,12,11.43,10.52,10.52,10.48,10.2
1979-12-27,11.97,11.39,10.54,10.5,10.46,10.19
1979-12-28,11.92,11.3,10.5,10.45,10.41,10.16
1979-12-31,12.04,11.23,10.38,10.36,10.33,10.11
1980-01-02,12.17,11.39,10.52,10.51,10.5,10.23
1980-01-03,12.1,11.45,10.54,10.59,10.6,10.31
1980-01-04,12.1,11.47,10.62,10.63,10.66,10.34
1980-01-07,11.86,11.35,10.56,10.6,10.63,10.35
1980-01-08,11.78,11.26,10.52,10.55,10.57,10.28
1980-01-09,11.76,11.24,10.53,10.56,10.58,10.29
1980-01-10,11.45,11.18,10.47,10.49,10.51,10.26
1980-01-11,11.76,11.33,10.61,10.63,10.68,10.38
1980-01-14,11.84,11.35,10.61,10.65,10.7,10.4
1980-01-15,11.87,11.32,10.61,10.62,10.65,10.4
1980-01-16,11.82,11.3,10.6,10.61,10.65,10.41
1980-01-17,11.94,11.37,10.62,10.66,10.71,10.47
1980-01-18,12.07,11.52,10.74,10.78,10.82,10.61
1980-01-21,12.23,11.58,10.86,10.91,10.96,10.77
1980-01-22,12.16,11.56,10.8,10.82,10.85,10.69
1980-01-23,12.02,11.53,10.76,10.79,10.82,10.68
1980-01-24,12.17,11.68,10.9,10.94,11.01,10.87
1980-01-25,12.29,11.82,11.04,11.09,11.1,11
1980-01-28,12.18,11.79,11.08,11.11,11.15,11.03
1980-01-29,12.26,11.88,11.14,11.17,11.21,11.12
1980-01-30,12.13,11.84,11.12,11.14,11.16,11.11
1980-01-31,12,11.75,11.11,11.12,11.13,11.09
1980-02-01,12.17,12.04,11.3,11.29,11.29,11.23
1980-02-04,11.98,12.12,11.38,11.39,11.4,11.32
1980-02-05,12.22,12.49,11.8,11.76,11.73,11.64
1980-02-06,12.06,12.42,11.86,11.88,11.92,11.78
1980-02-07,11.92,12.21,11.61,11.77,11.71,11.7
1980-02-08,12.07,12.31,11.76,11.86,11.8,11.72
1980-02-11,12.22,12.6,11.91,11.98,12.01,11.94
1980-02-13,12.18,12.52,11.86,11.87,11.86,11.82
1980-02-14,12.23,12.6,11.93,11.97,11.97,11.9
1980-02-15,12.8,13.13,12.26,12.24,12.2,12.11
1980-02-19,13.4,13.96,12.88,12.94,12.85,12.61
1980-02-20,13.3,14.03,13.1,12.96,12.84,12.56
1980-02-21,13.42,14.51,13.5,13.4,13.22,12.77
1980-02-22,13.38,14.52,13.38,13.33,13.06,12.59
1980-02-25,13.65,14.62,13.7,13.49,13.27,12.69
1980-02-26,13.85,14.91,14.12,13.89,13.65,12.85
1980-02-27,13.84,14.82,14.08,13.9,13.46,12.76
1980-02-28,13.57,14.41,13.42,13.12,12.92,12.29
1980-02-29,14.01,14.73,13.48,13.1,12.72,12.25
1980-03-03,15,14.83,13.53,13.11,12.79,12.32
1980-03-04,15.15,14.86,13.61,13.23,12.91,12.35
1980-03-05,15.37,14.99,13.68,13.28,13.03,12.4
1980-03-06,15.7,15.27,13.8,13.4,13.13,12.64
1980-03-07,15.63,15.2,13.64,13.13,12.86,12.5
1980-03-10,15.26,14.71,13.37,12.8,12.63,12.25
1980-03-11,15.38,14.43,13.03,12.6,12.41,12.12
1980-03-12,15.6,14.74,13.27,12.86,12.62,12.39
1980-03-13,15.12,14.69,13.2,12.76,12.5,12.19
1980-03-14,15.25,14.8,13.21,12.78,12.52,12.21
1980-03-17,14.67,14.82,13.22,12.79,12.58,12.2
1980-03-18,14.62,14.42,13.01,12.6,12.4,12
1980-03-19,14.33,14.33,13,12.58,12.35,11.97
1980-03-20,15.02,15.03,13.32,12.83,12.62,12.22
1980-03-21,15.15,15.02,13.51,13.01,12.75,12.28
1980-03-24,15.93,15.36,14.03,13.5,13.17,12.69
1980-03-25,16,15.19,14,13.45,13.1,12.67
1980-03-26,15.93,15.26,13.87,13.26,13.03,12.56
1980-03-27,15.12,15.11,13.75,13.24,12.97,12.5
1980-03-28,14.75,14.89,13.5,12.96,12.72,12.35
1980-03-31,14.24,14.63,13.31,12.76,12.64,12.31
1980-04-01,15.03,14.59,13.39,12.83,12.69,12.35
1980-04-02,14.88,14.52,13.27,12.72,12.63,12.28
1980-04-03,14.97,14.51,13.19,12.64,12.52,12.27
1980-04-07,14.41,13.85,12.7,12.18,12.13,11.87
1980-04-08,14.48,13.89,12.64,12.16,12.21,11.85
1980-04-09,14.31,13.54,12.59,12.06,12.06,11.79
1980-04-10,14.3,13.57,12.61,12.04,12.06,11.74
1980-04-11,13.99,13.22,12.3,11.76,11.79,11.53
1980-04-14,13.84,12.96,12.15,11.63,11.62,11.5
1980-04-15,13.82,12.72,12.02,11.51,11.57,11.47
1980-04-16,13.5,11.97,11.43,10.94,10.9,10.91
1980-04-17,13.5,11.97,11.52,11.05,11.13,10.99
1980-04-18,13.2,11.76,11.24,11.12,11.05,10.98
1980-04-21,12.93,11.56,11.1,10.89,10.9,10.96
1980-04-22,12.25,11.43,10.97,10.89,10.82,10.94
1980-04-23,12.01,11.38,11.03,10.9,10.89,11.02
1980-04-24,11.91,11.42,11.15,10.99,10.96,11.13
1980-04-25,11.81,11.39,11.14,10.97,10.95,11.18
1980-04-28,11,10.74,10.73,10.6,10.63,10.86
1980-04-29,10.74,10.74,10.73,10.62,10.67,10.89
1980-04-30,10.39,10.81,10.82,10.75,10.76,10.89
1980-05-01,10.36,10.7,10.72,10.61,10.57,10.72
1980-05-02,9.85,10.04,10.17,10.13,10.24,10.47
1980-05-05,9.66,9.85,10.08,10.12,10.18,10.35
1980-05-06,9.5,9.4,9.71,9.88,9.8,10.23
1980-05-07,8.98,9.41,9.85,9.92,9.96,10.19
1980-05-08,8.75,9.48,9.97,9.93,10.18,10.34
1980-05-09,8.81,9.85,10.08,10.26,10.3,10.41
1980-05-12,8.6,9.52,9.99,10.15,10.3,10.44
1980-05-13,8.28,9.38,9.79,10.05,10.13,10.29
1980-05-14,8.14,9.27,9.84,10.09,10.14,10.26
1980-05-15,8.61,9.48,9.97,10.17,10.31,10.46
1980-05-16,9.04,9.76,10.09,10.34,10.37,10.53
1980-05-19,8.89,9.78,10.2,10.47,10.53,10.68
1980-05-20,8.29,9.26,9.89,10.14,10.22,10.47
1980-05-21,8.06,9.14,9.85,10.05,10.08,10.31
1980-05-22,7.95,9.13,9.89,9.98,10.1,10.34
1980-05-23,7.54,8.73,9.61,9.76,9.85,10.09
1980-05-27,7.52,8.82,9.63,9.8,9.96,10.1
1980-05-28,7.66,9.04,9.78,9.93,10.1,10.22
1980-05-29,7.88,9.16,9.88,10.11,10.24,10.32
1980-05-30,7.75,9.25,9.87,10.09,10.25,10.37
1980-06-02,7.9,9.34,9.97,10.2,10.31,10.45
1980-06-03,7.61,9.2,9.66,9.85,10.16,10.29
1980-06-04,7.41,9.06,9.55,9.77,10.07,10.18
1980-06-05,7.36,8.97,9.46,9.69,10.02,10.08
1980-06-06,7.29,8.72,9.25,9.48,9.81,9.87
1980-06-09,6.87,8.61,9.17,9.39,9.73,9.75
1980-06-10,6.64,8.79,9.27,9.5,9.83,9.88
1980-06-11,6.3,8.65,9.17,9.39,9.7,9.79
1980-06-12,6.2,8.46,8.93,9.17,9.53,9.6
1980-06-13,6.18,8.39,8.86,9.13,9.51,9.49
1980-06-16,6.37,8.38,8.87,9.12,9.47,9.49
1980-06-17,6.74,8.36,8.86,9.12,9.49,9.52
1980-06-18,6.97,8.58,8.96,9.21,9.56,9.6
1980-06-19,6.98,8.68,8.96,9.21,9.56,9.57
1980-06-20,6.74,8.43,8.86,9.12,9.49,9.5
1980-06-23,7.14,8.59,9.02,9.27,9.63,9.66
1980-06-24,7.3,8.64,9.13,9.36,9.68,9.7
1980-06-25,7.42,8.73,9.23,9.46,9.79,9.79
1980-06-26,7.56,8.8,9.33,9.55,9.87,9.91
1980-06-27,7.7,8.94,9.45,9.7,10.04,9.97
1980-06-30,7.88,8.97,9.48,9.73,10.09,9.99
1980-07-01,8.04,9.01,9.55,9.8,10.13,10.12
1980-07-02,7.94,9.01,9.49,9.78,10.19,10.12
1980-07-03,7.81,8.77,9.36,9.66,10.01,10
1980-07-07,8.24,8.94,9.49,9.82,10.2,10.22
1980-07-08,8.06,8.8,9.37,9.68,10.09,10.06
1980-07-09,7.97,8.83,9.41,9.72,10.14,10.14
1980-07-10,7.96,8.9,9.47,9.8,10.21,10.21
1980-07-11,8.17,8.97,9.56,9.89,10.28,10.3
1980-07-14,8.18,9.16,9.56,9.89,10.33,10.36
1980-07-15,8.05,8.98,9.45,9.77,10.17,10.19
1980-07-16,7.76,8.79,9.34,9.65,10.07,10.05
1980-07-17,7.96,8.89,9.43,9.76,10.21,10.15
1980-07-18,7.96,8.93,9.42,9.74,10.2,10.19
1980-07-21,7.86,8.93,9.38,9.68,10.13,10.11
1980-07-22,7.88,9.02,9.41,9.73,10.18,10.18
1980-07-23,7.83,8.95,9.4,9.69,10.12,10.15
1980-07-24,8.01,9.05,9.51,9.81,10.24,10.24
1980-07-25,8.05,9.15,9.59,9.91,10.35,10.33
1980-07-28,8.21,9.24,9.77,10.06,10.46,10.42
1980-07-29,8.3,9.28,9.77,10.05,10.45,10.4
1980-07-30,8.38,9.33,9.81,10.13,10.53,10.51
1980-07-31,8.62,9.72,10.09,10.38,10.76,10.8
1980-08-01,8.7,9.78,10.16,10.4,10.76,10.76
1980-08-04,8.64,9.66,10.04,10.31,10.69,10.68
1980-08-05,8.72,9.67,10.06,10.33,10.7,10.69
1980-08-06,8.55,9.69,10.19,10.45,10.8,10.73
1980-08-07,8.38,9.67,10.1,10.37,10.71,10.68
1980-08-08,8.62,9.81,10.22,10.47,10.87,10.9
1980-08-11,8.83,10.07,10.47,10.71,11.03,11.05
1980-08-12,8.64,10.03,10.48,10.69,10.98,11.01
1980-08-13,8.55,10.03,10.46,10.64,10.89,10.93
1980-08-14,8.45,10.07,10.48,10.65,10.9,10.9
1980-08-15,8.54,10.12,10.48,10.63,10.86,10.83
1980-08-18,9.11,10.77,10.99,11.05,11.13,11.02
1980-08-19,9.38,10.91,11.11,11.16,11.24,11.16
1980-08-20,9.31,11.11,11.29,11.24,11.22,11.13
1980-08-21,9.7,11.27,11.39,11.32,11.3,11.15
1980-08-22,9.54,11.09,11.26,11.21,11.13,11.01
1980-08-25,9.78,11.34,11.55,11.49,11.4,11.18
1980-08-26,9.94,11.34,11.55,11.5,11.42,11.18
1980-08-27,10.07,11.52,11.76,11.72,11.67,11.33
1980-08-28,10.32,11.77,11.92,11.91,11.89,11.43
1980-08-29,9.96,11.36,11.66,11.63,11.55,11.27
1980-09-02,9.87,11.05,11.45,11.41,11.32,11.08
1980-09-03,9.74,10.73,11.13,11.12,11.08,10.94
1980-09-04,9.75,10.77,11.15,11.16,11.16,11.02
1980-09-05,9.77,10.89,11.19,11.22,11.21,11.06
1980-09-08,10.1,11.11,11.3,11.31,11.29,11.15
1980-09-09,10.04,11.13,11.27,11.25,11.19,11.05
1980-09-10,9.94,11.03,11.19,11.18,11.14,11.02
1980-09-11,10.14,11.27,11.37,11.36,11.32,11.15
1980-09-12,10.22,11.4,11.41,11.39,11.37,11.18
1980-09-15,10.47,11.79,11.75,11.69,11.62,11.38
1980-09-16,10.29,11.68,11.63,11.58,11.52,11.33
1980-09-17,10.34,11.79,11.73,11.63,11.57,11.41
1980-09-18,10.15,11.84,11.75,11.64,11.53,11.35
1980-09-19,10.03,11.59,11.53,11.44,11.33,11.25
1980-09-22,10.56,12,11.92,11.81,11.69,11.6
1980-09-23,10.33,12,11.97,11.86,11.76,11.53
1980-09-24,10.16,11.98,11.96,11.85,11.75,11.53
1980-09-25,10.36,12.11,12.04,11.96,11.91,11.66
1980-09-26,10.82,12.4,12.17,12.06,11.99,11.81
1980-09-29,11.18,12.38,12.19,12.11,12.07,11.93
1980-09-30,11.44,12.13,11.88,11.86,11.86,11.7
1980-10-01,11.45,12.02,11.77,11.77,11.78,11.69
1980-10-02,11.53,12.06,11.83,11.83,11.83,11.66
1980-10-03,11.33,11.51,11.35,11.37,11.4,11.33
1980-10-06,11.14,11.41,11.35,11.35,11.35,11.26
1980-10-07,11.3,11.44,11.4,11.41,11.43,11.3
1980-10-08,11.38,11.69,11.55,11.53,11.51,11.38
1980-10-09,11.14,11.6,11.45,11.42,11.39,11.21
1980-10-10,11.25,11.64,11.55,11.5,11.44,11.26
1980-10-14,11.18,11.67,11.5,11.43,11.37,11.16
1980-10-15,10.91,11.58,11.44,11.38,11.29,11.11
1980-10-16,10.98,11.69,11.55,11.49,11.47,11.27
1980-10-17,11.2,11.91,11.69,11.65,11.62,11.44
1980-10-20,11.31,12,11.72,11.67,11.64,11.44
1980-10-21,11.64,12.11,11.81,11.74,11.7,11.53
1980-10-22,11.81,12.31,12.07,11.92,11.88,11.74
1980-10-23,11.79,12.31,11.95,11.87,11.82,11.68
1980-10-24,11.74,12.25,11.89,11.8,11.74,11.61
1980-10-27,12.31,12.73,12.32,12.21,12.13,11.96
1980-10-28,12.49,12.91,12.56,12.38,12.32,12.14
1980-10-29,12.52,12.98,12.75,12.56,12.48,12.21
1980-10-30,12.54,13.04,12.71,12.53,12.48,12.28
1980-10-31,12.71,13.08,12.74,12.56,12.46,12.23
1980-11-03,13.17,13.23,12.74,12.54,12.46,12.22
1980-11-05,13.4,13.38,12.95,12.72,12.61,12.36
1980-11-06,13.5,13.57,13.19,13.07,13.04,12.59
1980-11-07,13.04,13.36,12.87,12.72,12.66,12.59
1980-11-10,13.48,13.29,12.88,12.75,12.78,12.71
1980-11-12,13.18,12.86,12.39,12.3,12.47,12.26
1980-11-13,13.09,12.89,12.38,12.3,12.49,12.23
1980-11-14,13.39,13.25,12.7,12.66,12.79,12.45
1980-11-17,14.19,13.71,12.95,12.95,12.95,12.6
1980-11-18,13.69,13.47,12.67,12.65,12.62,12.29
1980-11-19,13.72,13.37,12.6,12.56,12.51,12.19
1980-11-20,13.96,13.53,12.68,12.64,12.59,12.22
1980-11-21,14.32,13.83,12.97,12.88,12.8,12.37
1980-11-24,14.41,13.88,13,12.82,12.76,12.31
1980-11-25,14.16,13.99,13.07,12.85,12.74,12.3
1980-11-26,14.2,14,13.01,12.76,12.65,12.27
1980-11-28,14.48,14.13,13.14,12.86,12.72,12.32
1980-12-01,14.71,14.25,13.35,13.07,12.92,12.51
1980-12-02,14.82,14.25,13.37,13.09,12.95,12.5
1980-12-03,14.66,14.04,13.42,13.1,12.92,12.41
1980-12-04,14.86,14.15,13.43,13.1,12.91,12.43
1980-12-05,15.84,14.34,13.45,13.1,12.85,12.33
1980-12-08,16.53,14.45,13.51,13.16,12.91,12.42
1980-12-09,16.72,14.54,13.61,13.3,13.1,12.68
1980-12-10,16.88,14.59,13.63,13.33,13.15,12.8
1980-12-11,17.14,14.97,14.04,13.74,13.57,13.17
1980-12-12,16.55,14.74,13.63,13.37,13.21,12.82
1980-12-15,16.77,14.83,13.75,13.45,13.25,12.85
1980-12-16,16.7,15.12,14.04,13.75,13.51,12.95
1980-12-17,16.47,14.98,13.87,13.55,13.28,12.74
1980-12-18,16.2,14.89,13.79,13.48,13.22,12.62
1980-12-19,14.93,14.05,13.02,12.77,12.64,12.22
1980-12-22,14.84,13.24,12.34,12.21,12.14,11.75
1980-12-23,14.49,13.04,12.5,12.41,12.35,11.93
1980-12-24,14.71,13.37,12.61,12.48,12.42,11.95
1980-12-26,14.45,12.95,12.53,12.38,12.25,11.84
1980-12-29,14.18,12.87,12.41,12.31,12.2,11.84
1980-12-30,14.12,12.97,12.55,12.43,12.39,11.96
1980-12-31,14.3,13.06,12.59,12.49,12.43,11.98
1981-01-02,14.65,13.1,12.61,12.5,12.42,12.01
1981-01-05,13.52,12.28,12.29,12.21,12.15,11.67
1981-01-06,13.58,12.42,12.21,12.14,12.11,11.67
1981-01-07,14.5,12.92,12.61,12.47,12.38,11.89
1981-01-08,14.76,13.09,12.68,12.5,12.35,11.91
1981-01-09,15.2,13.53,12.88,12.69,12.57,12.13
1981-01-12,15.22,13.17,12.71,12.6,12.45,12.08
1981-01-13,15.24,13.3,12.68,12.62,12.53,12.08
1981-01-14,15.08,12.95,12.61,12.58,12.53,12.07
1981-01-15,15.25,13.25,12.77,12.7,12.62,12.25
1981-01-16,15.15,13.08,12.66,12.61,12.53,12.13
1981-01-19,15.79,13.62,12.92,12.79,12.64,12.25
1981-01-20,15.32,13.48,12.77,12.66,12.5,12.11
1981-01-21,15.71,13.79,13.08,12.9,12.77,12.33
1981-01-22,15.72,13.83,13.16,12.96,12.87,12.46
1981-01-23,15.7,13.74,13.1,12.93,12.84,12.38
1981-01-26,15.35,13.4,12.89,12.75,12.7,12.28
1981-01-27,15.2,13.4,12.92,12.82,12.73,12.31
1981-01-28,15.06,13.48,12.94,12.82,12.77,12.33
1981-01-29,14.87,13.42,12.89,12.8,12.8,12.38
1981-01-30,14.59,13.26,12.8,12.73,12.68,12.28
1981-02-02,14.9,13.51,13.02,12.89,12.86,12.45
1981-02-03,14.85,13.7,13.2,13.03,12.98,12.61
1981-02-04,14.67,13.63,13.09,12.93,12.86,12.49
1981-02-05,14.74,13.63,13.1,13,12.95,12.7
1981-02-06,15.32,13.89,13.23,13.15,13.09,12.73
1981-02-09,15.52,13.97,13.35,13.23,13.21,12.81
1981-02-10,15.46,14.1,13.5,13.35,13.27,12.92
1981-02-11,15.54,14.34,13.66,13.47,13.42,13.01
1981-02-13,15.51,14.45,13.84,13.76,13.65,13.2
1981-02-17,15.14,13.97,13.46,13.4,13.33,12.93
1981-02-18,15.02,13.98,13.45,13.38,13.3,12.88
1981-02-19,14.48,13.72,13.25,13.17,13.09,12.71
1981-02-20,14.09,13.55,13.1,12.99,12.9,12.54
1981-02-23,14.23,13.92,13.49,13.29,13.19,12.81
1981-02-24,14.15,14,13.51,13.3,13.21,12.81
1981-02-25,14.2,14,13.61,13.41,13.29,12.89
1981-02-26,14.14,14.1,13.8,13.65,13.47,12.98
1981-02-27,14.22,14.08,13.76,13.58,13.43,12.97
1981-03-02,14.52,14.4,13.92,13.76,13.62,13.19
1981-03-03,14.39,14.13,13.78,13.58,13.43,13
1981-03-04,14.49,14.21,13.82,13.59,13.45,13.03
1981-03-05,14.51,14.17,13.78,13.56,13.43,13
1981-03-06,14.29,13.91,13.49,13.32,13.2,12.73
1981-03-09,14.16,13.84,13.39,13.2,13.09,12.64
1981-03-10,13.99,13.74,13.37,13.17,13.08,12.69
1981-03-11,13.92,13.79,13.4,13.21,13.12,12.74
1981-03-12,13.66,13.7,13.33,13.15,13.03,12.59
1981-03-13,13.21,13.45,13.18,12.96,12.86,12.42
1981-03-16,13.02,13.3,13.15,12.92,12.85,12.41
1981-03-17,12.95,13.2,12.97,12.8,12.68,12.25
1981-03-18,12.45,12.75,12.8,12.69,12.58,12.16
1981-03-19,12.36,12.84,12.95,12.81,12.67,12.28
1981-03-20,12.36,12.88,13.01,12.91,12.77,12.34
1981-03-23,12.83,13.36,13.38,13.24,13.13,12.71
1981-03-24,12.84,13.55,13.57,13.5,13.3,12.84
1981-03-25,12.83,13.51,13.51,13.34,13.21,12.77
1981-03-26,12.97,13.62,13.63,13.5,13.34,12.92
1981-03-27,13.08,13.67,13.68,13.51,13.36,12.93
1981-03-30,12.6,13.32,13.48,13.33,13.22,12.8
1981-03-31,12.46,13.17,13.39,13.3,13.13,12.65
1981-04-01,12.37,13.19,13.36,13.28,13.14,12.65
1981-04-02,12.58,13.4,13.46,13.38,13.25,12.8
1981-04-03,12.97,13.57,13.62,13.5,13.4,12.94
1981-04-06,14,14.13,14.01,13.93,13.74,13.28
1981-04-07,13.63,13.7,13.74,13.6,13.41,12.99
1981-04-08,13.66,13.89,13.85,13.74,13.61,13.15
1981-04-09,13.49,13.87,13.77,13.63,13.45,13.02
1981-04-10,13.59,13.9,13.84,13.73,13.59,13.15
1981-04-13,13.78,14.05,14.01,13.88,13.68,13.23
1981-04-14,13.37,13.92,13.89,13.78,13.58,13.13
1981-04-15,13.68,14.19,14.05,13.92,13.74,13.29
1981-04-16,13.79,14.23,14.08,13.98,13.79,13.32
1981-04-20,13.75,14.33,14.1,13.9,13.69,13.17
1981-04-21,13.66,14.34,14.07,13.9,13.73,13.2
1981-04-22,13.58,14.41,14.13,13.95,13.78,13.25
1981-04-23,13.64,14.51,14.18,13.99,13.8,13.28
1981-04-24,14.05,14.66,14.24,14.08,13.88,13.35
1981-04-27,14.28,14.73,14.31,14.13,13.92,13.38
1981-04-28,14.39,14.65,14.28,14.09,13.93,13.39
1981-04-29,14.42,14.67,14.37,14.19,14.05,13.5
1981-04-30,14.86,14.84,14.45,14.26,14.11,13.65
1981-05-01,14.67,14.72,14.37,14.2,14.05,13.59
1981-05-04,16.01,15.37,14.83,14.59,14.47,13.98
1981-05-05,16.61,15.94,15.35,14.99,14.69,14.11
1981-05-06,16.52,15.83,15.02,14.72,14.56,13.97
1981-05-07,16.58,15.69,14.83,14.51,14.33,13.84
1981-05-08,16.48,15.69,14.66,14.4,14.23,13.76
1981-05-11,16.59,15.74,14.87,14.54,14.34,13.89
1981-05-12,16.94,15.93,15.06,14.67,14.46,13.95
1981-05-13,17.01,15.94,15.05,14.69,14.49,13.95
1981-05-14,16.67,15.8,14.84,14.48,14.24,13.66
1981-05-15,16.55,15.55,14.59,14.21,14.07,13.58
1981-05-18,16.2,15.19,14.22,13.93,13.8,13.31
1981-05-19,16.56,15.47,14.59,14.16,13.95,13.47
1981-05-20,16.6,15.63,14.71,14.25,14,13.45
1981-05-21,17,15.75,14.77,14.29,14.05,13.53
1981-05-22,16.68,15.48,14.39,14.09,13.82,13.36
1981-05-26,15.93,15.09,14.13,13.87,13.67,13.22
1981-05-27,16.01,15.14,14.24,13.95,13.71,13.27
1981-05-28,15.38,14.79,13.99,13.77,13.56,13.1
1981-05-29,15.1,14.4,13.99,13.65,13.5,13.06
1981-06-01,15.5,14.47,13.99,13.61,13.46,13.06
1981-06-02,15.69,14.66,14.07,13.75,13.58,13.13
1981-06-03,15.64,14.65,14.05,13.71,13.55,13.08
1981-06-04,15.81,14.76,14.1,13.76,13.51,13.04
1981-06-05,15.83,14.73,14.1,13.78,13.56,13.11
1981-06-08,15.18,14.31,13.78,13.53,13.36,12.87
1981-06-09,15.01,14.41,13.87,13.59,13.37,12.89
1981-06-10,14.69,14.31,13.78,13.51,13.31,12.82
1981-06-11,14.56,14.4,13.84,13.57,13.32,12.84
1981-06-12,14.53,14.44,13.87,13.61,13.35,12.84
1981-06-15,13.72,14.03,13.57,13.33,13.09,12.61
1981-06-16,13.73,14.11,13.58,13.27,13.08,12.59
1981-06-17,14.24,14.37,13.71,13.4,13.23,12.73
1981-06-18,15,14.66,14.1,13.75,13.57,12.98
1981-06-19,14.87,14.65,14.07,13.71,13.46,12.9
1981-06-22,14.36,14.49,13.96,13.63,13.44,12.86
1981-06-23,14.5,14.59,14,13.62,13.56,12.99
1981-06-24,14.7,14.71,14.1,13.83,13.66,13.1
1981-06-25,14.24,14.65,14.08,13.87,13.7,13.14
1981-06-26,14.13,14.59,14.09,13.84,13.69,13.14
1981-06-29,13.94,14.48,14.01,13.84,13.68,13.11
1981-06-30,14.28,14.66,14.25,14.15,13.86,13.3
1981-07-01,14.65,14.94,14.47,14.24,14.04,13.47
1981-07-02,14.48,14.87,14.38,14.17,13.95,13.35
1981-07-06,14.35,14.68,14.27,14.05,13.81,13.19
1981-07-07,14.89,14.92,14.49,14.25,14.04,13.42
1981-07-08,14.98,15.02,14.57,14.31,14.11,13.43
1981-07-09,15.13,15.14,14.6,14.35,14.12,13.47
1981-07-10,14.75,14.88,14.45,14.16,13.94,13.25
1981-07-13,14.6,14.83,14.41,14.19,13.99,13.33
1981-07-14,14.78,15.07,14.55,14.3,14.15,13.49
1981-07-15,14.45,15.03,14.55,14.27,14.07,13.35
1981-07-16,14.52,15.11,14.59,14.31,14.11,13.44
1981-07-17,14.43,15.07,14.53,14.29,14.09,13.4
1981-07-20,15.5,15.96,15.25,14.87,14.59,13.87
1981-07-21,15.72,16,15.23,14.85,14.61,13.84
1981-07-22,15.68,15.95,15.24,14.81,14.63,13.87
1981-07-23,15.5,15.85,15.17,14.79,14.57,13.8
1981-07-24,15.08,15.64,14.96,14.61,14.41,13.65
1981-07-27,15.11,15.57,14.87,14.61,14.43,13.7
1981-07-28,15.3,15.78,15.04,14.75,14.53,13.8
1981-07-29,15.18,15.76,15.21,14.86,14.61,13.92
1981-07-30,14.87,15.88,15.31,14.93,14.71,13.95
1981-07-31,14.87,15.84,15.24,14.87,14.67,13.96
1981-08-03,15.5,16.16,15.62,15.23,14.95,14.27
1981-08-04,15.48,16.16,15.6,15.25,14.95,14.17
1981-08-05,15.35,16.07,15.4,15.16,14.91,14.15
1981-08-06,15.36,16.03,15.31,15.07,14.86,14.04
1981-08-07,15.44,16.05,15.34,15.05,14.83,14.07
1981-08-10,15.22,15.83,15.08,14.81,14.65,13.88
1981-08-11,14.85,15.67,14.87,14.57,14.4,13.63
1981-08-12,15.28,16.02,15.12,14.82,14.61,13.82
1981-08-13,15.42,16.13,15.26,14.92,14.65,13.88
1981-08-14,15.5,16.19,15.34,15.04,14.74,13.95
1981-08-17,15.74,16.22,15.39,15,14.71,13.9
1981-08-18,15.72,16.3,15.45,15.08,14.79,13.95
1981-08-19,15.67,16.32,15.48,15.05,14.77,13.95
1981-08-20,15.62,16.25,15.63,15.2,14.89,14.08
1981-08-21,15.4,16.31,15.62,15.3,14.97,14.14
1981-08-24,15.85,16.86,16,15.71,15.32,14.57
1981-08-25,15.78,16.67,16.07,15.69,15.35,14.61
1981-08-26,15.83,16.69,15.99,15.67,15.31,14.6
1981-08-27,15.72,16.75,16.15,15.73,15.36,14.59
1981-08-28,15.38,16.57,16.01,15.65,15.25,14.49
1981-08-31,15.52,16.73,16.11,15.71,15.41,14.78
1981-09-01,15.59,16.78,16.12,15.71,15.41,14.7
1981-09-02,15.66,16.78,16.09,15.75,15.4,14.7
1981-09-03,15.63,16.9,16.14,15.78,15.48,14.82
1981-09-04,15.56,16.89,16.17,15.86,15.51,14.84
1981-09-08,15.65,16.95,16.23,15.92,15.59,14.99
1981-09-09,15.36,16.95,16.22,15.89,15.53,14.73
1981-09-10,15.01,16.72,16.01,15.67,15.3,14.68
1981-09-11,14.52,16.47,15.81,15.41,15.05,14.49
1981-09-14,14.45,16.43,15.93,15.6,15.2,14.51
1981-09-15,14.29,16.13,15.71,15.41,15.08,14.44
1981-09-16,14.34,16.09,15.75,15.44,15.11,14.42
1981-09-17,14.32,16.01,15.55,15.27,14.95,14.26
1981-09-18,14.34,16.02,15.55,15.24,14.91,14.22
1981-09-21,14.27,15.79,15.31,15.11,14.78,14.09
1981-09-22,14.48,16.04,15.61,15.36,15.03,14.33
1981-09-23,14.2,16.11,15.79,15.57,15.23,14.61
1981-09-24,14.21,16.17,15.83,15.57,15.31,14.69
1981-09-25,14.3,16.53,16.13,15.98,15.68,15.08
1981-09-28,14.12,16.57,16.13,15.97,15.65,15.01
1981-09-29,14.16,16.59,16.18,16.05,15.76,15.2
1981-09-30,14.34,16.69,16.27,16.05,15.84,15.19
1981-10-01,14.57,16.57,16.13,15.97,15.75,15.14
1981-10-02,14.65,16.34,15.83,15.69,15.41,14.8
1981-10-05,14.27,15.87,15.55,15.41,15.19,14.62
1981-10-06,13.9,15.85,15.53,15.4,15.14,14.6
1981-10-07,13.85,15.73,15.43,15.35,15.04,14.54
1981-10-08,13.7,15.79,15.41,15.35,15,14.44
1981-10-09,13.33,15.2,15.03,15.02,14.73,14.26
1981-10-13,13.5,15.25,15.12,15.05,14.83,14.36
1981-10-14,13.24,15.35,15.13,15.07,14.87,14.48
1981-10-15,13.36,15.31,15.12,15.05,14.88,14.39
1981-10-16,13.52,15.46,15.2,15.14,14.94,14.55
1981-10-19,13.52,15.48,15.29,15.16,14.95,14.52
1981-10-20,13.46,15.48,15.37,15.27,15.09,14.66
1981-10-21,13.29,15.55,15.55,15.47,15.34,14.94
1981-10-22,13.32,15.56,15.57,15.51,15.38,14.91
1981-10-23,13.24,15.41,15.46,15.42,15.3,14.81
1981-10-26,13.32,15.56,15.68,15.66,15.6,15.21
1981-10-27,13.36,15.56,15.62,15.62,15.54,15.09
1981-10-28,13.22,15.42,15.54,15.54,15.44,15.03
1981-10-29,13.04,15.07,15.2,15.12,15.06,14.66
1981-10-30,12.75,14.59,14.78,14.73,14.63,14.36
1981-11-02,12.69,14.44,14.61,14.66,14.57,14.41
1981-11-04,12.3,14.11,14.32,14.26,14.18,13.96
1981-11-05,12.18,14.2,14.43,14.35,14.19,14.06
1981-11-06,11.68,13.86,14.07,14.1,13.94,13.85
1981-11-09,11.19,13.17,13.54,13.52,13.39,13.56
1981-11-10,11.15,13.22,13.63,13.56,13.4,13.55
1981-11-12,10.6,12.77,13.23,13.22,13.19,13.21
1981-11-13,10.78,12.83,13.31,13.35,13.18,13.26
1981-11-16,10.63,12.69,13.21,13.25,13.07,13.11
1981-11-17,10.63,12.71,13.21,13.25,13.18,13.25
1981-11-18,10.07,12.19,13.11,13.17,13,13.05
1981-11-19,10.12,12.22,13.04,13.07,13.04,13.09
1981-11-20,10.11,12.21,13.01,13.11,13.14,13.08
1981-11-23,10.49,12.5,13.31,13.41,13.44,13.38
1981-11-24,10.17,12.15,12.75,13.05,13.13,13.03
1981-11-25,10.1,12.13,12.61,12.73,12.98,12.83
1981-11-27,10.17,12.11,12.58,12.68,12.92,12.76
1981-11-30,10.37,12.36,12.79,12.86,13.13,12.91
1981-12-01,10.49,12.71,13.11,13.17,13.37,13.06
1981-12-02,10.62,12.89,13.25,13.31,13.49,13.21
1981-12-03,10.52,12.88,13.21,13.27,13.45,13.16
1981-12-04,9.94,12.23,12.8,12.89,13.15,12.89
1981-12-07,10.22,12.58,13.22,13.29,13.5,13.26
1981-12-08,10.26,12.65,13.23,13.29,13.5,13.24
1981-12-09,10.38,12.87,13.4,13.45,13.64,13.39
1981-12-10,10.68,13.16,13.77,13.78,13.8,13.58
1981-12-11,10.82,13.35,13.73,13.75,13.84,13.55
1981-12-14,10.95,13.39,13.55,13.56,13.62,13.34
1981-12-15,10.89,13.1,13.35,13.39,13.55,13.3
1981-12-16,10.87,13.04,13.36,13.43,13.53,13.32
1981-12-17,11.14,13.37,13.55,13.58,13.71,13.48
1981-12-18,10.87,13.19,13.4,13.41,13.51,13.3
1981-12-21,11.1,13.61,13.87,13.83,13.83,13.55
1981-12-22,11.03,13.77,14.03,14.02,14.02,13.65
1981-12-23,11.32,14.12,14.2,14.14,14.14,13.85
1981-12-24,11.1,13.95,14.03,13.98,14.01,13.76
1981-12-28,11.27,14.02,14.01,14.01,14.01,13.72
1981-12-29,11.7,13.98,14.11,14.09,14.12,13.88
1981-12-30,11.36,13.9,14.06,14.07,14.17,13.86
1981-12-31,11.08,13.63,13.97,13.97,13.98,13.65
1982-01-04,11.39,13.87,14.15,14.16,14.19,13.87
1982-01-05,11.72,14.09,14.41,14.42,14.44,14.14
1982-01-06,11.64,14.19,14.6,14.73,14.59,14.28
1982-01-07,11.66,14.33,14.66,14.81,14.63,14.32
1982-01-08,11.52,14.11,14.47,14.6,14.48,14.13
1982-01-11,11.97,14.55,14.83,14.92,14.81,14.43
1982-01-12,11.96,14.49,14.7,14.75,14.62,14.27
1982-01-13,12.14,14.78,14.86,14.9,14.83,14.47
1982-01-14,12.06,14.71,14.69,14.77,14.7,14.31
1982-01-15,12.21,14.81,14.86,14.87,14.82,14.41
1982-01-18,12.25,14.83,14.77,14.82,14.75,14.27
1982-01-19,12.56,14.79,14.79,14.83,14.8,14.36
1982-01-20,12.72,15.02,14.9,14.86,14.81,14.32
1982-01-21,12.77,14.96,14.75,14.73,14.62,14.21
1982-01-22,13.02,15.06,14.85,14.78,14.69,14.24
1982-01-25,13.32,14.93,14.8,14.73,14.62,14.2
1982-01-26,13.02,14.7,14.63,14.57,14.54,14.19
1982-01-27,12.8,14.57,14.62,14.55,14.51,14.17
1982-01-28,12.28,14.33,14.33,14.32,14.29,13.98
1982-01-29,12.52,14.24,14.24,14.23,14.14,13.91
1982-02-01,13.68,15.04,14.79,14.67,14.58,14.33
1982-02-02,13.61,14.85,14.61,14.52,14.47,14.26
1982-02-03,13.77,14.93,14.73,14.7,14.69,14.41
1982-02-04,13.69,14.96,14.82,14.77,14.76,14.54
1982-02-05,13.63,14.89,14.72,14.65,14.65,14.43
1982-02-08,13.96,15.09,14.94,14.89,14.88,14.74
1982-02-09,14.18,15.15,15.02,14.98,14.95,14.8
1982-02-10,14.15,15.08,14.89,14.85,14.81,14.64
1982-02-11,14.19,15.07,14.8,14.74,14.71,14.54
1982-02-16,14.57,15.04,14.68,14.54,14.53,14.33
1982-02-17,14.47,15.18,14.73,14.52,14.5,14.3
1982-02-18,13.7,14.99,14.45,14.32,14.28,14.06
1982-02-19,13.49,14.94,14.44,14.3,14.24,14.02
1982-02-22,12.55,14.35,13.97,13.89,13.87,13.65
1982-02-23,12.35,14.33,14.03,13.99,13.93,13.73
1982-02-24,12,14.24,13.98,13.93,13.87,13.62
1982-02-25,12.23,14.25,14.01,13.95,13.91,13.72
1982-02-26,12.44,14.44,14.12,14.08,14.03,13.83
1982-03-01,12.27,14.25,13.97,13.96,13.85,13.63
1982-03-02,12.37,14.14,13.87,13.88,13.74,13.44
1982-03-03,12.28,14.09,13.77,13.78,13.69,13.39
1982-03-04,12.18,13.9,13.61,13.61,13.61,13.35
1982-03-05,12.19,13.79,13.57,13.6,13.59,13.35
1982-03-08,12.12,13.71,13.57,13.61,13.67,13.49
1982-03-09,12.36,13.93,13.72,13.69,13.69,13.43
1982-03-10,12.41,13.97,13.75,13.74,13.73,13.5
1982-03-11,12.64,14.25,14.03,13.98,13.95,13.65
1982-03-12,12.81,14.35,14.04,14,13.97,13.65
1982-03-15,12.89,14.43,14.11,14.05,13.96,13.56
1982-03-16,12.73,14.35,14.04,13.95,13.91,13.57
1982-03-17,12.76,14.15,14,13.94,13.88,13.52
1982-03-18,12.83,14.24,14.01,13.92,13.87,13.51
1982-03-19,13.04,14.35,14.06,13.96,13.89,13.56
1982-03-22,12.65,14.09,13.91,13.82,13.74,13.37
1982-03-23,12.53,14.07,13.89,13.81,13.72,13.36
1982-03-24,12.68,14.14,14.1,14.03,13.91,13.51
1982-03-25,12.75,14.24,14.09,14.01,13.9,13.49
1982-03-26,13,14.35,14.18,14.11,14.01,13.65
1982-03-29,13.41,14.53,14.39,14.3,14.16,13.79
1982-03-30,13.43,14.63,14.41,14.34,14.19,13.81
1982-03-31,13.26,14.52,14.39,14.37,14.18,13.68
1982-04-01,13.24,14.42,14.26,14.25,14.1,13.6
1982-04-02,13.26,14.44,14.26,14.23,14.1,13.61
1982-04-05,13.05,14.37,14.28,14.27,14.16,13.72
1982-04-06,13.13,14.42,14.3,14.27,14.18,13.73
1982-04-07,13.18,14.54,14.3,14.26,14.18,13.71
1982-04-08,13.03,14.28,14.11,14.05,13.98,13.48
1982-04-12,12.81,14.22,14.01,13.92,13.83,13.3
1982-04-13,12.73,14.17,13.99,13.93,13.83,13.32
1982-04-14,12.81,14.35,14.12,14.05,13.95,13.42
1982-04-15,12.86,14.39,14.05,13.91,13.91,13.32
1982-04-16,12.64,14.24,13.83,13.69,13.71,13.18
1982-04-19,12.48,14.18,13.83,13.73,13.66,13.13
1982-04-20,12.46,14.14,13.89,13.81,13.72,13.21
1982-04-21,12.19,14.04,13.81,13.72,13.69,13.22
1982-04-22,12.42,14.06,13.87,13.8,13.71,13.19
1982-04-23,12.39,14.02,13.84,13.75,13.69,13.18
1982-04-26,12.44,14.02,13.81,13.75,13.7,13.16
1982-04-27,12.43,13.95,13.8,13.74,13.7,13.19
1982-04-28,12.44,13.99,13.87,13.8,13.77,13.27
1982-04-29,12.44,14.02,13.95,13.92,13.87,13.38
1982-04-30,12.34,13.99,13.9,13.88,13.87,13.39
1982-05-03,12.74,14.13,14.02,14.02,13.95,13.45
1982-05-04,12.73,14.17,14.02,13.97,13.87,13.37
1982-05-05,12.62,14.04,13.95,13.9,13.8,13.34
1982-05-06,12.34,13.78,13.71,13.64,13.54,13.13
1982-05-07,12.25,13.67,13.64,13.61,13.48,13.08
1982-05-10,12.33,13.71,13.59,13.59,13.49,13.13
1982-05-11,12.3,13.73,13.64,13.62,13.46,13.08
1982-05-12,12.4,13.8,13.75,13.73,13.59,13.23
1982-05-13,12.5,13.95,13.84,13.79,13.62,13.25
1982-05-14,12.36,13.86,13.64,13.61,13.48,13.17
1982-05-17,12.32,13.85,13.71,13.66,13.57,13.29
1982-05-18,12.23,13.85,13.76,13.73,13.6,13.26
1982-05-19,11.94,13.78,13.81,13.79,13.64,13.3
1982-05-20,11.5,13.48,13.64,13.63,13.53,13.17
1982-05-21,11.51,13.57,13.66,13.63,13.52,13.17
1982-05-24,11.5,13.62,13.68,13.67,13.58,13.19
1982-05-25,11.57,13.68,13.73,13.74,13.62,13.2
1982-05-26,11.55,13.62,13.74,13.8,13.68,13.29
1982-05-27,11.57,13.63,13.79,13.83,13.72,13.36
1982-05-28,11.5,13.62,13.76,13.86,13.71,13.39
1982-06-01,12.01,13.92,13.98,14.07,13.93,13.66
1982-06-02,12.06,13.95,13.96,14.03,13.86,13.6
1982-06-03,12.07,13.9,13.94,14.04,13.9,13.66
1982-06-04,12.22,14.03,14.03,14.12,13.98,13.76
1982-06-07,12.09,13.97,14,14.07,13.94,13.66
1982-06-08,12.17,14.04,14.04,14.12,13.98,13.71
1982-06-09,12.08,14.11,14.06,14.14,13.99,13.71
1982-06-10,11.98,14.12,14.08,14.16,14.02,13.72
1982-06-11,11.99,14.08,14,14.07,13.93,13.61
1982-06-14,12.34,14.37,14.31,14.36,14.21,13.89
1982-06-15,12.36,14.41,14.31,14.36,14.21,13.87
1982-06-16,12.31,14.45,14.39,14.4,14.26,13.91
1982-06-17,12.56,14.79,14.61,14.62,14.48,14.1
1982-06-18,12.73,14.96,14.8,14.81,14.62,14.19
1982-06-21,12.56,14.92,14.85,14.85,14.63,14.15
1982-06-22,12.78,14.9,14.84,14.87,14.66,14.21
1982-06-23,12.87,14.97,14.95,14.95,14.74,14.26
1982-06-24,12.99,14.95,14.94,14.92,14.71,14.2
1982-06-25,13.19,14.98,14.93,14.93,14.76,14.24
1982-06-28,13.11,14.93,14.91,14.91,14.73,14.19
1982-06-29,13.02,14.83,14.8,14.78,14.61,14.11
1982-06-30,12.76,14.66,14.65,14.66,14.44,13.91
1982-07-01,12.55,14.6,14.62,14.62,14.4,13.9
1982-07-02,12.59,14.71,14.69,14.7,14.5,14.03
1982-07-06,12.62,14.72,14.69,14.69,14.48,14
1982-07-07,12.58,14.68,14.69,14.67,14.49,13.9
1982-07-08,11.95,14.26,14.33,14.33,14.19,13.7
1982-07-09,11.77,14.05,14.19,14.17,14.03,13.57
1982-07-12,11.73,13.86,14.01,13.97,13.87,13.46
1982-07-13,11.95,14.13,14.19,14.16,14.02,13.61
1982-07-14,12,14.23,14.27,14.24,14.1,13.68
1982-07-15,11.64,14.07,14.16,14.13,13.96,13.57
1982-07-16,11.21,13.71,13.86,13.82,13.7,13.35
1982-07-19,11.06,13.52,13.8,13.8,13.68,13.34
1982-07-20,10.66,13.27,13.65,13.64,13.53,13.24
1982-07-21,10.75,13.13,13.7,13.7,13.6,13.3
1982-07-22,10.41,13.04,13.55,13.59,13.51,13.2
1982-07-23,10.33,13.04,13.58,13.61,13.56,13.25
1982-07-26,10.45,13.33,13.92,13.95,13.91,13.48
1982-07-27,10.66,13.35,13.89,13.95,13.86,13.46
1982-07-28,10.72,13.45,14,14.07,13.97,13.6
1982-07-29,10.53,13.42,13.89,13.94,13.83,13.51
1982-07-30,10.17,13.17,13.73,13.75,13.68,13.42
1982-08-02,9.36,12.82,13.46,13.5,13.41,13.17
1982-08-03,9.8,12.9,13.52,13.56,13.51,13.27
1982-08-04,9.73,12.93,13.6,13.68,13.68,13.27
1982-08-05,9.8,13.08,13.68,13.75,13.7,13.29
1982-08-06,10.31,13.24,13.86,13.94,13.85,13.41
1982-08-09,9.86,13.08,13.72,13.79,13.7,13.31
1982-08-10,10.02,13.15,13.74,13.77,13.69,13.27
1982-08-11,9.97,13.15,13.74,13.77,13.71,13.26
1982-08-12,9.38,12.93,13.5,13.63,13.55,13.15
1982-08-13,9.25,12.75,13.24,13.32,13.2,12.98
1982-08-16,8.67,12.36,13,13.15,13.09,12.8
1982-08-17,8.05,11.83,12.61,12.72,12.65,12.42
1982-08-18,8.06,11.76,12.45,12.67,12.57,12.29
1982-08-19,7.52,11.61,12.42,12.61,12.47,12.31
1982-08-20,7.08,11.2,12.15,12.23,12.24,12.14
1982-08-23,7.5,11.57,12.39,12.59,12.47,12.29
1982-08-24,7.61,11.5,12.29,12.49,12.35,12.16
1982-08-25,7.42,11.66,12.26,12.55,12.43,12.21
1982-08-26,7.14,11.67,12.32,12.62,12.55,12.31
1982-08-27,7.84,11.93,12.65,12.85,12.77,12.54
1982-08-30,8.16,12.01,12.71,12.96,12.81,12.54
1982-08-31,8.42,11.99,12.65,12.89,12.81,12.5
1982-09-01,8.42,12,12.58,12.83,12.76,12.41
1982-09-02,8.36,11.95,12.52,12.69,12.6,12.3
1982-09-03,8.17,11.69,12.26,12.49,12.47,12.16
1982-09-07,8.39,11.8,12.36,12.59,12.53,12.19
1982-09-08,8.3,11.87,12.4,12.58,12.51,12.17
1982-09-09,8.28,11.87,12.41,12.58,12.53,12.21
1982-09-10,8.37,12.06,12.56,12.76,12.73,12.41
1982-09-13,8.12,11.93,12.52,12.68,12.63,12.26
1982-09-14,7.89,11.88,12.38,12.61,12.56,12.24
1982-09-15,8.14,12.16,12.56,12.62,12.6,12.25
1982-09-16,8.03,12.14,12.52,12.61,12.6,12.18
1982-09-17,7.96,11.96,12.39,12.49,12.51,12.12
1982-09-20,7.78,11.98,12.43,12.45,12.47,12.04
1982-09-21,7.63,11.68,12.13,12.14,12.18,11.82
1982-09-22,7.35,11.61,12.04,12.04,12.04,11.83
1982-09-23,7.28,11.5,11.92,11.94,11.94,11.75
1982-09-24,7.6,11.65,12.05,12.09,12.09,11.88
1982-09-27,7.58,11.69,11.95,11.99,11.99,11.82
1982-09-28,7.48,11.42,11.78,11.83,11.85,11.76
1982-09-29,7.58,11.38,11.76,11.79,11.8,11.79
1982-09-30,7.62,11.23,11.69,11.72,11.73,11.79
1982-10-01,7.35,11.13,11.5,11.51,11.51,11.65
1982-10-04,7.94,11.51,11.73,11.73,11.72,11.83
1982-10-05,8.14,11.42,11.7,11.71,11.69,11.81
1982-10-06,8.05,11.21,11.52,11.5,11.5,11.69
1982-10-07,7.76,10.46,10.81,10.87,10.91,11.29
1982-10-08,7.75,10.15,10.71,10.77,10.83,11.19
1982-10-12,7.38,9.69,10.4,10.5,10.53,10.85
1982-10-13,7.42,9.68,10.28,10.36,10.39,10.75
1982-10-14,7.54,9.84,10.52,10.59,10.61,10.86
1982-10-15,7.56,10,10.64,10.73,10.75,11.03
1982-10-18,7.43,9.8,10.42,10.54,10.58,10.9
1982-10-19,7.48,9.82,10.38,10.52,10.56,10.87
1982-10-20,7.56,9.72,10.52,10.64,10.69,10.91
1982-10-21,7.57,9.79,10.54,10.66,10.69,10.92
1982-10-22,7.64,9.87,10.66,10.79,10.81,11.03
1982-10-25,7.87,10.09,10.97,11.09,11.11,11.25
1982-10-26,7.96,9.89,10.74,10.82,10.87,11.17
1982-10-27,8,9.94,10.76,10.87,10.9,11.23
1982-10-28,7.91,9.89,10.61,10.73,10.77,11.12
1982-10-29,7.9,9.85,10.58,10.68,10.71,11.01
1982-11-01,7.81,9.68,10.41,10.54,10.56,10.84
1982-11-03,7.79,9.65,10.3,10.42,10.46,10.72
1982-11-04,7.73,9.64,10.28,10.42,10.42,10.66
1982-11-05,7.78,9.73,10.36,10.52,10.48,10.59
1982-11-08,7.92,9.81,10.46,10.59,10.55,10.61
1982-11-09,8,9.74,10.41,10.5,10.51,10.44
1982-11-10,8.08,9.77,10.38,10.48,10.48,10.37
1982-11-12,8.28,9.87,10.5,10.58,10.58,10.43
1982-11-15,8.43,9.91,10.6,10.66,10.65,10.52
1982-11-16,8.4,9.9,10.63,10.67,10.67,10.6
1982-11-17,8.36,9.9,10.55,10.59,10.59,10.54
1982-11-18,8.27,9.81,10.42,10.45,10.46,10.33
1982-11-19,8.1,9.79,10.36,10.42,10.42,10.35
1982-11-22,7.96,9.73,10.25,10.44,10.43,10.43
1982-11-23,7.95,9.73,10.19,10.47,10.53,10.46
1982-11-24,7.93,9.8,10.2,10.48,10.59,10.52
1982-11-26,7.93,9.76,10.19,10.45,10.51,10.47
1982-11-29,8.26,9.94,10.39,10.66,10.78,10.72
1982-11-30,8.28,9.96,10.37,10.67,10.79,10.7
1982-12-01,8.28,9.96,10.34,10.62,10.74,10.69
1982-12-02,8.04,9.89,10.29,10.57,10.68,10.63
1982-12-03,7.84,9.72,10.16,10.4,10.47,10.44
1982-12-06,7.88,9.73,10.17,10.38,10.46,10.41
1982-12-07,7.93,9.72,10.21,10.43,10.48,10.45
1982-12-08,7.97,9.85,10.25,10.51,10.62,10.54
1982-12-09,7.96,9.83,10.3,10.52,10.58,10.52
1982-12-10,8.04,9.87,10.37,10.58,10.66,10.63
1982-12-13,8,9.84,10.34,10.57,10.61,10.57
1982-12-14,7.68,9.54,10.13,10.41,10.46,10.48
1982-12-15,7.63,9.49,10.15,10.45,10.5,10.55
1982-12-16,7.83,9.59,10.24,10.53,10.59,10.66
1982-12-17,7.87,9.66,10.28,10.53,10.64,10.69
1982-12-20,7.88,9.67,10.31,10.69,10.7,10.77
1982-12-21,7.9,9.54,10.21,10.53,10.54,10.53
1982-12-22,7.92,9.55,10.22,10.53,10.53,10.55
1982-12-23,7.92,9.52,10.15,10.45,10.47,10.5
1982-12-27,7.91,9.54,10.15,10.39,10.44,10.44
1982-12-28,8.05,9.52,10.15,10.4,10.44,10.43
1982-12-29,8.14,9.54,10.19,10.45,10.47,10.49
1982-12-30,8.02,9.52,10.19,10.42,10.44,10.46
1982-12-31,7.92,9.48,10.09,10.32,10.36,10.43
1983-01-03,7.92,9.29,10.02,10.25,10.32,10.39
1983-01-04,8,9.43,10.07,10.3,10.37,10.45
1983-01-05,7.98,9.39,10.06,10.3,10.35,10.47
1983-01-06,7.94,9.39,10.05,10.34,10.39,10.5
1983-01-07,7.76,9.26,9.98,10.27,10.36,10.5
1983-01-10,7.72,9.24,9.96,10.31,10.38,10.51
1983-01-11,7.69,9.19,9.92,10.26,10.34,10.48
1983-01-12,7.68,9.22,9.92,10.24,10.32,10.46
1983-01-13,7.66,9.11,9.81,10.18,10.27,10.45
1983-01-14,7.55,9.09,9.78,10.13,10.28,10.5
1983-01-17,7.6,9.17,9.78,10.14,10.28,10.5
1983-01-18,7.64,9.14,9.79,10.15,10.3,10.56
1983-01-19,7.68,9.2,9.89,10.29,10.41,10.67
1983-01-20,7.78,9.26,9.94,10.31,10.43,10.66
1983-01-21,8.03,9.46,10.18,10.51,10.61,10.78
1983-01-24,8.1,9.54,10.26,10.61,10.7,10.88
1983-01-25,8.05,9.44,10.18,10.54,10.62,10.82
1983-01-26,8.08,9.52,10.23,10.6,10.69,10.92
1983-01-27,8.02,9.49,10.2,10.57,10.67,10.85
1983-01-28,8,9.47,10.21,10.6,10.71,10.9
1983-01-31,8.1,9.58,10.31,10.69,10.8,10.99
1983-02-01,8.16,9.6,10.34,10.69,10.78,10.95
1983-02-02,8.16,9.71,10.37,10.71,10.88,10.94
1983-02-03,8.15,9.71,10.39,10.76,10.93,11.06
1983-02-04,8.25,9.82,10.51,10.86,10.99,11.12
1983-02-07,8.23,9.8,10.49,10.83,10.96,11.1
1983-02-08,8.29,9.83,10.5,10.84,10.99,11.12
1983-02-09,8.28,9.89,10.58,10.89,11,11.14
1983-02-10,8.17,9.74,10.38,10.69,10.83,10.96
1983-02-11,8.14,9.7,10.31,10.64,10.8,10.94
1983-02-14,8.24,9.78,10.37,10.63,10.8,10.95
1983-02-15,8.25,9.77,10.37,10.69,10.84,10.99
1983-02-16,8.2,9.69,10.29,10.64,10.81,10.95
1983-02-17,8.1,9.65,10.24,10.54,10.71,10.86
1983-02-18,7.99,9.56,10.13,10.45,10.6,10.78
1983-02-22,7.91,9.41,10.01,10.3,10.46,10.63
1983-02-23,7.96,9.44,10,10.21,10.44,10.62
1983-02-24,7.93,9.4,9.96,10.16,10.42,10.61
1983-02-25,7.82,9.28,9.82,10.01,10.26,10.5
1983-02-28,7.93,9.31,9.83,10.01,10.27,10.51
1983-03-01,7.96,9.26,9.74,9.93,10.22,10.45
1983-03-02,8,9.3,9.76,9.99,10.26,10.48
1983-03-03,7.95,9.24,9.72,9.93,10.23,10.44
1983-03-04,8.01,9.25,9.75,9.99,10.27,10.46
1983-03-07,8.18,9.46,9.92,10.14,10.43,10.59
1983-03-08,8.3,9.62,10.01,10.23,10.52,10.65
1983-03-09,8.26,9.62,10.02,10.21,10.48,10.64
1983-03-10,8.24,9.67,10.08,10.3,10.55,10.67
1983-03-11,8.27,9.66,10.12,10.34,10.59,10.75
1983-03-14,8.23,9.58,10.02,10.23,10.48,10.66
1983-03-15,8.25,9.57,9.99,10.19,10.46,10.62
1983-03-16,8.3,9.65,10.09,10.31,10.53,10.68
1983-03-17,8.34,9.71,10.14,10.37,10.56,10.68
1983-03-18,8.44,9.78,10.15,10.39,10.58,10.71
1983-03-21,8.5,9.79,10.2,10.46,10.6,10.71
1983-03-22,8.61,9.84,10.29,10.53,10.62,10.71
1983-03-23,8.47,9.81,10.23,10.52,10.58,10.64
1983-03-24,8.51,9.82,10.24,10.49,10.58,10.61
1983-03-25,8.65,9.91,10.32,10.57,10.64,10.7
1983-03-28,8.65,9.92,10.33,10.58,10.66,10.71
1983-03-29,8.63,9.88,10.28,10.53,10.6,10.66
1983-03-30,8.63,9.88,10.25,10.48,10.59,10.65
1983-03-31,8.64,9.87,10.27,10.52,10.62,10.69
1983-04-04,8.64,9.87,10.25,10.49,10.6,10.67
1983-04-05,8.51,9.72,10.11,10.38,10.49,10.55
1983-04-06,8.4,9.69,10.11,10.37,10.49,10.54
1983-04-07,8.36,9.67,10.09,10.38,10.51,10.56
1983-04-08,8.33,9.67,10.11,10.38,10.51,10.58
1983-04-11,8.17,9.53,9.99,10.29,10.41,10.46
1983-04-12,8.2,9.58,10.01,10.31,10.42,10.46
1983-04-13,8.18,9.57,10.01,10.29,10.39,10.44
1983-04-14,8.12,9.49,9.93,10.17,10.29,10.37
1983-04-15,8.14,9.53,9.98,10.22,10.33,10.4
1983-04-18,8.07,9.49,9.95,10.18,10.29,10.35
1983-04-19,8.16,9.58,10.04,10.3,10.39,10.46
1983-04-20,8.1,9.58,10.01,10.31,10.39,10.48
1983-04-21,8.14,9.61,10.07,10.32,10.43,10.53
1983-04-22,8.15,9.58,10.03,10.3,10.42,10.52
1983-04-25,8.15,9.52,10.01,10.29,10.4,10.48
1983-04-26,8.14,9.49,10.02,10.24,10.37,10.47
1983-04-27,8.1,9.42,9.92,10.17,10.29,10.43
1983-04-28,8.1,9.42,9.91,10.17,10.31,10.41
1983-04-29,8.08,9.35,9.88,10.15,10.27,10.38
1983-05-02,8.05,9.29,9.82,10.1,10.26,10.39
1983-05-03,8.04,9.27,9.81,10.11,10.26,10.38
1983-05-04,8.01,9.19,9.73,10.02,10.12,10.27
1983-05-05,8.06,9.25,9.76,10.09,10.16,10.3
1983-05-06,7.98,9.17,9.74,10.04,10.13,10.28
1983-05-09,8.13,9.33,9.86,10.17,10.25,10.37
1983-05-10,8,9.24,9.81,10.09,10.16,10.3
1983-05-11,7.96,9.22,9.82,10.1,10.18,10.33
1983-05-12,8.05,9.29,9.87,10.13,10.23,10.4
1983-05-13,8.02,9.27,9.86,10.13,10.22,10.37
1983-05-16,8.15,9.47,10.02,10.33,10.37,10.54
1983-05-17,8.13,9.48,10.03,10.33,10.41,10.58
1983-05-18,8.11,9.49,10.06,10.34,10.43,10.6
1983-05-19,8.14,9.61,10.17,10.42,10.49,10.67
1983-05-20,8.18,9.64,10.2,10.46,10.54,10.69
1983-05-23,8.42,9.74,10.27,10.52,10.57,10.71
1983-05-24,8.47,9.75,10.3,10.51,10.56,10.69
1983-05-25,8.49,9.76,10.29,10.53,10.58,10.71
1983-05-26,8.53,9.89,10.38,10.61,10.63,10.76
1983-05-27,8.48,9.9,10.37,10.58,10.62,10.78
1983-05-31,8.63,10.02,10.55,10.77,10.81,10.97
1983-06-01,8.58,9.97,10.48,10.74,10.77,10.91
1983-06-02,8.5,9.96,10.46,10.74,10.78,10.91
1983-06-03,8.55,10.01,10.53,10.78,10.79,10.93
1983-06-06,8.64,10.09,10.54,10.78,10.79,10.9
1983-06-07,8.82,10.18,10.61,10.85,10.85,10.97
1983-06-08,8.83,10.2,10.64,10.91,10.92,11.02
1983-06-09,8.74,10.12,10.63,10.84,10.88,10.96
1983-06-10,8.78,10.2,10.64,10.87,10.89,10.95
1983-06-13,8.7,10.11,10.5,10.77,10.75,10.84
1983-06-14,8.73,10.09,10.53,10.75,10.77,10.88
1983-06-15,8.72,10.06,10.48,10.71,10.72,10.81
1983-06-16,8.65,10.05,10.46,10.63,10.64,10.72
1983-06-17,8.69,10.07,10.47,10.66,10.68,10.77
1983-06-20,8.96,10.26,10.62,10.77,10.8,10.85
1983-06-21,8.95,10.27,10.64,10.75,10.79,10.86
1983-06-22,8.97,10.31,10.71,10.81,10.83,10.9
1983-06-23,8.93,10.33,10.76,10.87,10.9,10.95
1983-06-24,9.04,10.43,10.83,11,11.02,11.06
1983-06-27,9.03,10.44,10.92,11.07,11.11,11.16
1983-06-28,8.98,10.35,10.85,10.99,11.04,11.1
1983-06-29,8.85,10.27,10.76,10.94,10.99,11.06
1983-06-30,8.79,10.23,10.76,10.92,10.96,11.01
1983-07-01,8.73,10.17,10.72,10.89,10.93,11
1983-07-05,9.02,10.52,11.03,11.21,11.21,11.25
1983-07-06,9.02,10.49,10.98,11.16,11.16,11.21
1983-07-07,9.1,10.59,11.12,11.29,11.29,11.31
1983-07-08,9.12,10.69,11.16,11.31,11.33,11.37
1983-07-11,9.04,10.56,11.09,11.25,11.28,11.29
1983-07-12,9.14,10.74,11.24,11.41,11.42,11.45
1983-07-13,9.1,10.71,11.21,11.37,11.4,11.44
1983-07-14,9.08,10.72,11.21,11.34,11.38,11.38
1983-07-15,9.14,10.82,11.36,11.47,11.51,11.47
1983-07-18,9.11,10.76,11.3,11.38,11.41,11.37
1983-07-19,9.14,10.69,11.23,11.34,11.36,11.33
1983-07-20,9.07,10.64,11.14,11.25,11.28,11.28
1983-07-21,9.07,10.66,11.16,11.29,11.32,11.34
1983-07-22,9.09,10.77,11.26,11.36,11.43,11.48
1983-07-25,9.07,10.74,11.26,11.39,11.41,11.42
1983-07-26,9.11,10.77,11.33,11.46,11.49,11.5
1983-07-27,9.07,10.77,11.32,11.46,11.51,11.53
1983-07-28,9.17,10.86,11.47,11.6,11.66,11.68
1983-07-29,9.22,11.03,11.59,11.74,11.76,11.8
1983-08-01,9.27,11.09,11.63,11.8,11.8,11.82
1983-08-02,9.49,11.14,11.68,11.78,11.82,11.78
1983-08-03,9.39,11.13,11.68,11.83,11.92,11.87
1983-08-04,9.43,11.27,11.84,12,12.12,12.12
1983-08-05,9.45,11.27,11.85,12,12.1,12.07
1983-08-08,9.5,11.37,11.95,12.14,12.2,12.15
1983-08-09,9.53,11.33,11.88,12.09,12.13,12.09
1983-08-10,9.56,11.41,11.94,12.13,12.17,12.13
1983-08-11,9.52,11.32,11.87,12.01,12.04,12
1983-08-12,9.49,11.27,11.82,11.93,11.96,11.89
1983-08-15,9.4,11.08,11.58,11.69,11.76,11.71
1983-08-16,9.4,10.97,11.52,11.62,11.71,11.7
1983-08-17,9.32,10.86,11.41,11.55,11.65,11.61
1983-08-18,9.3,10.85,11.44,11.58,11.7,11.68
1983-08-19,9.31,10.9,11.5,11.62,11.72,11.73
1983-08-22,9.16,10.75,11.3,11.41,11.54,11.51
1983-08-23,9.19,10.79,11.37,11.46,11.57,11.56
1983-08-24,9.12,10.76,11.3,11.44,11.54,11.52
1983-08-25,9.1,10.83,11.35,11.49,11.62,11.57
1983-08-26,9.16,10.88,11.4,11.57,11.65,11.6
1983-08-29,9.25,11.09,11.63,11.77,11.86,11.81
1983-08-30,9.3,11.08,11.67,11.83,11.9,11.89
1983-08-31,9.26,11.18,11.79,11.94,11.98,11.96
1983-09-01,9.22,11.16,11.76,11.91,11.97,11.95
1983-09-02,9.27,11.18,11.81,11.97,12.01,11.97
1983-09-06,9.18,11.03,11.63,11.79,11.85,11.82
1983-09-07,9.1,10.88,11.52,11.68,11.7,11.68
1983-09-08,9.11,10.95,11.57,11.73,11.77,11.73
1983-09-09,9.13,10.93,11.53,11.71,11.73,11.7
1983-09-12,9.05,10.71,11.35,11.49,11.56,11.56
1983-09-13,9.08,10.77,11.38,11.57,11.63,11.61
1983-09-14,9.11,10.88,11.51,11.7,11.76,11.73
1983-09-15,9.1,10.95,11.61,11.78,11.82,11.8
1983-09-16,9.07,10.83,11.43,11.64,11.68,11.65
1983-09-19,8.99,10.72,11.42,11.57,11.66,11.65
1983-09-20,8.97,10.7,11.33,11.51,11.57,11.57
1983-09-21,8.95,10.73,11.4,11.61,11.64,11.6
1983-09-22,8.93,10.74,11.4,11.56,11.6,11.56
1983-09-23,8.88,10.61,11.29,11.46,11.49,11.47
1983-09-26,8.73,10.49,11.18,11.39,11.41,11.42
1983-09-27,8.73,10.57,11.21,11.42,11.45,11.44
1983-09-28,8.78,10.59,11.24,11.46,11.49,11.47
1983-09-29,8.81,10.64,11.26,11.46,11.5,11.48
1983-09-30,8.71,10.53,11.2,11.39,11.44,11.44
1983-10-03,8.74,10.55,11.22,11.42,11.47,11.48
1983-10-04,8.65,10.56,11.22,11.42,11.46,11.47
1983-10-05,8.54,10.45,11.11,11.27,11.35,11.38
1983-10-06,8.56,10.42,11.1,11.27,11.31,11.36
1983-10-07,8.6,10.45,11.12,11.3,11.33,11.38
1983-10-11,8.81,10.68,11.36,11.52,11.57,11.61
1983-10-12,8.78,10.65,11.35,11.54,11.59,11.62
1983-10-13,8.81,10.71,11.4,11.6,11.65,11.69
1983-10-14,8.77,10.65,11.31,11.52,11.58,11.61
1983-10-17,8.55,10.49,11.21,11.39,11.47,11.51
1983-10-18,8.52,10.48,11.2,11.42,11.49,11.56
1983-10-19,8.5,10.55,11.2,11.42,11.49,11.51
1983-10-20,8.54,10.54,11.22,11.42,11.47,11.51
1983-10-21,8.54,10.48,11.18,11.37,11.43,11.47
1983-10-24,8.68,10.68,11.39,11.58,11.66,11.69
1983-10-25,8.66,10.63,11.4,11.59,11.7,11.73
1983-10-26,8.66,10.63,11.4,11.6,11.72,11.73
1983-10-27,8.65,10.6,11.39,11.55,11.66,11.71
1983-10-28,8.63,10.61,11.39,11.57,11.68,11.74
1983-10-31,8.51,10.61,11.39,11.62,11.74,11.78
1983-11-01,8.47,10.64,11.38,11.56,11.69,11.77
1983-11-02,8.49,10.62,11.39,11.6,11.7,11.76
1983-11-03,8.64,10.63,11.41,11.66,11.75,11.83
1983-11-04,8.81,10.76,11.53,11.75,11.85,11.91
1983-11-07,8.77,10.79,11.56,11.75,11.85,11.9
1983-11-09,8.78,10.74,11.54,11.74,11.84,11.87
1983-11-10,8.76,10.63,11.4,11.61,11.71,11.74
1983-11-14,8.77,10.6,11.38,11.59,11.68,11.73
1983-11-15,8.78,10.66,11.4,11.6,11.7,11.72
1983-11-16,8.8,10.66,11.4,11.61,11.7,11.76
1983-11-17,8.84,10.68,11.44,11.64,11.72,11.78
1983-11-18,8.85,10.68,11.46,11.65,11.72,11.79
1983-11-21,8.78,10.65,11.38,11.59,11.65,11.7
1983-11-22,8.77,10.6,11.34,11.49,11.57,11.64
1983-11-23,8.81,10.64,11.37,11.53,11.59,11.65
1983-11-25,8.78,10.63,11.31,11.48,11.55,11.63
1983-11-28,8.87,10.69,11.41,11.56,11.63,11.7
1983-11-29,8.87,10.65,11.31,11.52,11.58,11.62
1983-11-30,8.88,10.67,11.36,11.57,11.63,11.67
1983-12-01,8.87,10.66,11.37,11.58,11.63,11.67
1983-12-02,8.93,10.77,11.47,11.71,11.75,11.79
1983-12-05,8.93,10.8,11.5,11.72,11.78,11.81
1983-12-06,8.94,10.74,11.46,11.71,11.76,11.81
1983-12-07,8.95,10.75,11.49,11.73,11.79,11.83
1983-12-08,9.02,10.83,11.57,11.81,11.89,11.93
1983-12-09,9,10.85,11.58,11.83,11.9,11.95
1983-12-12,8.96,10.82,11.54,11.81,11.87,11.94
1983-12-13,9.09,10.93,11.65,11.9,11.95,12
1983-12-14,9.12,10.92,11.68,11.91,11.97,12.01
1983-12-15,9.17,10.93,11.66,11.91,11.96,11.99
1983-12-16,9.11,10.87,11.59,11.85,11.88,11.94
1983-12-19,9.09,10.87,11.59,11.84,11.87,11.94
1983-12-20,9.04,10.87,11.56,11.8,11.86,11.94
1983-12-21,9,10.88,11.54,11.79,11.83,11.91
1983-12-22,8.89,10.83,11.51,11.71,11.77,11.84
1983-12-23,8.96,10.86,11.53,11.73,11.79,11.86
1983-12-27,8.92,10.85,11.5,11.7,11.75,11.8
1983-12-28,8.98,10.85,11.56,11.76,11.81,11.84
1983-12-29,8.98,10.84,11.52,11.74,11.79,11.84
1983-12-30,8.97,10.85,11.57,11.77,11.82,11.87
1984-01-03,9,10.87,11.59,11.79,11.86,11.93
1984-01-04,8.98,10.77,11.5,11.7,11.78,11.83
1984-01-05,8.93,10.75,11.47,11.69,11.77,11.84
1984-01-06,8.87,10.68,11.43,11.64,11.73,11.82
1984-01-09,8.9,10.73,11.47,11.69,11.75,11.84
1984-01-10,8.9,10.66,11.44,11.63,11.71,11.79
1984-01-11,8.93,10.72,11.46,11.68,11.76,11.83
1984-01-12,8.92,10.71,11.48,11.69,11.76,11.81
1984-01-13,8.74,10.5,11.26,11.48,11.59,11.67
1984-01-16,8.78,10.52,11.25,11.44,11.54,11.62
1984-01-17,8.83,10.55,11.28,11.49,11.57,11.65
1984-01-18,8.91,10.58,11.3,11.52,11.61,11.7
1984-01-19,8.9,10.57,11.29,11.5,11.6,11.68
1984-01-20,8.97,10.6,11.32,11.53,11.64,11.71
1984-01-23,8.94,10.61,11.31,11.52,11.63,11.69
1984-01-24,8.92,10.63,11.31,11.53,11.63,11.69
1984-01-25,8.93,10.65,11.31,11.53,11.64,11.72
1984-01-26,8.93,10.62,11.31,11.52,11.63,11.7
1984-01-27,8.91,10.62,11.31,11.52,11.63,11.73
1984-01-30,8.89,10.57,11.31,11.53,11.66,11.74
1984-01-31,8.89,10.58,11.34,11.56,11.67,11.78
1984-02-01,8.89,10.56,11.31,11.53,11.64,11.74
1984-02-02,8.91,10.54,11.28,11.49,11.6,11.71
1984-02-03,8.96,10.53,11.31,11.52,11.6,11.72
1984-02-06,9.09,10.67,11.4,11.6,11.7,11.79
1984-02-07,9.06,10.66,11.4,11.61,11.71,11.79
1984-02-08,9.06,10.65,11.41,11.63,11.72,11.83
1984-02-09,9.03,10.66,11.43,11.64,11.73,11.84
1984-02-10,9.06,10.73,11.52,11.75,11.83,11.92
1984-02-14,9.07,10.78,11.54,11.77,11.85,11.95
1984-02-15,9.06,10.73,11.5,11.72,11.81,11.92
1984-02-16,9.07,10.75,11.51,11.71,11.83,11.94
1984-02-17,9.17,10.87,11.63,11.81,11.92,12.02
1984-02-21,9.13,10.85,11.62,11.81,11.91,12.02
1984-02-22,9.13,10.92,11.61,11.81,11.93,12.06
1984-02-23,9.26,11.03,11.76,11.94,12.05,12.17
1984-02-24,9.18,10.94,11.69,11.9,11.99,12.1
1984-02-27,9.19,11.02,11.77,11.97,12.05,12.16
1984-02-28,9.21,11.04,11.8,12,12.09,12.22
1984-02-29,9.14,10.99,11.74,11.97,12.04,12.14
1984-03-01,9.19,11.05,11.77,11.99,12.07,12.16
1984-03-02,9.16,10.92,11.68,11.91,11.99,12.05
1984-03-05,9.2,11.01,11.76,11.98,12.07,12.17
1984-03-06,9.23,11.01,11.77,12.02,12.09,12.19
1984-03-07,9.31,11.08,11.87,12.12,12.22,12.31
1984-03-08,9.34,11.15,11.9,12.15,12.24,12.33
1984-03-09,9.35,11.19,11.95,12.2,12.28,12.35
1984-03-12,9.34,11.18,11.94,12.15,12.24,12.33
1984-03-13,9.38,11.22,11.97,12.21,12.27,12.37
1984-03-14,9.46,11.26,12,12.26,12.31,12.4
1984-03-15,9.48,11.28,11.99,12.23,12.31,12.39
1984-03-16,9.5,11.27,12.01,12.25,12.34,12.43
1984-03-19,9.64,11.39,12.11,12.37,12.45,12.53
1984-03-20,9.8,11.45,12.13,12.38,12.44,12.51
1984-03-21,9.81,11.57,12.17,12.38,12.45,12.53
1984-03-22,9.79,11.59,12.22,12.43,12.49,12.53
1984-03-23,9.77,11.59,12.23,12.43,12.48,12.5
1984-03-26,9.73,11.56,12.2,12.38,12.46,12.48
1984-03-27,9.78,11.58,12.21,12.4,12.46,12.5
1984-03-28,9.71,11.48,12.15,12.38,12.42,12.44
1984-03-29,9.68,11.49,12.16,12.36,12.41,12.42
1984-03-30,9.72,11.6,12.28,12.45,12.53,12.52
1984-04-02,9.68,11.61,12.29,12.5,12.56,12.55
1984-04-03,9.78,11.73,12.4,12.58,12.65,12.63
1984-04-04,9.79,11.76,12.44,12.6,12.67,12.67
1984-04-05,9.79,11.7,12.42,12.58,12.65,12.67
1984-04-06,9.68,11.55,12.24,12.42,12.51,12.5
1984-04-09,9.59,11.55,12.22,12.39,12.47,12.48
1984-04-10,9.63,11.54,12.26,12.42,12.52,12.54
1984-04-11,9.63,11.53,12.24,12.41,12.5,12.51
1984-04-12,9.64,11.49,12.16,12.32,12.4,12.41
1984-04-13,9.74,11.66,12.3,12.5,12.57,12.58
1984-04-16,9.79,11.7,12.35,12.53,12.61,12.65
1984-04-17,9.76,11.59,12.3,12.49,12.57,12.62
1984-04-18,9.75,11.69,12.4,12.62,12.7,12.73
1984-04-19,9.73,11.77,12.47,12.68,12.77,12.81
1984-04-23,9.65,11.78,12.49,12.69,12.8,12.82
1984-04-24,9.65,11.73,12.46,12.66,12.75,12.75
1984-04-25,9.63,11.79,12.45,12.64,12.69,12.71
1984-04-26,9.54,11.77,12.42,12.6,12.67,12.68
1984-04-27,9.71,11.89,12.55,12.72,12.79,12.82
1984-04-30,9.72,11.89,12.57,12.75,12.82,12.86
1984-05-01,9.7,11.88,12.57,12.76,12.82,12.87
1984-05-02,9.68,11.92,12.62,12.8,12.86,12.9
1984-05-03,9.67,11.96,12.64,12.81,12.89,12.92
1984-05-04,9.87,12.15,12.83,12.97,13.07,13.08
1984-05-07,9.93,12.24,12.9,13.08,13.13,13.17
1984-05-08,10.04,12.23,12.88,13.05,13.09,13.12
1984-05-09,10,12.32,12.97,13.14,13.21,13.26
1984-05-10,9.86,12.32,12.98,13.17,13.25,13.3
1984-05-11,10.01,12.55,13.2,13.4,13.46,13.51
1984-05-14,9.97,12.57,13.3,13.49,13.58,13.62
1984-05-15,10.11,12.51,13.23,13.41,13.48,13.5
1984-05-16,9.75,12.42,13.17,13.34,13.41,13.46
1984-05-17,9.78,12.51,13.27,13.45,13.54,13.57
1984-05-18,9.81,12.47,13.21,13.35,13.45,13.46
1984-05-21,9.7,12.48,13.18,13.35,13.43,13.46
1984-05-22,10.04,12.58,13.27,13.43,13.52,13.53
1984-05-23,9.91,12.67,13.3,13.43,13.54,13.56
1984-05-24,9.71,12.77,13.46,13.62,13.72,13.73
1984-05-25,9.58,12.77,13.52,13.67,13.75,13.72
1984-05-29,9.72,12.98,13.7,13.83,13.89,13.85
1984-05-30,9.76,13.04,13.84,13.95,13.99,13.94
1984-05-31,9.75,13,13.76,13.87,13.91,13.84
1984-06-01,9.8,12.72,13.46,13.61,13.63,13.58
1984-06-04,9.85,12.63,13.29,13.39,13.42,13.37
1984-06-05,9.75,12.6,13.24,13.34,13.37,13.35
1984-06-06,9.76,12.75,13.38,13.51,13.54,13.47
1984-06-07,9.84,12.81,13.43,13.56,13.54,13.48
1984-06-08,9.87,12.74,13.35,13.46,13.46,13.42
1984-06-11,10.03,13,13.57,13.61,13.58,13.48
1984-06-12,10.07,12.92,13.45,13.59,13.54,13.39
1984-06-13,9.89,12.83,13.37,13.48,13.44,13.29
1984-06-14,9.88,12.75,13.31,13.4,13.39,13.28
1984-06-15,9.88,12.63,13.12,13.2,13.21,13.14
1984-06-18,9.96,12.75,13.19,13.26,13.27,13.16
1984-06-19,9.91,12.79,13.3,13.37,13.38,13.3
1984-06-20,9.91,13.08,13.57,13.66,13.65,13.49
1984-06-21,9.93,13.14,13.67,13.72,13.72,13.55
1984-06-22,9.84,13.15,13.72,13.73,13.74,13.55
1984-06-25,9.75,13.12,13.7,13.72,13.75,13.56
1984-06-26,9.8,13.17,13.77,13.79,13.79,13.6
1984-06-27,9.75,13.12,13.7,13.75,13.76,13.56
1984-06-28,9.84,13.17,13.7,13.78,13.8,13.57
1984-06-29,9.92,13.17,13.72,13.82,13.84,13.64
1984-07-02,9.74,13.17,13.73,13.83,13.87,13.64
1984-07-03,9.98,13.12,13.67,13.79,13.8,13.52
1984-07-05,9.96,13.07,13.64,13.73,13.77,13.55
1984-07-06,10,13.13,13.65,13.74,13.75,13.55
1984-07-09,10,12.96,13.4,13.48,13.48,13.28
1984-07-10,10.09,13,13.46,13.52,13.53,13.28
1984-07-11,10.1,13.06,13.45,13.55,13.55,13.33
1984-07-12,10.03,12.96,13.39,13.43,13.42,13.2
1984-07-13,9.96,12.85,13.24,13.3,13.3,13.12
1984-07-16,10,12.89,13.24,13.32,13.32,13.12
1984-07-17,10.18,12.93,13.29,13.37,13.37,13.18
1984-07-18,10.11,12.89,13.22,13.31,13.32,13.14
1984-07-19,10.12,12.82,13.17,13.23,13.25,13.12
1984-07-20,10.15,12.85,13.24,13.32,13.36,13.26
1984-07-23,10.21,12.87,13.25,13.34,13.35,13.27
1984-07-24,10.27,12.85,13.24,13.3,13.31,13.25
1984-07-25,10.26,12.64,12.95,13.04,13.06,12.97
1984-07-26,10.24,12.55,12.8,12.89,12.89,12.88
1984-07-27,10.28,12.59,12.89,12.95,12.95,12.91
1984-07-30,10.34,12.66,13,13.05,13.05,12.99
1984-07-31,10.4,12.57,12.85,12.91,12.91,12.87
1984-08-01,10.43,12.48,12.74,12.82,12.81,12.78
1984-08-02,10.46,12.48,12.71,12.75,12.74,12.7
1984-08-03,10.46,12.3,12.55,12.61,12.61,12.59
1984-08-06,10.54,12.42,12.66,12.74,12.73,12.69
1984-08-07,10.53,12.41,12.64,12.71,12.69,12.64
1984-08-08,10.47,12.37,12.62,12.69,12.66,12.62
1984-08-09,10.41,12.33,12.59,12.65,12.61,12.47
1984-08-10,10.43,12.35,12.63,12.68,12.68,12.47
1984-08-13,10.45,12.45,12.71,12.79,12.74,12.54
1984-08-14,10.3,12.34,12.62,12.68,12.67,12.48
1984-08-15,10.2,12.39,12.68,12.76,12.74,12.57
1984-08-16,10.26,12.4,12.66,12.73,12.7,12.51
1984-08-17,10.33,12.4,12.67,12.73,12.7,12.46
1984-08-20,10.44,12.42,12.66,12.74,12.69,12.41
1984-08-21,10.42,12.41,12.64,12.67,12.62,12.35
1984-08-22,10.41,12.45,12.66,12.69,12.65,12.43
1984-08-23,10.45,12.44,12.68,12.72,12.69,12.45
1984-08-24,10.48,12.41,12.67,12.69,12.66,12.44
1984-08-27,10.67,12.54,12.8,12.84,12.81,12.6
1984-08-28,10.65,12.54,12.82,12.84,12.81,12.57
1984-08-29,10.66,12.56,12.78,12.88,12.83,12.57
1984-08-30,10.65,12.56,12.79,12.89,12.84,12.56
1984-08-31,10.63,12.54,12.77,12.85,12.79,12.51
1984-09-04,10.67,12.59,12.85,12.94,12.88,12.57
1984-09-05,10.63,12.63,12.92,13.01,12.92,12.61
1984-09-06,10.6,12.54,12.82,12.88,12.81,12.48
1984-09-07,10.55,12.45,12.75,12.8,12.7,12.44
1984-09-10,10.42,12.27,12.65,12.72,12.62,12.37
1984-09-11,10.39,12.26,12.59,12.64,12.54,12.31
1984-09-12,10.4,12.3,12.62,12.65,12.55,12.33
1984-09-13,10.33,12.21,12.47,12.52,12.44,12.22
1984-09-14,10.37,12.15,12.42,12.49,12.42,12.22
1984-09-17,10.38,12.16,12.42,12.49,12.4,12.18
1984-09-18,10.32,12.1,12.33,12.43,12.35,12.15
1984-09-19,10.27,11.94,12.26,12.33,12.25,12.07
1984-09-20,10.24,11.94,12.27,12.35,12.28,12.08
1984-09-21,10.25,12.06,12.44,12.51,12.45,12.22
1984-09-24,10.3,12.1,12.51,12.58,12.52,12.31
1984-09-25,10.29,12.12,12.53,12.61,12.56,12.34
1984-09-26,10.22,12.05,12.47,12.54,12.46,12.27
1984-09-27,10.16,11.95,12.31,12.38,12.31,12.12
1984-09-28,10.22,12.07,12.48,12.54,12.47,12.28
1984-10-01,10.23,12.09,12.51,12.6,12.54,12.35
1984-10-02,10.25,12.07,12.52,12.61,12.54,12.35
1984-10-03,10.18,12.06,12.49,12.59,12.54,12.36
1984-10-04,10.15,12.02,12.45,12.57,12.52,12.31
1984-10-05,10.14,11.93,12.35,12.44,12.39,12.2
1984-10-09,10.09,11.87,12.32,12.43,12.36,12.18
1984-10-10,10.07,11.89,12.32,12.44,12.36,12.19
1984-10-11,9.96,11.78,12.23,12.37,12.31,12.15
1984-10-12,9.9,11.72,12.17,12.32,12.28,12.12
1984-10-15,9.98,11.78,12.24,12.38,12.34,12.16
1984-10-16,9.95,11.77,12.25,12.33,12.32,12.15
1984-10-17,9.87,11.7,12.21,12.27,12.28,12.08
1984-10-18,9.71,11.53,11.98,12.07,12.09,11.88
1984-10-19,9.56,11.39,11.82,11.91,11.93,11.74
1984-10-22,9.55,11.35,11.82,11.87,11.9,11.69
1984-10-23,9.45,11.17,11.62,11.72,11.78,11.64
1984-10-24,9.16,11.1,11.55,11.68,11.74,11.62
1984-10-25,9.17,11.13,11.65,11.77,11.83,11.68
1984-10-26,9.34,11.33,11.83,11.95,11.99,11.78
1984-10-29,9.29,11.3,11.79,11.89,11.95,11.75
1984-10-30,9.19,11.13,11.63,11.69,11.75,11.61
1984-10-31,9.01,11.09,11.59,11.7,11.79,11.64
1984-11-01,9.01,10.93,11.45,11.57,11.66,11.53
1984-11-02,9,10.96,11.46,11.58,11.66,11.55
1984-11-05,8.67,10.79,11.4,11.52,11.6,11.5
1984-11-07,8.55,10.8,11.45,11.63,11.72,11.63
1984-11-08,8.75,10.95,11.55,11.74,11.81,11.78
1984-11-09,8.64,10.81,11.47,11.63,11.71,11.66
1984-11-13,8.71,10.89,11.55,11.69,11.78,11.74
1984-11-14,8.76,10.91,11.59,11.72,11.81,11.78
1984-11-15,8.66,10.78,11.52,11.65,11.73,11.7
1984-11-16,8.59,10.71,11.46,11.59,11.69,11.67
1984-11-19,8.59,10.67,11.41,11.54,11.61,11.6
1984-11-20,8.62,10.59,11.29,11.46,11.53,11.56
1984-11-21,8.54,10.39,11.14,11.29,11.39,11.46
1984-11-23,8.44,10.29,10.99,11.15,11.24,11.32
1984-11-26,8.48,10.33,11.05,11.19,11.28,11.35
1984-11-27,8.38,10.31,11.05,11.19,11.28,11.33
1984-11-28,8.38,10.35,11.03,11.31,11.38,11.44
1984-11-29,8.35,10.37,11.07,11.34,11.42,11.47
1984-11-30,8.44,10.5,11.25,11.56,11.58,11.58
1984-12-03,8.41,10.5,11.23,11.51,11.56,11.56
1984-12-04,8.49,10.44,11.16,11.45,11.52,11.53
1984-12-05,8.47,10.4,11.14,11.46,11.52,11.53
1984-12-06,8.48,10.49,11.23,11.55,11.61,11.62
1984-12-07,8.35,10.51,11.31,11.64,11.7,11.7
1984-12-10,8.34,10.47,11.26,11.61,11.66,11.66
1984-12-11,8.35,10.4,11.18,11.53,11.57,11.59
1984-12-12,8.27,10.35,11.14,11.51,11.54,11.56
1984-12-13,8.29,10.4,11.27,11.67,11.7,11.67
1984-12-14,8.11,10.2,11.08,11.5,11.56,11.56
1984-12-17,7.96,10.07,11.01,11.43,11.49,11.5
1984-12-18,7.81,9.85,10.83,11.25,11.29,11.35
1984-12-19,7.71,9.89,10.86,11.28,11.34,11.38
1984-12-20,7.8,9.94,10.89,11.28,11.37,11.43
1984-12-21,7.77,9.94,10.89,11.29,11.34,11.38
1984-12-24,7.64,9.83,10.85,11.26,11.31,11.36
1984-12-26,7.63,9.95,10.97,11.42,11.45,11.46
1984-12-27,7.67,9.96,10.98,11.43,11.45,11.48
1984-12-28,7.74,10.02,11.03,11.44,11.46,11.49
1984-12-31,7.85,10.02,11.08,11.52,11.55,11.54
1985-01-02,7.83,10.03,11.22,11.68,11.7,11.69
1985-01-03,7.8,10.06,11.13,11.54,11.62,11.64
1985-01-04,7.82,10.08,11.19,11.61,11.67,11.7
1985-01-07,7.78,10.01,11.09,11.41,11.5,11.53
1985-01-08,7.79,9.99,11.04,11.36,11.45,11.49
1985-01-09,7.69,9.95,11.03,11.36,11.47,11.5
1985-01-10,7.74,10,11.05,11.37,11.48,11.53
1985-01-11,7.76,10.08,11.14,11.47,11.59,11.64
1985-01-14,7.7,10.07,11.13,11.47,11.6,11.68
1985-01-15,7.73,10,11.01,11.33,11.49,11.57
1985-01-16,7.74,9.99,11.02,11.37,11.51,11.59
1985-01-17,7.74,9.98,10.99,11.34,11.48,11.59
1985-01-18,7.74,9.91,10.89,11.25,11.39,11.51
1985-01-22,7.7,9.83,10.79,11.13,11.27,11.38
1985-01-23,7.64,9.83,10.74,11.06,11.21,11.33
1985-01-24,7.62,9.74,10.61,10.91,11.06,11.18
1985-01-25,7.64,9.76,10.66,10.98,11.11,11.21
1985-01-28,7.72,9.79,10.7,10.98,11.11,11.2
1985-01-29,7.82,9.79,10.7,10.98,11.11,11.18
1985-01-30,7.83,9.76,10.68,10.96,11.08,11.16
1985-01-31,8.05,9.9,10.77,11.07,11.17,11.21
1985-02-01,8.19,10.04,10.93,11.2,11.29,11.32
1985-02-04,8.18,10.03,10.99,11.25,11.35,11.34
1985-02-05,8.14,9.99,10.93,11.21,11.3,11.3
1985-02-06,8.12,10.03,11,11.31,11.4,11.37
1985-02-07,8.17,10.06,11.04,11.34,11.41,11.29
1985-02-08,8.23,10.03,11,11.3,11.37,11.27
1985-02-11,8.21,10.06,11.05,11.35,11.42,11.35
1985-02-13,8.24,10.03,11.02,11.32,11.39,11.31
1985-02-14,8.19,9.98,10.93,11.22,11.29,11.24
1985-02-15,8.19,10.02,10.98,11.32,11.38,11.37
1985-02-19,8.17,10.01,10.95,11.27,11.37,11.35
1985-02-20,8.24,10.13,11.09,11.43,11.52,11.5
1985-02-21,8.43,10.29,11.29,11.58,11.64,11.58
1985-02-22,8.39,10.34,11.35,11.71,11.76,11.71
1985-02-25,8.38,10.36,11.4,11.7,11.75,11.71
1985-02-26,8.35,10.36,11.35,11.67,11.72,11.67
1985-02-27,8.45,10.56,11.51,11.87,11.89,11.88
1985-02-28,8.5,10.66,11.55,11.87,11.91,11.9
1985-03-01,8.66,10.73,11.52,11.81,11.86,11.82
1985-03-04,8.7,10.78,11.57,11.87,11.93,11.91
1985-03-05,8.68,10.71,11.49,11.8,11.86,11.83
1985-03-06,8.69,10.75,11.53,11.86,11.92,11.89
1985-03-07,8.8,10.83,11.61,11.91,11.94,11.93
1985-03-08,8.58,10.56,11.37,11.69,11.71,11.71
1985-03-11,8.47,10.56,11.38,11.71,11.72,11.71
1985-03-12,8.54,10.62,11.45,11.76,11.78,11.74
1985-03-13,8.6,10.79,11.59,11.88,11.9,11.83
1985-03-14,8.72,10.86,11.63,11.91,11.92,11.84
1985-03-15,8.41,10.82,11.63,11.92,11.93,11.86
1985-03-18,8.51,10.89,11.7,12,12.02,11.97
1985-03-19,8.55,10.85,11.67,11.97,11.99,11.93
1985-03-20,8.53,10.85,11.62,11.9,11.91,11.84
1985-03-21,8.44,10.69,11.48,11.78,11.82,11.77
1985-03-22,8.51,10.75,11.55,11.83,11.88,11.83
1985-03-25,8.42,10.71,11.53,11.8,11.86,11.79
1985-03-26,8.34,10.63,11.45,11.73,11.77,11.72
1985-03-27,8.33,10.63,11.49,11.82,11.84,11.78
1985-03-28,8.19,10.53,11.38,11.69,11.75,11.73
1985-03-29,8.18,10.43,11.29,11.59,11.65,11.64
1985-04-01,8.15,10.45,11.28,11.57,11.66,11.65
1985-04-02,8.22,10.48,11.33,11.64,11.7,11.68
1985-04-03,8.16,10.49,11.34,11.65,11.73,11.71
1985-04-04,8.13,10.53,11.35,11.7,11.75,11.74
1985-04-08,8.12,10.49,11.36,11.69,11.77,11.75
1985-04-09,8.09,10.38,11.28,11.6,11.66,11.66
1985-04-10,8.1,10.31,11.2,11.5,11.58,11.54
1985-04-11,8.04,10.12,11.05,11.31,11.42,11.4
1985-04-12,8.05,10.13,11.05,11.33,11.43,11.42
1985-04-15,8.07,10.09,11.02,11.29,11.37,11.37
1985-04-16,7.93,9.86,10.8,11.14,11.25,11.3
1985-04-17,7.79,9.93,10.86,11.19,11.29,11.33
1985-04-18,7.71,9.73,10.69,11.05,11.13,11.21
1985-04-19,7.79,9.81,10.69,11.06,11.16,11.26
1985-04-22,7.67,9.72,10.67,11.03,11.13,11.23
1985-04-23,7.78,9.88,10.79,11.13,11.25,11.34
1985-04-24,7.75,9.81,10.77,11.15,11.25,11.36
1985-04-25,7.83,9.9,10.87,11.27,11.37,11.44
1985-04-26,7.81,9.88,10.87,11.23,11.35,11.42
1985-04-29,7.84,9.97,10.96,11.35,11.47,11.54
1985-04-30,7.85,9.91,10.91,11.31,11.41,11.48
1985-05-01,7.75,9.82,10.81,11.15,11.27,11.37
1985-05-02,7.76,9.86,10.83,11.17,11.29,11.36
1985-05-03,7.72,9.71,10.74,11.09,11.21,11.31
1985-05-06,7.73,9.7,10.71,11.07,11.19,11.3
1985-05-07,7.76,9.66,10.68,11.06,11.17,11.29
1985-05-08,7.82,9.73,10.74,11.17,11.26,11.39
1985-05-09,7.74,9.67,10.68,11.08,11.2,11.34
1985-05-10,7.73,9.62,10.57,10.93,11.04,11.2
1985-05-13,7.71,9.64,10.56,10.93,11.04,11.2
1985-05-14,7.6,9.47,10.39,10.78,10.87,11.07
1985-05-15,7.43,9.4,10.39,10.78,10.89,11.08
1985-05-16,7.37,9.31,10.28,10.69,10.81,11.02
1985-05-17,7.4,9.37,10.32,10.72,10.84,11.05
1985-05-20,7.26,9.1,10.04,10.45,10.56,10.82
1985-05-21,7.3,9.11,10.07,10.45,10.6,10.85
1985-05-22,7.29,9.11,10.05,10.45,10.62,10.9
1985-05-23,7.24,9.21,10.11,10.47,10.64,10.91
1985-05-24,7.18,9.13,10.05,10.43,10.57,10.85
1985-05-28,7.2,9.05,9.95,10.28,10.43,10.72
1985-05-29,7.24,9.05,9.9,10.31,10.46,10.73
1985-05-30,7.18,9.03,9.84,10.25,10.39,10.67
1985-05-31,7.14,8.92,9.68,10.15,10.28,10.58
1985-06-03,7.02,8.72,9.5,9.93,10.05,10.4
1985-06-04,6.96,8.68,9.47,9.93,10.05,10.39
1985-06-05,6.92,8.42,9.26,9.75,9.83,10.25
1985-06-06,6.98,8.51,9.33,9.84,9.89,10.29
1985-06-07,7.15,8.82,9.67,10.18,10.19,10.52
1985-06-10,7.23,8.87,9.68,10.13,10.16,10.47
1985-06-11,7.15,8.78,9.63,10.04,10.08,10.41
1985-06-12,7.09,8.76,9.65,10.09,10.16,10.46
1985-06-13,6.97,8.76,9.67,10.14,10.21,10.51
1985-06-14,6.7,8.45,9.39,9.9,9.98,10.31
1985-06-17,6.77,8.48,9.45,9.92,9.97,10.28
1985-06-18,6.66,8.37,9.33,9.85,9.9,10.23
1985-06-19,6.74,8.5,9.46,9.97,10.04,10.37
1985-06-20,6.83,8.59,9.51,10.06,10.14,10.44
1985-06-21,7.04,8.8,9.75,10.26,10.34,10.57
1985-06-24,7.06,8.87,9.83,10.37,10.45,10.64
1985-06-25,7.09,8.96,9.95,10.45,10.5,10.67
1985-06-26,6.99,8.94,9.97,10.43,10.54,10.68
1985-06-27,6.9,8.81,9.83,10.25,10.39,10.54
1985-06-28,6.83,8.67,9.65,10.08,10.25,10.47
1985-07-01,6.87,8.66,9.58,10.04,10.19,10.44
1985-07-02,6.95,8.66,9.61,10.05,10.2,10.43
1985-07-03,7.02,8.66,9.62,10.07,10.23,10.45
1985-07-05,6.77,8.36,9.3,9.76,9.93,10.23
1985-07-08,6.92,8.52,9.41,9.87,10.05,10.31
1985-07-09,6.96,8.52,9.41,9.87,10.05,10.31
1985-07-10,6.94,8.55,9.45,9.91,10.07,10.33
1985-07-11,7.05,8.73,9.61,10.08,10.22,10.43
1985-07-12,7.09,8.78,9.63,10.12,10.23,10.42
1985-07-15,7.04,8.76,9.63,10.1,10.22,10.42
1985-07-16,7,8.67,9.59,10.01,10.15,10.37
1985-07-17,6.99,8.63,9.54,9.97,10.12,10.32
1985-07-18,7.15,8.76,9.71,10.15,10.3,10.48
1985-07-19,7.16,8.82,9.72,10.18,10.34,10.52
1985-07-22,7.24,8.95,9.87,10.31,10.46,10.6
1985-07-23,7.26,8.97,9.91,10.32,10.47,10.6
1985-07-24,7.24,8.99,9.92,10.36,10.51,10.63
1985-07-25,7.17,8.96,9.91,10.38,10.52,10.64
1985-07-26,7.19,8.98,9.96,10.45,10.59,10.72
1985-07-29,7.25,9.03,10.02,10.5,10.67,10.79
1985-07-30,7.28,9.04,10.02,10.5,10.66,10.78
1985-07-31,7.28,9.01,9.98,10.41,10.57,10.7
1985-08-01,7.27,9.04,9.95,10.36,10.51,10.62
1985-08-02,7.31,9.15,10.09,10.49,10.66,10.77
1985-08-05,7.27,9.13,10.06,10.48,10.64,10.73
1985-08-06,7.26,9.13,10.08,10.48,10.65,10.75
1985-08-07,7.18,9.08,10.01,10.41,10.55,10.71
1985-08-08,7.17,8.99,9.91,10.3,10.43,10.63
1985-08-09,7.16,8.95,9.86,10.24,10.37,10.61
1985-08-12,7.1,8.95,9.86,10.25,10.38,10.66
1985-08-13,7.14,8.96,9.92,10.32,10.46,10.71
1985-08-14,7.09,8.96,9.84,10.25,10.38,10.61
1985-08-15,7.19,8.96,9.83,10.23,10.36,10.64
1985-08-16,7.11,8.9,9.74,10.13,10.26,10.54
1985-08-19,7.13,8.89,9.74,10.09,10.23,10.5
1985-08-20,7.12,8.86,9.7,10.08,10.2,10.48
1985-08-21,7.04,8.82,9.63,10.02,10.12,10.42
1985-08-22,7.03,8.81,9.62,9.99,10.1,10.41
1985-08-23,7.04,8.87,9.67,10.02,10.14,10.42
1985-08-26,7.07,8.88,9.7,10.06,10.18,10.46
1985-08-27,7.05,8.81,9.65,10,10.12,10.38
1985-08-28,7.06,8.85,9.63,10.03,10.16,10.41
1985-08-29,7.04,8.81,9.58,10,10.12,10.37
1985-08-30,7.14,8.96,9.74,10.17,10.28,10.48
1985-09-03,7.11,8.95,9.71,10.14,10.24,10.46
1985-09-04,7.05,8.85,9.64,10.06,10.16,10.4
1985-09-05,7.13,8.92,9.71,10.15,10.27,10.49
1985-09-06,7.26,9.15,9.97,10.37,10.5,10.73
1985-09-09,7.25,9.13,9.97,10.37,10.49,10.73
1985-09-10,7.23,9.1,9.96,10.35,10.48,10.71
1985-09-11,7.24,9.13,9.98,10.39,10.51,10.73
1985-09-12,7.24,9.15,9.97,10.4,10.52,10.73
1985-09-13,7.21,9.03,9.87,10.29,10.4,10.62
1985-09-16,7.18,8.99,9.83,10.24,10.37,10.58
1985-09-17,7.2,9.05,9.85,10.28,10.41,10.64
1985-09-18,7.11,9.07,9.87,10.3,10.43,10.67
1985-09-19,7.09,9.13,9.89,10.3,10.43,10.65
1985-09-20,7.01,9.01,9.81,10.22,10.36,10.58
1985-09-23,6.89,8.89,9.74,10.23,10.39,10.64
1985-09-24,6.84,8.82,9.69,10.17,10.33,10.62
1985-09-25,6.87,8.71,9.59,10.09,10.27,10.56
1985-09-26,6.94,8.72,9.61,10.05,10.22,10.5
1985-09-30,7.04,8.88,9.73,10.15,10.31,10.57
1985-10-01,7.03,8.83,9.69,10.13,10.29,10.55
1985-10-02,7.02,8.84,9.69,10.15,10.3,10.59
1985-10-03,6.98,8.84,9.69,10.17,10.32,10.59
1985-10-04,6.99,8.84,9.73,10.2,10.36,10.61
1985-10-07,7.08,8.97,9.83,10.29,10.42,10.66
1985-10-08,7.16,8.96,9.81,10.25,10.36,10.63
1985-10-09,7.19,8.97,9.82,10.27,10.37,10.64
1985-10-10,7.22,8.96,9.82,10.26,10.35,10.61
1985-10-11,7.19,8.96,9.82,10.25,10.34,10.61
1985-10-15,7.21,8.94,9.79,10.2,10.3,10.56
1985-10-16,7.21,8.89,9.73,10.13,10.25,10.52
1985-10-17,7.19,8.85,9.67,10.08,10.21,10.47
1985-10-18,7.2,8.81,9.62,10.04,10.17,10.44
1985-10-21,7.21,8.83,9.63,10.05,10.18,10.44
1985-10-22,7.16,8.8,9.6,10,10.12,10.39
1985-10-23,7.22,8.84,9.62,10.01,10.14,10.39
1985-10-24,7.25,8.9,9.64,10.01,10.15,10.41
1985-10-25,7.24,8.88,9.67,10.06,10.21,10.47
1985-10-28,7.21,8.91,9.75,10.16,10.28,10.53
1985-10-29,7.21,8.82,9.61,10.01,10.11,10.37
1985-10-30,7.19,8.68,9.45,9.79,9.97,10.26
1985-10-31,7.19,8.7,9.47,9.82,10.01,10.28
1985-11-01,7.2,8.7,9.45,9.79,9.98,10.24
1985-11-04,7.23,8.71,9.44,9.8,9.98,10.23
1985-11-05,7.24,8.69,9.39,9.75,9.93,10.18
1985-11-06,7.25,8.67,9.38,9.75,9.93,10.19
1985-11-07,7.3,8.67,9.38,9.74,9.91,10.18
1985-11-08,7.23,8.57,9.3,9.67,9.84,10.13
1985-11-12,7.22,8.53,9.2,9.53,9.74,10.03
1985-11-13,7.28,8.58,9.28,9.61,9.78,10.07
1985-11-14,7.32,8.63,9.33,9.67,9.84,10.12
1985-11-15,7.35,8.66,9.39,9.72,9.92,10.18
1985-11-18,7.24,8.51,9.22,9.54,9.72,10.03
1985-11-19,7.21,8.52,9.2,9.54,9.73,10
1985-11-20,7.25,8.54,9.22,9.53,9.72,10
1985-11-21,7.23,8.51,9.17,9.48,9.58,9.93
1985-11-22,7.23,8.52,9.22,9.55,9.66,9.95
1985-11-25,7.19,8.52,9.23,9.55,9.68,9.98
1985-11-26,7.2,8.53,9.24,9.55,9.68,9.96
1985-11-27,7.18,8.52,9.12,9.51,9.64,9.91
1985-11-29,7.16,8.46,9.07,9.47,9.59,9.86
1985-12-02,7.26,8.54,9.14,9.55,9.69,9.94
1985-12-03,7.23,8.52,9.15,9.55,9.68,9.92
1985-12-04,7.22,8.49,9.1,9.5,9.63,9.88
1985-12-05,7.26,8.47,9.1,9.49,9.62,9.88
1985-12-06,7.25,8.47,9.12,9.51,9.65,9.9
1985-12-09,7.2,8.35,8.98,9.34,9.49,9.77
1985-12-10,7.17,8.23,8.83,9.2,9.36,9.65
1985-12-11,7.05,8,8.64,9.02,9.2,9.53
1985-12-12,7.08,8.07,8.72,9.12,9.27,9.58
1985-12-13,6.98,7.97,8.63,9.05,9.21,9.53
1985-12-16,7.03,8,8.62,9,9.16,9.45
1985-12-17,7,7.94,8.48,8.89,9.04,9.35
1985-12-18,7.13,8.04,8.57,8.95,9.11,9.4
1985-12-19,7.1,8,8.58,8.95,9.1,9.37
1985-12-20,7.05,8.01,8.52,8.89,9.04,9.33
1985-12-23,7.07,8.01,8.56,8.94,9.08,9.34
1985-12-24,7.05,8.02,8.56,8.93,9.07,9.33
1985-12-26,7.01,7.99,8.52,8.89,9.04,9.31
1985-12-27,6.96,7.99,8.5,8.86,8.99,9.27
1985-12-30,6.94,7.99,8.49,8.87,9.01,9.28
1985-12-31,7.05,7.98,8.49,8.87,9,9.27
1986-01-02,7.1,8.02,8.51,8.92,9.04,9.28
1986-01-03,7.07,8.03,8.52,8.94,9.05,9.3
1986-01-06,7.06,8.04,8.54,8.96,9.07,9.31
1986-01-07,7.03,7.97,8.44,8.78,8.94,9.18
1986-01-08,7.17,8.09,8.58,8.97,9.13,9.36
1986-01-09,7.18,8.27,8.78,9.1,9.27,9.45
1986-01-10,7.21,8.36,8.89,9.24,9.39,9.54
1986-01-13,7.24,8.38,9,9.33,9.49,9.65
1986-01-14,7.24,8.33,8.93,9.26,9.43,9.56
1986-01-15,7.19,8.24,8.82,9.12,9.31,9.42
1986-01-16,7.08,8.21,8.79,9.11,9.3,9.43
1986-01-17,7.11,8.19,8.74,9.08,9.24,9.4
1986-01-21,7.02,8.2,8.74,9.05,9.22,9.4
1986-01-22,7,8.19,8.77,9.09,9.28,9.45
1986-01-23,6.97,8.17,8.74,9.07,9.23,9.42
1986-01-24,6.97,8.13,8.74,9.06,9.23,9.45
1986-01-27,6.95,8.07,8.63,8.95,9.13,9.37
1986-01-28,6.92,8.02,8.53,8.86,9.05,9.3
1986-01-29,7.03,8.05,8.56,8.9,9.09,9.35
1986-01-30,7.04,8.04,8.57,8.92,9.1,9.36
1986-01-31,6.97,7.99,8.53,8.88,9.08,9.34
1986-02-03,7,7.97,8.5,8.83,9.02,9.28
1986-02-04,6.98,7.94,8.44,8.76,8.96,9.23
1986-02-05,7.01,7.99,8.51,8.83,8.97,9.28
1986-02-06,7.1,8.02,8.54,8.88,9.03,9.25
1986-02-07,7.21,8.15,8.62,8.95,9.11,9.32
1986-02-10,7.2,8.08,8.54,8.86,9,9.23
1986-02-11,7.11,8.04,8.47,8.79,8.93,9.16
1986-02-12,7.11,8.08,8.46,8.78,8.91,9.13
1986-02-13,7.1,8.06,8.43,8.71,8.85,9.08
1986-02-14,7.02,7.99,8.29,8.53,8.68,8.93
1986-02-18,7.02,7.96,8.28,8.51,8.64,8.89
1986-02-19,7.08,8.06,8.37,8.58,8.7,8.92
1986-02-20,7.11,8.05,8.39,8.57,8.67,8.88
1986-02-21,6.98,7.93,8.24,8.4,8.48,8.73
1986-02-24,7.02,7.86,8.2,8.31,8.39,8.61
1986-02-25,7.05,7.89,8.21,8.33,8.4,8.6
1986-02-26,7.07,7.88,8.07,8.26,8.36,8.54
1986-02-27,7.03,7.72,7.91,8.06,8.15,8.32
1986-02-28,7.02,7.71,7.91,8.05,8.13,8.27
1986-03-03,6.97,7.55,7.76,7.92,7.99,8.16
1986-03-04,6.84,7.38,7.55,7.84,7.93,8.1
1986-03-05,6.85,7.54,7.76,8.02,8.12,8.26
1986-03-06,6.69,7.38,7.68,7.9,8.04,8.19
1986-03-07,6.61,7.29,7.56,7.8,7.96,8.15
1986-03-10,6.61,7.16,7.41,7.63,7.76,8
1986-03-11,6.57,7.15,7.35,7.58,7.7,7.94
1986-03-12,6.62,7.17,7.37,7.57,7.68,7.91
1986-03-13,6.59,7.21,7.46,7.65,7.75,7.95
1986-03-14,6.54,7.18,7.4,7.62,7.72,7.95
1986-03-17,6.56,7.22,7.42,7.68,7.77,7.97
1986-03-18,6.54,7.23,7.48,7.76,7.83,8
1986-03-19,6.49,7.17,7.46,7.72,7.82,8
1986-03-20,6.44,7.17,7.45,7.69,7.78,7.95
1986-03-21,6.41,7.19,7.47,7.7,7.8,7.98
1986-03-24,6.41,7.11,7.4,7.62,7.7,7.89
1986-03-25,6.38,7.12,7.39,7.62,7.7,7.9
1986-03-26,6.41,7.11,7.36,7.47,7.64,7.82
1986-03-27,6.34,7.04,7.28,7.35,7.49,7.63
1986-03-31,6.34,6.92,7.19,7.21,7.39,7.44
1986-04-01,6.33,6.89,7.18,7.25,7.37,7.47
1986-04-02,6.34,6.9,7.21,7.24,7.33,7.43
1986-04-03,6.33,6.94,7.29,7.32,7.41,7.46
1986-04-04,6.23,6.85,7.22,7.33,7.45,7.53
1986-04-07,6.24,6.82,7.19,7.3,7.43,7.54
1986-04-08,6.13,6.7,7.07,7.16,7.31,7.39
1986-04-09,6.01,6.58,6.99,7.1,7.27,7.33
1986-04-10,6.02,6.58,6.95,7.05,7.23,7.31
1986-04-11,5.96,6.65,7,7.13,7.29,7.37
1986-04-14,5.91,6.53,6.89,7.02,7.19,7.29
1986-04-15,5.81,6.53,6.88,7.03,7.22,7.34
1986-04-16,5.77,6.39,6.68,6.79,6.98,7.14
1986-04-17,5.84,6.44,6.75,6.86,7.03,7.16
1986-04-18,5.87,6.44,6.78,6.91,7.09,7.19
1986-04-21,5.87,6.46,6.75,6.88,7.04,7.16
1986-04-22,5.95,6.58,6.93,7.13,7.25,7.28
1986-04-23,6.09,6.67,7.11,7.27,7.36,7.45
1986-04-24,6.11,6.89,7.31,7.41,7.51,7.59
1986-04-25,6.14,6.91,7.39,7.49,7.58,7.61
1986-04-28,6.1,6.86,7.27,7.37,7.48,7.54
1986-04-29,6.09,6.85,7.17,7.28,7.38,7.45
1986-04-30,6.1,6.83,7.17,7.26,7.38,7.47
1986-05-01,6.11,6.85,7.2,7.3,7.45,7.54
1986-05-02,6.15,6.88,7.23,7.35,7.51,7.62
1986-05-05,6.06,6.82,7.17,7.28,7.45,7.49
1986-05-06,6.05,6.82,7.16,7.3,7.46,7.5
1986-05-07,6.04,6.83,7.21,7.37,7.43,7.53
1986-05-08,6.04,6.78,7.17,7.32,7.4,7.36
1986-05-09,6.05,6.85,7.25,7.41,7.48,7.37
1986-05-12,6.13,6.98,7.41,7.57,7.67,7.41
1986-05-13,6.09,7,7.46,7.59,7.63,7.42
1986-05-14,6.09,7,7.48,7.62,7.66,7.43
1986-05-15,6.17,7.16,7.67,7.8,7.79,7.5
1986-05-16,6.21,7.32,7.89,7.99,7.99,7.64
1986-05-19,6.2,7.28,7.87,7.97,7.98,7.68
1986-05-20,6.23,7.23,7.8,7.85,7.88,7.58
1986-05-21,6.2,7.2,7.76,7.86,7.9,7.58
1986-05-22,6.2,7.2,7.76,7.85,7.88,7.5
1986-05-23,6.18,7.19,7.73,7.82,7.84,7.45
1986-05-27,6.16,7.14,7.65,7.72,7.73,7.41
1986-05-28,6.19,7.17,7.55,7.72,7.73,7.45
1986-05-29,6.3,7.35,7.78,7.98,7.99,7.66
1986-05-30,6.3,7.36,7.82,8.03,8.05,7.74
1986-06-02,6.36,7.5,8.05,8.28,8.32,7.91
1986-06-03,6.41,7.49,7.99,8.15,8.19,7.81
1986-06-04,6.52,7.63,8.17,8.3,8.39,7.93
1986-06-05,6.51,7.54,8.1,8.22,8.31,7.9
1986-06-06,6.32,7.27,7.78,7.87,7.95,7.65
1986-06-09,6.36,7.39,7.94,8.06,8.13,7.79
1986-06-10,6.28,7.38,7.92,8.02,8.07,7.78
1986-06-11,6.34,7.39,7.9,7.99,8.01,7.7
1986-06-12,6.28,7.31,7.83,7.91,7.98,7.7
1986-06-13,6.17,7.15,7.57,7.66,7.73,7.52
1986-06-16,6.12,7.1,7.47,7.58,7.63,7.43
1986-06-17,6.09,7.08,7.45,7.56,7.63,7.43
1986-06-18,6.09,7.01,7.41,7.54,7.57,7.44
1986-06-19,6.11,7.1,7.49,7.66,7.69,7.52
1986-06-20,6.1,7.06,7.45,7.61,7.6,7.47
1986-06-23,6.11,7.03,7.42,7.55,7.55,7.43
1986-06-24,6.08,6.98,7.35,7.47,7.47,7.39
1986-06-25,6.08,6.91,7.31,7.36,7.42,7.36
1986-06-26,6.08,6.91,7.29,7.37,7.42,7.35
1986-06-27,6.02,6.84,7.27,7.35,7.38,7.29
1986-06-30,5.96,6.81,7.23,7.29,7.35,7.24
1986-07-01,5.99,6.8,7.23,7.31,7.37,7.21
1986-07-02,6,6.81,7.23,7.31,7.37,7.22
1986-07-03,5.91,6.71,7.15,7.23,7.31,7.18
1986-07-07,5.87,6.7,7.14,7.24,7.31,7.16
1986-07-08,5.94,6.84,7.26,7.37,7.44,7.23
1986-07-09,5.88,6.73,7.14,7.25,7.31,7.15
1986-07-10,5.85,6.73,7.12,7.24,7.31,7.16
1986-07-11,5.75,6.6,7,7.23,7.3,7.19
1986-07-14,5.77,6.58,6.97,7.16,7.25,7.14
1986-07-15,5.77,6.56,6.91,7.08,7.16,7.12
1986-07-16,5.77,6.59,6.9,7.11,7.2,7.17
1986-07-17,5.75,6.61,6.91,7.11,7.18,7.2
1986-07-18,5.71,6.56,6.88,7.07,7.16,7.19
1986-07-21,5.72,6.56,6.88,7.05,7.14,7.17
1986-07-22,5.73,6.6,6.93,7.1,7.2,7.27
1986-07-23,5.81,6.63,7.04,7.21,7.29,7.36
1986-07-24,5.81,6.67,7.12,7.26,7.35,7.41
1986-07-25,5.81,6.67,7.09,7.25,7.33,7.4
1986-07-28,5.89,6.76,7.23,7.42,7.53,7.59
1986-07-29,5.86,6.71,7.13,7.31,7.41,7.5
1986-07-30,5.85,6.67,7.1,7.3,7.41,7.51
1986-07-31,5.79,6.57,7.02,7.22,7.34,7.46
1986-08-01,5.77,6.56,7.02,7.22,7.34,7.46
1986-08-04,5.71,6.56,7.01,7.22,7.33,7.46
1986-08-05,5.71,6.58,7.07,7.27,7.39,7.54
1986-08-06,5.72,6.61,7.13,7.35,7.47,7.57
1986-08-07,5.72,6.61,7.1,7.31,7.45,7.56
1986-08-08,5.7,6.54,6.97,7.16,7.3,7.41
1986-08-11,5.67,6.51,6.9,7.12,7.25,7.35
1986-08-12,5.61,6.46,6.89,7.09,7.23,7.34
1986-08-13,5.57,6.37,6.83,7.03,7.15,7.28
1986-08-14,5.59,6.39,6.89,7.02,7.16,7.29
1986-08-15,5.56,6.36,6.83,7.02,7.14,7.29
1986-08-18,5.61,6.37,6.83,7.01,7.14,7.28
1986-08-19,5.56,6.29,6.7,6.89,7.02,7.19
1986-08-20,5.5,6.17,6.65,6.83,7,7.17
1986-08-21,5.37,6.08,6.62,6.78,6.96,7.19
1986-08-22,5.36,6.14,6.68,6.88,7.07,7.27
1986-08-25,5.27,6.1,6.65,6.86,7.06,7.25
1986-08-26,5.29,6.02,6.63,6.75,6.97,7.2
1986-08-27,5.32,6.12,6.53,6.85,7.06,7.28
1986-08-28,5.29,6.07,6.52,6.83,7.04,7.26
1986-08-29,5.17,5.94,6.4,6.75,6.95,7.21
1986-09-02,5.19,5.99,6.45,6.81,7.03,7.23
1986-09-03,5.24,6.14,6.64,7.01,7.2,7.43
1986-09-04,5.19,6.11,6.63,6.98,7.15,7.4
1986-09-05,5.23,6.25,6.81,7.14,7.32,7.54
1986-09-08,5.24,6.3,6.89,7.23,7.38,7.59
1986-09-09,5.2,6.3,6.88,7.2,7.35,7.53
1986-09-10,5.16,6.27,6.85,7.2,7.35,7.54
1986-09-11,5.21,6.43,7.07,7.41,7.57,7.74
1986-09-12,5.17,6.43,7.09,7.48,7.63,7.74
1986-09-15,5.17,6.39,7,7.36,7.53,7.66
1986-09-16,5.13,6.38,6.99,7.35,7.53,7.67
1986-09-17,5.12,6.37,6.93,7.28,7.46,7.64
1986-09-18,5.23,6.47,7.02,7.41,7.62,7.74
1986-09-19,5.25,6.52,7.1,7.5,7.67,7.83
1986-09-22,5.25,6.49,7.06,7.44,7.62,7.79
1986-09-23,5.25,6.46,7.03,7.4,7.58,7.76
1986-09-24,5.24,6.37,6.94,7.29,7.48,7.64
1986-09-25,5.23,6.37,6.94,7.32,7.47,7.64
1986-09-26,5.24,6.39,6.96,7.32,7.47,7.63
1986-09-29,5.26,6.46,7.04,7.39,7.54,7.69
1986-09-30,5.2,6.38,6.98,7.31,7.45,7.6
1986-10-01,5.19,6.36,6.93,7.26,7.41,7.57
1986-10-02,5.19,6.38,6.95,7.31,7.45,7.61
1986-10-03,5.09,6.16,6.74,7.14,7.31,7.53
1986-10-06,5.05,6.14,6.71,7.11,7.28,7.53
1986-10-07,5.06,6.13,6.71,7.09,7.28,7.54
1986-10-08,5.04,6.11,6.71,7.12,7.31,7.6
1986-10-09,5.06,6.15,6.73,7.14,7.33,7.63
1986-10-10,5.06,6.16,6.73,7.18,7.36,7.66
1986-10-14,5.14,6.26,6.82,7.29,7.49,7.79
1986-10-15,5.18,6.27,6.87,7.32,7.51,7.78
1986-10-16,5.2,6.29,6.87,7.34,7.53,7.81
1986-10-17,5.27,6.38,6.94,7.38,7.57,7.84
1986-10-20,5.31,6.47,7.05,7.5,7.66,7.92
1986-10-21,5.31,6.4,6.96,7.39,7.57,7.84
1986-10-22,5.3,6.34,6.91,7.33,7.49,7.78
1986-10-23,5.26,6.31,6.82,7.25,7.43,7.72
1986-10-24,5.27,6.35,6.86,7.28,7.47,7.76
1986-10-27,5.19,6.32,6.82,7.26,7.42,7.71
1986-10-28,5.2,6.34,6.85,7.21,7.45,7.75
1986-10-29,5.2,6.32,6.82,7.19,7.41,7.71
1986-10-30,5.18,6.24,6.75,7.08,7.31,7.61
1986-10-31,5.2,6.26,6.76,7.1,7.34,7.61
1986-11-03,5.21,6.21,6.71,7.06,7.29,7.57
1986-11-04,5.25,6.23,6.71,7.07,7.31,7.59
1986-11-05,5.26,6.26,6.72,7.09,7.24,7.58
1986-11-06,5.26,6.29,6.79,7.16,7.32,7.55
1986-11-07,5.32,6.35,6.86,7.24,7.4,7.63
1986-11-10,5.42,6.42,6.89,7.23,7.38,7.64
1986-11-12,5.4,6.38,6.87,7.2,7.35,7.59
1986-11-13,5.4,6.35,6.83,7.17,7.33,7.59
1986-11-14,5.4,6.33,6.81,7.13,7.29,7.53
1986-11-17,5.4,6.32,6.77,7.06,7.22,7.48
1986-11-18,5.35,6.32,6.79,7.09,7.27,7.52
1986-11-19,5.33,6.21,6.73,7.02,7.19,7.44
1986-11-20,5.38,6.26,6.74,7.04,7.19,7.45
1986-11-21,5.36,6.21,6.72,7.01,7.17,7.44
1986-11-24,5.38,6.19,6.69,6.95,7.11,7.4
1986-11-25,5.39,6.23,6.66,7,7.15,7.44
1986-11-26,5.39,6.21,6.65,7,7.15,7.42
1986-11-28,5.39,6.21,6.65,7,7.15,7.41
1986-12-01,5.42,6.25,6.69,7.02,7.18,7.42
1986-12-02,5.41,6.22,6.61,6.91,7.08,7.34
1986-12-03,5.41,6.17,6.58,6.89,7.06,7.31
1986-12-04,5.4,6.15,6.53,6.85,7.01,7.29
1986-12-05,5.44,6.24,6.65,6.96,7.12,7.38
1986-12-08,5.51,6.24,6.61,6.92,7.1,7.34
1986-12-09,5.48,6.21,6.6,6.91,7.07,7.33
1986-12-10,5.49,6.19,6.58,6.9,7.05,7.32
1986-12-11,5.49,6.24,6.64,6.95,7.12,7.38
1986-12-12,5.49,6.24,6.66,6.98,7.13,7.39
1986-12-15,5.5,6.29,6.69,7,7.15,7.41
1986-12-16,5.58,6.29,6.67,6.97,7.12,7.39
1986-12-17,5.64,6.31,6.68,6.98,7.12,7.39
1986-12-18,5.6,6.31,6.69,6.98,7.11,7.38
1986-12-19,5.51,6.29,6.69,6.98,7.1,7.36
1986-12-22,5.53,6.3,6.69,6.98,7.1,7.36
1986-12-23,5.55,6.3,6.68,6.95,7.08,7.34
1986-12-24,5.57,6.3,6.68,6.96,7.07,7.34
1986-12-26,5.57,6.3,6.69,6.96,7.08,7.34
1986-12-29,5.67,6.37,6.78,7.06,7.17,7.41
1986-12-30,5.69,6.42,6.82,7.09,7.23,7.46
1986-12-31,5.67,6.35,6.81,7.09,7.23,7.49
1987-01-02,5.55,6.3,6.75,7.03,7.18,7.44
1987-01-05,5.55,6.24,6.67,6.95,7.08,7.35
1987-01-06,5.51,6.25,6.67,6.93,7.08,7.36
1987-01-07,5.43,6.22,6.65,6.9,7.05,7.33
1987-01-08,5.43,6.2,6.6,6.89,7.04,7.31
1987-01-09,5.38,6.19,6.58,6.86,7.01,7.29
1987-01-12,5.37,6.2,6.61,6.9,7.05,7.33
1987-01-13,5.36,6.22,6.64,6.94,7.1,7.37
1987-01-14,5.35,6.24,6.67,6.95,7.11,7.41
1987-01-15,5.36,6.22,6.64,6.92,7.08,7.39
1987-01-16,5.33,6.22,6.6,6.87,7.03,7.34
1987-01-20,5.3,6.17,6.57,6.84,7.01,7.32
1987-01-21,5.31,6.17,6.57,6.84,7.01,7.33
1987-01-22,5.38,6.17,6.57,6.85,7.03,7.36
1987-01-23,5.4,6.2,6.59,6.89,7.06,7.42
1987-01-26,5.49,6.26,6.67,6.97,7.17,7.49
1987-01-27,5.49,6.24,6.66,6.97,7.16,7.49
1987-01-28,5.47,6.24,6.63,6.93,7.13,7.46
1987-01-29,5.48,6.24,6.65,6.95,7.13,7.45
1987-01-30,5.6,6.33,6.71,6.99,7.18,7.48
1987-02-02,5.61,6.36,6.75,7.04,7.23,7.52
1987-02-03,5.59,6.38,6.77,7.06,7.25,7.53
1987-02-04,5.63,6.38,6.76,7.05,7.23,7.51
1987-02-05,5.59,6.33,6.7,7.01,7.2,7.47
1987-02-06,5.66,6.38,6.73,7.01,7.19,7.47
1987-02-09,5.72,6.45,6.79,7.07,7.25,7.53
1987-02-10,5.82,6.49,6.89,7.16,7.33,7.61
1987-02-11,5.86,6.58,6.96,7.2,7.37,7.64
1987-02-12,5.72,6.47,6.92,7.13,7.31,7.59
1987-02-13,5.65,6.43,6.83,7.1,7.28,7.57
1987-02-17,5.72,6.48,6.87,7.14,7.33,7.63
1987-02-18,5.6,6.43,6.84,7.11,7.3,7.6
1987-02-19,5.45,6.33,6.76,7.04,7.23,7.55
1987-02-20,5.43,6.33,6.78,7.05,7.24,7.55
1987-02-23,5.44,6.35,6.78,7.04,7.23,7.53
1987-02-24,5.44,6.32,6.75,7,7.18,7.48
1987-02-25,5.45,6.37,6.72,7.01,7.21,7.5
1987-02-26,5.45,6.35,6.74,7.01,7.21,7.5
1987-02-27,5.45,6.35,6.71,7,7.19,7.48
1987-03-02,5.48,6.34,6.69,6.97,7.17,7.46
1987-03-03,5.54,6.37,6.72,7.01,7.21,7.49
1987-03-04,5.51,6.32,6.66,6.95,7.14,7.44
1987-03-05,5.52,6.35,6.69,6.97,7.16,7.45
1987-03-06,5.64,6.42,6.77,7.04,7.23,7.52
1987-03-09,5.64,6.43,6.78,7.04,7.23,7.53
1987-03-10,5.68,6.44,6.78,7.05,7.23,7.53
1987-03-11,5.69,6.44,6.78,7.05,7.23,7.53
1987-03-12,5.67,6.43,6.78,7.05,7.22,7.52
1987-03-13,5.62,6.39,6.75,7.01,7.19,7.49
1987-03-16,5.65,6.41,6.77,7.04,7.22,7.52
1987-03-17,5.57,6.42,6.75,7.03,7.2,7.51
1987-03-18,5.52,6.4,6.76,7.04,7.21,7.52
1987-03-19,5.5,6.38,6.75,7.02,7.21,7.51
1987-03-20,5.52,6.4,6.77,7.04,7.22,7.53
1987-03-23,5.62,6.42,6.8,7.07,7.25,7.56
1987-03-24,5.61,6.44,6.82,7.09,7.27,7.59
1987-03-25,5.57,6.46,6.84,7.1,7.26,7.58
1987-03-26,5.57,6.42,6.81,7.03,7.24,7.56
1987-03-27,5.63,6.49,6.89,7.12,7.33,7.64
1987-03-30,5.66,6.63,7.07,7.33,7.54,7.84
1987-03-31,5.61,6.54,7.02,7.29,7.51,7.81
1987-04-01,5.54,6.65,7.12,7.39,7.59,7.89
1987-04-02,5.51,6.63,7.12,7.39,7.59,7.9
1987-04-03,5.5,6.62,7.1,7.39,7.59,7.89
1987-04-06,5.47,6.57,7.06,7.34,7.54,7.84
1987-04-07,5.51,6.59,7.14,7.42,7.62,7.92
1987-04-08,5.5,6.59,7.14,7.41,7.61,7.9
1987-04-09,5.75,6.74,7.3,7.58,7.78,8.06
1987-04-10,5.85,6.97,7.55,7.79,7.98,8.19
1987-04-13,6.02,7.08,7.68,7.9,8.07,8.26
1987-04-14,5.92,7.19,7.83,8.05,8.28,8.4
1987-04-15,5.68,7.02,7.67,7.9,8.1,8.32
1987-04-16,5.56,6.9,7.55,7.81,8.03,8.22
1987-04-20,5.54,7.06,7.72,8,8.2,8.39
1987-04-21,5.5,7.09,7.71,7.99,8.19,8.38
1987-04-22,5.42,7.23,7.77,8.05,8.24,8.44
1987-04-23,5.49,7.36,7.92,8.17,8.39,8.51
1987-04-24,5.76,7.48,8.05,8.31,8.47,8.69
1987-04-27,5.78,7.5,7.97,8.2,8.37,8.59
1987-04-28,5.82,7.43,7.91,8.12,8.28,8.5
1987-04-29,5.71,7.43,7.93,8.18,8.35,8.56
1987-04-30,5.53,7.38,7.82,8.07,8.21,8.45
1987-05-01,5.6,7.47,7.98,8.23,8.39,8.59
1987-05-04,5.67,7.61,8.12,8.35,8.52,8.72
1987-05-05,5.81,7.6,8.08,8.3,8.45,8.64
1987-05-06,5.5,7.62,8.15,8.39,8.54,8.75
1987-05-07,5.53,7.6,8.08,8.34,8.5,8.63
1987-05-08,5.53,7.57,8.04,8.28,8.43,8.61
1987-05-11,5.65,7.66,8.19,8.43,8.57,8.76
1987-05-12,5.6,7.68,8.19,8.41,8.55,8.72
1987-05-13,5.53,7.68,8.18,8.42,8.55,8.71
1987-05-14,5.73,7.66,8.2,8.42,8.57,8.73
1987-05-15,5.95,7.95,8.45,8.67,8.8,8.92
1987-05-18,5.87,7.93,8.42,8.6,8.73,8.88
1987-05-19,5.78,7.99,8.55,8.76,8.89,9.06
1987-05-20,5.69,8.05,8.61,8.79,8.92,9.07
1987-05-21,5.53,8.06,8.55,8.74,8.87,9.03
1987-05-22,5.55,7.97,8.49,8.66,8.78,8.95
1987-05-26,5.61,7.79,8.23,8.4,8.55,8.69
1987-05-27,5.76,7.84,8.28,8.47,8.6,8.75
1987-05-28,5.63,7.81,8.25,8.44,8.56,8.74
1987-05-29,5.68,7.69,8.15,8.35,8.49,8.65
1987-06-01,5.7,7.67,8.08,8.3,8.45,8.63
1987-06-02,5.76,7.85,8.31,8.58,8.72,8.9
1987-06-03,5.69,7.78,8.25,8.5,8.64,8.79
1987-06-04,5.66,7.76,8.2,8.45,8.58,8.76
1987-06-05,5.68,7.66,8.11,8.36,8.5,8.66
1987-06-08,5.66,7.68,8.14,8.41,8.53,8.68
1987-06-09,5.51,7.71,8.18,8.43,8.56,8.73
1987-06-10,5.48,7.68,8.15,8.45,8.56,8.72
1987-06-11,5.54,7.66,8.13,8.41,8.52,8.69
1987-06-12,5.55,7.51,7.9,8.19,8.32,8.5
1987-06-15,5.65,7.47,7.89,8.16,8.28,8.46
1987-06-16,5.63,7.47,7.89,8.16,8.28,8.47
1987-06-17,5.65,7.42,7.83,8.1,8.23,8.42
1987-06-18,5.65,7.44,7.87,8.13,8.27,8.45
1987-06-19,5.66,7.45,7.89,8.17,8.3,8.48
1987-06-22,5.66,7.42,7.83,8.09,8.23,8.41
1987-06-23,5.72,7.45,7.85,8.1,8.23,8.41
1987-06-24,5.83,7.54,7.94,8.19,8.31,8.47
1987-06-25,5.84,7.47,7.91,8.1,8.25,8.4
1987-06-26,5.78,7.56,8.02,8.23,8.37,8.5
1987-06-29,5.67,7.48,7.97,8.2,8.34,8.49
1987-06-30,5.73,7.48,8.02,8.24,8.38,8.51
1987-07-01,5.64,7.44,7.96,8.22,8.36,8.49
1987-07-02,5.66,7.38,7.9,8.14,8.3,8.43
1987-07-06,5.67,7.38,7.9,8.13,8.29,8.42
1987-07-07,5.6,7.36,7.9,8.1,8.28,8.4
1987-07-08,5.57,7.35,7.9,8.13,8.32,8.45
1987-07-09,5.61,7.38,7.95,8.19,8.37,8.52
1987-07-10,5.59,7.32,7.88,8.13,8.32,8.46
1987-07-13,5.61,7.36,7.93,8.18,8.38,8.54
1987-07-14,5.55,7.32,7.89,8.15,8.33,8.51
1987-07-15,5.58,7.37,7.97,8.25,8.43,8.61
1987-07-16,5.58,7.34,7.95,8.21,8.41,8.59
1987-07-17,5.56,7.34,7.92,8.16,8.36,8.55
1987-07-20,5.55,7.38,7.96,8.22,8.41,8.61
1987-07-21,5.69,7.45,8.03,8.3,8.49,8.72
1987-07-22,5.66,7.47,8.05,8.35,8.54,8.78
1987-07-23,5.67,7.46,8.08,8.37,8.56,8.8
1987-07-24,5.75,7.53,8.12,8.4,8.58,8.83
1987-07-27,5.81,7.59,8.15,8.42,8.6,8.84
1987-07-28,5.86,7.61,8.17,8.44,8.62,8.86
1987-07-29,5.88,7.64,8.16,8.44,8.61,8.85
1987-07-30,6.07,7.63,8.2,8.45,8.61,8.84
1987-07-31,6.07,7.63,8.21,8.48,8.66,8.89
1987-08-03,6.05,7.72,8.34,8.62,8.81,9.02
1987-08-04,5.85,7.72,8.34,8.62,8.81,9.04
1987-08-05,5.85,7.65,8.26,8.52,8.71,8.95
1987-08-06,5.74,7.65,8.28,8.54,8.73,8.96
1987-08-07,5.85,7.69,8.27,8.52,8.7,8.93
1987-08-10,5.91,7.71,8.29,8.55,8.74,8.96
1987-08-11,5.94,7.69,8.26,8.54,8.73,8.95
1987-08-12,5.95,7.67,8.27,8.54,8.72,8.95
1987-08-13,5.96,7.64,8.21,8.47,8.63,8.85
1987-08-14,5.96,7.62,8.18,8.43,8.58,8.77
1987-08-17,5.98,7.62,8.17,8.41,8.56,8.77
1987-08-18,6.02,7.71,8.31,8.57,8.73,8.95
1987-08-19,6.04,7.76,8.34,8.6,8.77,8.98
1987-08-20,6.11,7.77,8.35,8.58,8.74,8.94
1987-08-21,6.1,7.79,8.35,8.6,8.77,8.97
1987-08-24,6.17,7.81,8.34,8.61,8.78,8.99
1987-08-25,6.18,7.79,8.32,8.56,8.73,8.94
1987-08-26,6.25,7.87,8.36,8.61,8.79,8.99
1987-08-27,6.29,7.95,8.48,8.75,8.92,9.11
1987-08-28,6.31,8.01,8.54,8.84,9.02,9.18
1987-08-31,6.25,7.97,8.52,8.83,9,9.17
1987-09-01,6.12,7.98,8.57,8.87,9.05,9.24
1987-09-02,6.09,8.15,8.77,9.1,9.28,9.45
1987-09-03,6.19,8.19,8.77,9.1,9.29,9.47
1987-09-04,6.38,8.26,8.82,9.12,9.3,9.47
1987-09-08,6.44,8.46,9.02,9.34,9.5,9.65
1987-09-09,6.43,8.43,9,9.35,9.48,9.66
1987-09-10,6.33,8.36,8.95,9.26,9.42,9.6
1987-09-11,6.35,8.31,8.88,9.19,9.33,9.5
1987-09-14,6.34,8.26,8.87,9.17,9.34,9.52
1987-09-15,6.34,8.3,8.95,9.29,9.44,9.64
1987-09-16,6.34,8.35,9,9.35,9.52,9.7
1987-09-17,6.38,8.34,8.98,9.32,9.48,9.65
1987-09-18,6.42,8.3,8.91,9.22,9.38,9.56
1987-09-21,6.51,8.33,8.94,9.28,9.45,9.63
1987-09-22,6.49,8.31,8.91,9.2,9.37,9.53
1987-09-23,6.47,8.31,8.92,9.24,9.4,9.55
1987-09-24,6.41,8.42,9.03,9.36,9.51,9.67
1987-09-25,6.5,8.48,9.06,9.37,9.53,9.68
1987-09-28,6.53,8.48,9.07,9.38,9.52,9.67
1987-09-29,6.69,8.6,9.17,9.49,9.64,9.8
1987-09-30,6.61,8.6,9.21,9.5,9.63,9.79
1987-10-01,6.63,8.62,9.22,9.53,9.66,9.8
1987-10-02,6.66,8.61,9.2,9.48,9.6,9.7
1987-10-05,6.68,8.66,9.28,9.57,9.69,9.79
1987-10-06,6.55,8.73,9.32,9.6,9.72,9.81
1987-10-07,6.56,8.73,9.31,9.55,9.71,9.79
1987-10-08,6.69,9.03,9.49,9.73,9.86,9.86
1987-10-09,6.75,9.01,9.56,9.81,9.94,9.96
1987-10-13,6.74,8.94,9.51,9.76,9.9,9.92
1987-10-14,7.19,9.14,9.75,9.99,10.13,10.12
1987-10-15,7.07,9.23,9.82,10.05,10.18,10.24
1987-10-16,6.93,9.22,9.84,10.08,10.23,10.24
1987-10-19,6.39,8.93,9.7,10,10.15,10.25
1987-10-20,5.86,8.09,8.93,9.23,9.4,9.49
1987-10-21,5.6,7.9,8.8,9.17,9.3,9.44
1987-10-22,5.36,7.76,8.52,8.86,8.97,9.15
1987-10-23,5.29,7.76,8.55,8.88,8.98,9.11
1987-10-26,5.22,7.57,8.33,8.65,8.8,8.94
1987-10-27,5.23,7.66,8.42,8.73,8.92,9.04
1987-10-28,5.1,7.65,8.43,8.79,9.01,9.14
1987-10-29,5.03,7.53,8.33,8.68,8.89,9.08
1987-10-30,5.27,7.58,8.37,8.69,8.88,9.03
1987-11-02,5.62,7.72,8.44,8.78,8.98,9.13
1987-11-03,5.63,7.67,8.38,8.72,8.91,9.03
1987-11-04,5.54,7.6,8.3,8.66,8.85,8.92
1987-11-05,5.58,7.5,8.18,8.54,8.72,8.8
1987-11-06,5.73,7.62,8.28,8.62,8.76,8.85
1987-11-09,5.7,7.64,8.3,8.63,8.78,8.86
1987-11-10,5.67,7.61,8.27,8.62,8.79,8.88
1987-11-12,5.83,7.67,8.27,8.64,8.8,8.88
1987-11-13,5.91,7.75,8.34,8.67,8.84,8.93
1987-11-16,5.87,7.78,8.34,8.66,8.82,8.9
1987-11-17,5.88,7.73,8.38,8.7,8.86,8.94
1987-11-18,5.77,7.74,8.38,8.68,8.85,8.94
1987-11-19,5.66,7.69,8.34,8.65,8.83,8.92
1987-11-20,5.72,7.66,8.32,8.61,8.79,8.88
1987-11-23,5.78,7.67,8.34,8.62,8.8,8.89
1987-11-24,5.77,7.73,8.35,8.72,8.89,9
1987-11-25,5.7,7.78,8.41,8.8,8.98,9.06
1987-11-27,5.63,7.87,8.55,8.94,9.11,9.18
1987-11-30,5.21,7.73,8.43,8.82,8.99,9.1
1987-12-01,5.55,7.77,8.44,8.84,9.01,9.15
1987-12-02,5.49,7.79,8.43,8.83,9.01,9.15
1987-12-03,5.36,7.72,8.35,8.76,8.94,9.09
1987-12-04,5.43,7.72,8.35,8.76,8.94,9.12
1987-12-07,5.82,7.86,8.48,8.9,9.07,9.22
1987-12-08,5.86,7.88,8.49,8.91,9.09,9.26
1987-12-09,5.83,7.88,8.47,8.88,9.05,9.22
1987-12-10,5.92,8,8.63,9.05,9.23,9.4
1987-12-11,5.86,8.02,8.65,9.08,9.28,9.45
1987-12-14,5.85,8.01,8.63,9.06,9.23,9.41
1987-12-15,5.93,7.92,8.54,8.93,9.09,9.24
1987-12-16,5.94,7.89,8.46,8.82,9,9.14
1987-12-17,5.93,7.89,8.47,8.85,9.03,9.15
1987-12-18,5.87,7.82,8.39,8.74,8.89,8.96
1987-12-21,5.87,7.84,8.38,8.74,8.88,9.01
1987-12-22,5.93,7.91,8.48,8.8,8.95,9.05
1987-12-23,5.78,7.83,8.4,8.67,8.83,8.91
1987-12-24,5.74,7.83,8.37,8.67,8.82,8.9
1987-12-28,5.7,7.91,8.46,8.77,8.93,9.01
1987-12-29,5.84,7.86,8.41,8.7,8.85,8.95
1987-12-30,5.71,7.75,8.32,8.61,8.78,8.9
1987-12-31,5.68,7.77,8.33,8.67,8.83,8.95
1988-01-04,5.88,7.77,8.35,8.69,8.83,8.95
1988-01-05,5.93,7.76,8.29,8.62,8.76,8.88
1988-01-06,5.84,7.79,8.37,8.68,8.82,8.97
1988-01-07,5.78,7.79,8.35,8.66,8.83,8.97
1988-01-08,5.87,7.92,8.48,8.8,8.97,9.12
1988-01-11,5.69,7.8,8.41,8.74,8.94,9.1
1988-01-12,5.81,7.8,8.39,8.73,8.93,9.1
1988-01-13,5.79,7.76,8.36,8.67,8.87,9.05
1988-01-14,5.88,7.76,8.36,8.67,8.86,9.05
1988-01-15,5.88,7.61,8.13,8.42,8.6,8.76
1988-01-19,5.96,7.66,8.16,8.45,8.65,8.81
1988-01-20,5.81,7.59,8.11,8.41,8.61,8.78
1988-01-21,5.82,7.52,8.04,8.32,8.53,8.7
1988-01-22,5.81,7.51,8.01,8.29,8.49,8.67
1988-01-25,5.83,7.49,7.99,8.26,8.45,8.62
1988-01-26,5.82,7.56,8.08,8.35,8.54,8.71
1988-01-27,5.74,7.37,7.91,8.18,8.38,8.55
1988-01-28,5.68,7.29,7.83,8.12,8.33,8.49
1988-01-29,5.64,7.22,7.76,8.06,8.26,8.42
1988-02-01,5.66,7.22,7.78,8.07,8.26,8.42
1988-02-02,5.71,7.21,7.7,7.98,8.18,8.32
1988-02-03,5.71,7.24,7.76,8.05,8.21,8.39
1988-02-04,5.65,7.24,7.76,8.07,8.24,8.46
1988-02-05,5.64,7.1,7.64,7.95,8.12,8.36
1988-02-08,5.64,7.16,7.7,8.01,8.19,8.41
1988-02-09,5.6,7.12,7.65,7.98,8.16,8.4
1988-02-10,5.61,7.07,7.59,7.92,8.11,8.35
1988-02-11,5.63,7.12,7.64,7.97,8.16,8.4
1988-02-12,5.75,7.22,7.77,8.09,8.28,8.5
1988-02-16,5.75,7.26,7.79,8.12,8.31,8.53
1988-02-17,5.74,7.24,7.8,8.12,8.32,8.54
1988-02-18,5.69,7.23,7.78,8.09,8.28,8.51
1988-02-19,5.68,7.21,7.77,8.08,8.26,8.5
1988-02-22,5.66,7.2,7.75,8.05,8.24,8.48
1988-02-23,5.63,7.16,7.69,7.97,8.17,8.4
1988-02-24,5.62,7.15,7.69,7.98,8.18,8.41
1988-02-25,5.63,7.17,7.68,8.01,8.23,8.45
1988-02-26,5.59,7.16,7.67,7.97,8.18,8.42
1988-02-29,5.62,7.13,7.64,7.95,8.16,8.39
1988-03-01,5.62,7.11,7.61,7.95,8.15,8.4
1988-03-02,5.61,7.07,7.59,7.92,8.13,8.37
1988-03-03,5.6,7.08,7.59,7.9,8.12,8.36
1988-03-04,5.71,7.2,7.74,8.06,8.28,8.52
1988-03-07,5.72,7.22,7.77,8.08,8.3,8.54
1988-03-08,5.74,7.25,7.79,8.11,8.33,8.58
1988-03-09,5.73,7.22,7.76,8.11,8.32,8.58
1988-03-10,5.75,7.25,7.81,8.15,8.35,8.6
1988-03-11,5.73,7.2,7.76,8.11,8.29,8.55
1988-03-14,5.7,7.2,7.76,8.11,8.29,8.55
1988-03-15,5.61,7.19,7.76,8.11,8.3,8.56
1988-03-16,5.61,7.24,7.81,8.18,8.36,8.63
1988-03-17,5.6,7.17,7.76,8.12,8.3,8.57
1988-03-18,5.66,7.23,7.81,8.23,8.41,8.69
1988-03-21,5.74,7.32,7.91,8.29,8.47,8.74
1988-03-22,5.78,7.33,7.91,8.29,8.46,8.73
1988-03-23,5.83,7.39,7.95,8.32,8.47,8.76
1988-03-24,5.79,7.46,8.01,8.35,8.51,8.77
1988-03-25,5.7,7.41,7.95,8.31,8.47,8.72
1988-03-28,5.74,7.42,8.03,8.42,8.58,8.83
1988-03-29,5.74,7.42,8.03,8.39,8.56,8.81
1988-03-30,5.75,7.43,8.03,8.4,8.57,8.83
1988-03-31,5.71,7.41,8.04,8.4,8.57,8.82
1988-04-04,5.85,7.58,8.19,8.53,8.68,8.92
1988-04-05,6,7.6,8.18,8.52,8.67,8.9
1988-04-06,6.05,7.57,8.13,8.47,8.61,8.83
1988-04-07,6.05,7.54,8.12,8.46,8.6,8.82
1988-04-08,6.02,7.47,8.05,8.37,8.52,8.74
1988-04-11,6.04,7.5,8.1,8.44,8.59,8.82
1988-04-12,5.93,7.49,8.09,8.4,8.57,8.79
1988-04-13,5.86,7.45,8.05,8.36,8.56,8.77
1988-04-14,5.74,7.56,8.15,8.48,8.67,8.91
1988-04-15,5.88,7.6,8.2,8.53,8.74,8.97
1988-04-18,5.85,7.6,8.25,8.6,8.81,9.03
1988-04-19,5.81,7.57,8.24,8.59,8.81,9.06
1988-04-20,5.84,7.65,8.27,8.61,8.83,9.06
1988-04-21,5.83,7.64,8.26,8.58,8.82,9.06
1988-04-22,5.83,7.64,8.23,8.56,8.78,9.03
1988-04-25,5.85,7.64,8.23,8.55,8.78,9.03
1988-04-26,5.9,7.64,8.24,8.57,8.8,9.04
1988-04-27,5.87,7.63,8.25,8.57,8.8,9.05
1988-04-28,5.96,7.69,8.32,8.64,8.86,9.11
1988-04-29,5.98,7.73,8.33,8.65,8.87,9.11
1988-05-02,6.08,7.78,8.39,8.7,8.94,9.17
1988-05-03,6.13,7.77,8.35,8.67,8.89,9.12
1988-05-04,6.14,7.77,8.35,8.67,8.9,9.13
1988-05-05,6.18,7.79,8.39,8.7,8.92,9.12
1988-05-06,6.29,7.87,8.48,8.79,9.01,9.18
1988-05-09,6.31,7.95,8.5,8.81,9.03,9.18
1988-05-10,6.34,8,8.55,8.86,9.07,9.2
1988-05-11,6.26,7.95,8.55,8.86,9.05,9.22
1988-05-12,6.21,7.95,8.55,8.86,9.04,9.17
1988-05-13,6.18,7.9,8.51,8.82,9,9.11
1988-05-16,6.2,7.93,8.52,8.83,9.01,9.13
1988-05-17,6.3,7.99,8.64,8.92,9.12,9.22
1988-05-18,6.21,8.04,8.68,9,9.19,9.31
1988-05-19,6.15,8.04,8.67,8.99,9.18,9.3
1988-05-20,6.24,8.08,8.7,9.02,9.22,9.35
1988-05-23,6.25,8.12,8.74,9.05,9.23,9.36
1988-05-24,6.31,8.14,8.73,9.03,9.22,9.34
1988-05-25,6.33,8.17,8.73,9.03,9.2,9.31
1988-05-26,6.42,8.23,8.72,9.04,9.21,9.32
1988-05-27,6.44,8.23,8.75,9.06,9.24,9.33
1988-05-31,6.43,8.21,8.73,9.03,9.2,9.3
1988-06-01,6.47,8.09,8.57,8.88,9.03,9.12
1988-06-02,6.44,8.13,8.6,8.91,9.07,9.16
1988-06-03,6.46,8.06,8.52,8.81,8.97,9.07
1988-06-06,6.46,8.04,8.51,8.81,8.97,9.06
1988-06-07,6.43,8.04,8.54,8.85,9.02,9.12
1988-06-08,6.39,7.96,8.46,8.77,8.92,9.02
1988-06-09,6.44,7.97,8.5,8.8,8.96,9.06
1988-06-10,6.45,7.99,8.47,8.77,8.92,9.04
1988-06-13,6.44,7.98,8.45,8.75,8.91,9.02
1988-06-14,6.35,7.8,8.25,8.55,8.69,8.81
1988-06-15,6.34,7.84,8.29,8.58,8.71,8.83
1988-06-16,6.29,7.96,8.46,8.76,8.89,8.98
1988-06-17,6.37,8.1,8.58,8.88,9.02,9.12
1988-06-20,6.37,8.14,8.59,8.88,9.02,9.09
1988-06-21,6.56,8.15,8.61,8.9,9.03,9.1
1988-06-22,6.52,8.04,8.49,8.77,8.9,8.94
1988-06-23,6.52,8.05,8.47,8.74,8.88,8.9
1988-06-24,6.51,8.03,8.45,8.72,8.85,8.87
1988-06-27,6.56,8.1,8.54,8.81,8.94,8.96
1988-06-28,6.6,8.05,8.48,8.75,8.87,8.89
1988-06-29,6.58,8.03,8.47,8.75,8.88,8.92
1988-06-30,6.56,8.02,8.41,8.7,8.82,8.87
1988-07-01,6.55,7.98,8.38,8.65,8.77,8.84
1988-07-05,6.56,8.04,8.42,8.7,8.82,8.88
1988-07-06,6.53,8.07,8.47,8.76,8.91,8.98
1988-07-07,6.55,8.13,8.52,8.81,8.95,9
1988-07-08,6.66,8.25,8.64,8.92,9.04,9.1
1988-07-11,6.61,8.25,8.62,8.9,9.02,9.06
1988-07-12,6.73,8.27,8.68,8.95,9.08,9.11
1988-07-13,6.72,8.27,8.69,8.97,9.12,9.2
1988-07-14,6.73,8.33,8.7,8.97,9.12,9.19
1988-07-15,6.72,8.31,8.67,8.92,9.08,9.16
1988-07-18,6.66,8.35,8.73,8.99,9.15,9.24
1988-07-19,6.69,8.32,8.7,8.95,9.1,9.21
1988-07-20,6.71,8.31,8.7,8.96,9.11,9.24
1988-07-21,6.78,8.39,8.75,9,9.16,9.27
1988-07-22,6.74,8.35,8.71,8.96,9.11,9.21
1988-07-25,6.8,8.34,8.69,8.93,9.07,9.16
1988-07-26,6.89,8.35,8.72,8.94,9.09,9.19
1988-07-27,7,8.44,8.77,8.98,9.14,9.26
1988-07-28,6.99,8.44,8.79,9.02,9.16,9.27
1988-07-29,6.95,8.39,8.75,8.98,9.12,9.23
1988-08-01,6.91,8.36,8.7,8.94,9.07,9.17
1988-08-02,6.9,8.32,8.63,8.87,9,9.08
1988-08-03,6.9,8.34,8.64,8.89,9.04,9.1
1988-08-04,6.84,8.31,8.61,8.84,8.99,9.04
1988-08-05,6.92,8.47,8.78,8.98,9.12,9.14
1988-08-08,6.84,8.48,8.79,8.96,9.12,9.13
1988-08-09,7.06,8.59,8.88,9.04,9.2,9.21
1988-08-10,6.99,8.64,9,9.18,9.3,9.36
1988-08-11,7.01,8.68,9.02,9.22,9.35,9.4
1988-08-12,7.01,8.68,9.03,9.23,9.36,9.42
1988-08-15,6.99,8.7,9.04,9.24,9.37,9.44
1988-08-16,7.06,8.72,9.03,9.21,9.35,9.4
1988-08-17,7.03,8.74,9.06,9.24,9.38,9.43
1988-08-18,7.02,8.74,9.05,9.21,9.35,9.41
1988-08-19,7.06,8.74,9.05,9.21,9.35,9.41
1988-08-22,7.06,8.76,9.09,9.24,9.37,9.44
1988-08-23,7.16,8.71,9.04,9.19,9.32,9.39
1988-08-24,7.18,8.73,9.02,9.21,9.34,9.4
1988-08-25,7.25,8.78,9.08,9.28,9.41,9.46
1988-08-26,7.33,8.78,9.07,9.26,9.38,9.43
1988-08-29,7.32,8.75,9,9.19,9.3,9.36
1988-08-30,7.3,8.73,8.98,9.16,9.27,9.33
1988-08-31,7.3,8.71,8.95,9.13,9.25,9.31
1988-09-01,7.28,8.68,8.95,9.14,9.25,9.31
1988-09-02,7.22,8.45,8.7,8.87,9,9.05
1988-09-06,7.26,8.47,8.7,8.88,8.99,9.05
1988-09-07,7.33,8.45,8.69,8.87,8.99,9.04
1988-09-08,7.32,8.45,8.69,8.88,8.99,9.05
1988-09-09,7.28,8.42,8.62,8.82,8.93,8.99
1988-09-12,7.23,8.44,8.66,8.85,8.97,9.04
1988-09-13,7.17,8.4,8.65,8.83,8.94,9.01
1988-09-14,7.16,8.36,8.59,8.77,8.88,8.96
1988-09-15,7.17,8.39,8.63,8.8,8.91,9
1988-09-16,7.15,8.4,8.65,8.82,8.93,9.01
1988-09-19,7.13,8.44,8.69,8.86,8.97,9.07
1988-09-20,7.2,8.45,8.68,8.86,8.97,9.06
1988-09-21,7.19,8.4,8.64,8.82,8.93,9.02
1988-09-22,7.2,8.44,8.67,8.85,8.95,9.05
1988-09-23,7.23,8.47,8.69,8.86,8.97,9.05
1988-09-26,7.3,8.52,8.73,8.9,9,9.09
1988-09-27,7.33,8.55,8.77,8.94,9.04,9.11
1988-09-28,7.34,8.59,8.81,8.97,9.06,9.15
1988-09-29,7.29,8.53,8.73,8.89,8.98,9.08
1988-09-30,7.25,8.43,8.61,8.78,8.87,8.98
1988-10-03,7.24,8.41,8.59,8.76,8.84,8.96
1988-10-04,7.23,8.43,8.6,8.79,8.87,8.97
1988-10-05,7.22,8.43,8.6,8.79,8.87,8.98
1988-10-06,7.3,8.43,8.61,8.78,8.87,8.97
1988-10-07,7.27,8.26,8.43,8.61,8.7,8.81
1988-10-11,7.29,8.29,8.48,8.67,8.75,8.86
1988-10-12,7.28,8.35,8.56,8.73,8.84,8.94
1988-10-13,7.34,8.36,8.55,8.73,8.84,8.94
1988-10-14,7.32,8.33,8.52,8.7,8.81,8.9
1988-10-17,7.33,8.33,8.5,8.68,8.79,8.88
1988-10-18,7.36,8.33,8.49,8.67,8.78,8.87
1988-10-19,7.43,8.38,8.53,8.71,8.82,8.91
1988-10-20,7.45,8.38,8.52,8.69,8.79,8.85
1988-10-21,7.44,8.4,8.54,8.72,8.83,8.89
1988-10-24,7.51,8.42,8.54,8.72,8.83,8.93
1988-10-25,7.44,8.42,8.53,8.72,8.83,8.93
1988-10-26,7.41,8.34,8.48,8.68,8.79,8.92
1988-10-27,7.38,8.27,8.41,8.6,8.72,8.84
1988-10-28,7.37,8.27,8.4,8.57,8.69,8.8
1988-10-31,7.36,8.25,8.37,8.52,8.65,8.74
1988-11-01,7.34,8.25,8.38,8.55,8.68,8.76
1988-11-02,7.37,8.29,8.44,8.6,8.73,8.81
1988-11-03,7.4,8.27,8.42,8.56,8.69,8.76
1988-11-04,7.45,8.39,8.58,8.71,8.85,8.91
1988-11-07,7.48,8.5,8.66,8.79,8.91,8.96
1988-11-08,7.59,8.53,8.66,8.79,8.91,8.97
1988-11-09,7.57,8.57,8.71,8.83,8.91,9.01
1988-11-10,7.64,8.6,8.72,8.84,8.9,8.99
1988-11-14,7.78,8.62,8.76,8.84,8.91,9.01
1988-11-15,7.95,8.69,8.78,8.86,8.92,9.01
1988-11-16,7.94,8.75,8.87,8.93,9,9.1
1988-11-17,7.92,8.75,8.9,8.98,9.06,9.14
1988-11-18,7.94,8.77,8.91,8.99,9.05,9.12
1988-11-21,7.99,8.81,8.92,8.99,9.04,9.11
1988-11-22,8,8.88,8.99,9.04,9.09,9.12
1988-11-23,8.01,8.87,8.97,9.04,9.08,9.11
1988-11-25,8.03,8.98,9.07,9.14,9.17,9.18
1988-11-28,7.98,9,9.06,9.13,9.16,9.15
1988-11-29,7.99,8.96,9.02,9.1,9.13,9.13
1988-11-30,7.83,8.84,8.91,9.02,9.06,9.07
1988-12-01,7.85,8.86,8.88,8.99,9.01,9.02
1988-12-02,8.07,9.12,9.11,9.17,9.18,9.18
1988-12-05,8.01,9.09,9.07,9.12,9.13,9.13
1988-12-06,7.95,8.88,8.88,8.94,8.95,8.95
1988-12-07,7.99,8.93,8.93,8.99,9,8.98
1988-12-08,7.98,9,9.01,9.04,9.02,8.97
1988-12-09,7.88,9.03,9.05,9.1,9.07,8.97
1988-12-12,7.9,9.05,9.07,9.11,9.08,8.94
1988-12-13,8.1,9.16,9.15,9.18,9.15,8.98
1988-12-14,8.12,9.2,9.19,9.22,9.19,9.06
1988-12-15,8.19,9.2,9.21,9.22,9.19,9.07
1988-12-16,8.16,9.18,9.18,9.2,9.17,9.05
1988-12-19,8.19,9.18,9.16,9.18,9.15,9.05
1988-12-20,8.18,9.11,9.09,9.11,9.08,8.96
1988-12-21,8.1,9.09,9.08,9.1,9.07,8.96
1988-12-22,8.05,9.04,9.09,9.11,9.07,8.94
1988-12-23,8.05,9.04,9.08,9.11,9.05,8.92
1988-12-27,8.15,9.15,9.17,9.2,9.13,8.96
1988-12-28,8.26,9.23,9.22,9.27,9.21,9.01
1988-12-29,8.13,9.18,9.19,9.22,9.18,9.01
1988-12-30,8.1,9.14,9.14,9.18,9.14,9
1989-01-03,8.14,9.21,9.25,9.28,9.23,9.09
1989-01-04,8.25,9.25,9.24,9.28,9.22,9.08
1989-01-05,8.27,9.32,9.32,9.34,9.27,9.1
1989-01-06,8.29,9.32,9.3,9.32,9.25,9.06
1989-01-09,8.28,9.29,9.3,9.32,9.23,9.05
1989-01-10,8.3,9.25,9.29,9.31,9.24,9.05
1989-01-11,8.24,9.29,9.28,9.3,9.24,9.05
1989-01-12,8.26,9.2,9.2,9.2,9.14,8.98
1989-01-13,8.21,9.14,9.1,9.1,9.06,8.89
1989-01-17,8.24,9.16,9.11,9.1,9.06,8.89
1989-01-18,8.26,9.13,9.07,9.04,8.99,8.84
1989-01-19,8.23,9.09,9.06,9.05,9,8.86
1989-01-20,8.24,9.13,9.11,9.07,9.03,8.89
1989-01-23,8.27,9.13,9.06,9.05,9,8.87
1989-01-24,8.21,9.07,8.98,8.97,8.93,8.78
1989-01-25,8.29,9.1,9.05,9.03,8.99,8.82
1989-01-26,8.34,9.14,9.07,9.04,8.99,8.81
1989-01-27,8.33,9.07,9.03,9,8.95,8.76
1989-01-30,8.28,9.1,9.07,9.05,9,8.83
1989-01-31,8.39,9.12,9.08,9.03,9.01,8.84
1989-02-01,8.37,9.12,9.05,9.03,8.99,8.83
1989-02-02,8.38,9.12,9.05,9.02,8.98,8.82
1989-02-03,8.48,9.23,9.1,9.06,9.01,8.84
1989-02-06,8.53,9.25,9.11,9.06,9.01,8.85
1989-02-07,8.53,9.19,9.06,9.01,8.96,8.8
1989-02-08,8.53,9.21,9.06,9.01,8.95,8.82
1989-02-09,8.48,9.28,9.21,9.2,9.13,8.99
1989-02-10,8.55,9.37,9.28,9.25,9.19,9.05
1989-02-13,8.55,9.39,9.29,9.26,9.2,9.06
1989-02-14,8.56,9.43,9.34,9.3,9.23,9.1
1989-02-15,8.49,9.41,9.33,9.29,9.22,9.09
1989-02-16,8.5,9.37,9.32,9.27,9.21,9.06
1989-02-17,8.48,9.37,9.32,9.26,9.2,9.05
1989-02-21,8.47,9.41,9.34,9.28,9.22,9.05
1989-02-22,8.53,9.48,9.43,9.35,9.29,9.12
1989-02-23,8.61,9.6,9.47,9.44,9.36,9.17
1989-02-24,8.65,9.66,9.49,9.45,9.38,9.18
1989-02-27,8.68,9.62,9.47,9.42,9.36,9.17
1989-02-28,8.71,9.55,9.42,9.39,9.32,9.14
1989-03-01,8.66,9.55,9.43,9.41,9.36,9.18
1989-03-02,8.66,9.52,9.38,9.37,9.31,9.13
1989-03-03,8.63,9.5,9.38,9.35,9.31,9.13
1989-03-06,8.57,9.46,9.34,9.31,9.26,9.09
1989-03-07,8.62,9.48,9.35,9.3,9.26,9.09
1989-03-08,8.61,9.48,9.34,9.28,9.23,9.05
1989-03-09,8.66,9.48,9.35,9.29,9.24,9.07
1989-03-10,8.74,9.66,9.48,9.4,9.34,9.15
1989-03-13,8.76,9.64,9.48,9.4,9.35,9.15
1989-03-14,8.7,9.64,9.45,9.38,9.32,9.13
1989-03-15,8.67,9.62,9.45,9.38,9.31,9.13
1989-03-16,8.7,9.61,9.43,9.37,9.3,9.12
1989-03-17,8.85,9.84,9.64,9.57,9.49,9.3
1989-03-20,8.99,9.9,9.71,9.61,9.53,9.31
1989-03-21,9.09,9.92,9.75,9.63,9.53,9.3
1989-03-22,9.01,9.81,9.65,9.55,9.45,9.25
1989-03-23,9.04,9.81,9.65,9.53,9.43,9.23
1989-03-27,9.1,9.85,9.67,9.54,9.44,9.23
1989-03-28,9.07,9.86,9.66,9.52,9.41,9.2
1989-03-29,8.96,9.8,9.6,9.47,9.36,9.15
1989-03-30,8.95,9.79,9.59,9.44,9.34,9.14
1989-03-31,8.9,9.73,9.53,9.4,9.3,9.11
1989-04-03,8.82,9.56,9.39,9.29,9.21,9.07
1989-04-04,8.81,9.47,9.31,9.24,9.17,9.03
1989-04-05,8.82,9.45,9.31,9.24,9.17,9.02
1989-04-06,8.84,9.54,9.35,9.3,9.2,9.04
1989-04-07,8.8,9.57,9.42,9.38,9.27,9.11
1989-04-10,8.73,9.57,9.43,9.38,9.27,9.1
1989-04-11,8.68,9.57,9.42,9.38,9.27,9.1
1989-04-12,8.66,9.59,9.44,9.39,9.29,9.11
1989-04-13,8.77,9.66,9.5,9.41,9.34,9.15
1989-04-14,8.61,9.43,9.29,9.25,9.18,9.04
1989-04-17,8.61,9.48,9.33,9.27,9.2,9.06
1989-04-18,8.43,9.28,9.14,9.1,9.06,8.94
1989-04-19,8.43,9.3,9.17,9.13,9.08,8.96
1989-04-20,8.64,9.46,9.32,9.26,9.2,9.03
1989-04-21,8.64,9.44,9.27,9.21,9.15,8.99
1989-04-24,8.67,9.46,9.26,9.21,9.15,8.99
1989-04-25,8.63,9.41,9.21,9.16,9.12,8.97
1989-04-26,8.53,9.34,9.18,9.15,9.11,8.96
1989-04-27,8.41,9.23,9.1,9.07,9.05,8.92
1989-04-28,8.41,9.22,9.06,9.04,9.02,8.91
1989-05-01,8.62,9.36,9.19,9.16,9.14,9
1989-05-02,8.58,9.27,9.11,9.1,9.08,8.95
1989-05-03,8.53,9.21,9.1,9.07,9.06,8.95
1989-05-04,8.53,9.21,9.09,9.07,9.06,8.99
1989-05-05,8.43,9.04,8.96,8.96,8.99,8.95
1989-05-08,8.49,9.09,9.02,9.02,9.04,8.99
1989-05-09,8.5,9.23,9.17,9.15,9.15,9.08
1989-05-10,8.52,9.27,9.21,9.2,9.16,9.12
1989-05-11,8.42,9.14,9.1,9.12,9.1,9.07
1989-05-12,8.21,8.82,8.8,8.81,8.81,8.84
1989-05-15,8.24,8.91,8.85,8.83,8.82,8.85
1989-05-16,8.23,8.95,8.87,8.84,8.82,8.84
1989-05-17,8.28,8.96,8.87,8.83,8.8,8.81
1989-05-18,8.38,9,8.88,8.82,8.78,8.78
1989-05-19,8.35,8.94,8.82,8.75,8.71,8.72
1989-05-22,8.32,8.84,8.71,8.62,8.58,8.6
1989-05-23,8.28,8.83,8.72,8.64,8.6,8.62
1989-05-24,8.37,8.82,8.74,8.67,8.63,8.63
1989-05-25,8.54,8.92,8.75,8.72,8.67,8.66
1989-05-26,8.52,8.89,8.72,8.71,8.66,8.63
1989-05-30,8.58,8.87,8.68,8.68,8.64,8.63
1989-05-31,8.61,8.82,8.65,8.64,8.6,8.6
1989-06-01,8.61,8.82,8.65,8.65,8.61,8.61
1989-06-02,8.36,8.52,8.42,8.45,8.43,8.48
1989-06-05,8.26,8.44,8.33,8.38,8.36,8.44
1989-06-06,8.16,8.45,8.35,8.38,8.36,8.41
1989-06-07,8.14,8.38,8.28,8.31,8.27,8.34
1989-06-08,8.12,8.33,8.26,8.29,8.27,8.31
1989-06-09,8.22,8.28,8.16,8.17,8.15,8.15
1989-06-12,8.19,8.29,8.18,8.19,8.16,8.13
1989-06-13,8.16,8.41,8.3,8.31,8.25,8.21
1989-06-14,8.12,8.36,8.24,8.25,8.2,8.17
1989-06-15,8.09,8.48,8.36,8.37,8.33,8.3
1989-06-16,8.14,8.53,8.4,8.38,8.35,8.31
1989-06-19,8.15,8.55,8.41,8.42,8.37,8.34
1989-06-20,8.15,8.5,8.35,8.36,8.31,8.28
1989-06-21,8.13,8.53,8.4,8.4,8.37,8.33
1989-06-22,8.15,8.55,8.41,8.42,8.38,8.34
1989-06-23,8.05,8.39,8.27,8.29,8.25,8.2
1989-06-26,8.1,8.35,8.22,8.22,8.18,8.16
1989-06-27,8.05,8.27,8.14,8.16,8.11,8.08
1989-06-28,8.04,8.27,8.18,8.2,8.17,8.13
1989-06-29,7.95,8.16,8.09,8.13,8.12,8.09
1989-06-30,7.99,8.08,8.03,8.1,8.1,8.05
1989-07-03,7.97,8.02,7.99,8.09,8.09,8.07
1989-07-05,7.78,7.99,7.97,8.11,8.11,8.14
1989-07-06,7.77,7.94,7.91,8.07,8.08,8.1
1989-07-07,7.73,7.83,7.86,8,8.02,8.04
1989-07-10,7.75,7.81,7.84,7.97,7.99,8.02
1989-07-11,7.76,7.81,7.8,7.96,8,8.04
1989-07-12,7.73,7.74,7.79,7.88,8,8.04
1989-07-13,7.77,7.74,7.8,7.89,8,8.05
1989-07-14,7.84,7.83,7.84,7.92,8.04,8.09
1989-07-17,7.92,7.85,7.85,7.95,8.05,8.11
1989-07-18,7.91,7.95,7.97,8.04,8.13,8.17
1989-07-19,7.93,7.9,7.9,8.01,8.09,8.14
1989-07-20,7.97,7.81,7.8,7.91,8.01,8.1
1989-07-21,8.12,7.91,7.89,7.97,8.07,8.16
1989-07-24,8.1,7.93,7.87,7.96,8.05,8.14
1989-07-25,8.03,7.84,7.79,7.91,8.01,8.12
1989-07-26,8.02,7.75,7.81,7.89,8.02,8.11
1989-07-27,7.9,7.65,7.69,7.8,7.92,8.03
1989-07-28,7.86,7.56,7.6,7.72,7.87,7.99
1989-07-31,7.8,7.53,7.56,7.68,7.82,7.92
1989-08-01,7.63,7.46,7.49,7.6,7.74,7.83
1989-08-02,7.63,7.53,7.57,7.65,7.76,7.84
1989-08-03,7.64,7.6,7.64,7.71,7.8,7.9
1989-08-04,7.87,7.92,7.94,7.95,8,8.08
1989-08-07,7.95,8.01,7.98,7.98,8.03,8.08
1989-08-08,7.94,7.96,7.95,7.96,8,8.08
1989-08-09,7.91,7.99,7.96,7.98,8.05,8.12
1989-08-10,7.86,7.99,7.96,7.98,8.02,8.08
1989-08-11,7.96,8.12,8.1,8.08,8.09,8.13
1989-08-14,8.06,8.31,8.27,8.28,8.24,8.23
1989-08-15,8.03,8.29,8.24,8.23,8.21,8.19
1989-08-16,7.94,8.17,8.11,8.13,8.12,8.13
1989-08-17,7.88,8.26,8.2,8.2,8.18,8.16
1989-08-18,7.86,8.26,8.2,8.17,8.15,8.15
1989-08-21,7.92,8.32,8.27,8.24,8.2,8.18
1989-08-22,8.05,8.43,8.35,8.33,8.29,8.25
1989-08-23,8,8.37,8.23,8.29,8.25,8.19
1989-08-24,7.96,8.32,8.23,8.24,8.2,8.16
1989-08-25,7.96,8.34,8.23,8.24,8.21,8.18
1989-08-28,7.98,8.41,8.29,8.3,8.27,8.23
1989-08-29,7.9,8.44,8.3,8.31,8.27,8.21
1989-08-30,7.87,8.41,8.28,8.29,8.25,8.2
1989-08-31,7.89,8.42,8.27,8.3,8.26,8.21
1989-09-01,7.86,8.37,8.18,8.23,8.19,8.14
1989-09-05,7.88,8.37,8.21,8.23,8.19,8.14
1989-09-06,7.82,8.35,8.19,8.21,8.17,8.11
1989-09-07,7.8,8.35,8.19,8.22,8.17,8.11
1989-09-08,7.78,8.27,8.14,8.19,8.14,8.07
1989-09-11,7.69,8.2,8.1,8.16,8.13,8.07
1989-09-12,7.62,8.18,8.07,8.16,8.13,8.09
1989-09-13,7.59,8.2,8.11,8.18,8.18,8.15
1989-09-14,7.58,8.09,8.05,8.12,8.13,8.12
1989-09-15,7.53,8.06,8.01,8.09,8.09,8.08
1989-09-18,7.61,8.13,8.04,8.11,8.1,8.09
1989-09-19,7.66,8.14,8.05,8.11,8.09,8.09
1989-09-20,7.81,8.27,8.14,8.18,8.15,8.15
1989-09-21,7.83,8.32,8.19,8.24,8.2,8.19
1989-09-22,7.76,8.34,8.2,8.26,8.22,8.2
1989-09-25,7.82,8.43,8.32,8.38,8.32,8.3
1989-09-26,7.76,8.36,8.29,8.34,8.3,8.25
1989-09-27,7.83,8.39,8.31,8.36,8.3,8.25
1989-09-28,7.87,8.41,8.34,8.37,8.3,8.25
1989-09-29,7.91,8.46,8.36,8.4,8.31,8.24
1989-10-02,7.89,8.48,8.33,8.36,8.28,8.22
1989-10-03,7.78,8.39,8.27,8.31,8.23,8.19
1989-10-04,7.78,8.37,8.25,8.29,8.22,8.16
1989-10-05,7.76,8.31,8.18,8.22,8.15,8.09
1989-10-06,7.58,8.1,8.01,8.08,8.03,8.01
1989-10-10,7.63,8.06,8,8.08,8.03,8.01
1989-10-11,7.7,8.08,8.03,8.1,8.07,8.05
1989-10-12,7.7,8.01,7.98,8.05,8.04,8.02
1989-10-13,7.61,7.69,7.79,7.85,7.87,7.88
1989-10-16,7.44,7.85,7.91,7.97,7.98,7.98
1989-10-17,7.43,7.83,7.92,7.98,8,8.01
1989-10-18,7.5,7.83,7.92,8.01,8.01,8.03
1989-10-19,7.57,7.87,7.91,7.96,7.96,7.97
1989-10-20,7.55,7.92,7.93,7.98,7.98,7.98
1989-10-23,7.57,7.88,7.87,7.92,7.92,7.94
1989-10-24,7.5,7.78,7.8,7.86,7.87,7.87
1989-10-25,7.56,7.76,7.79,7.86,7.86,7.88
1989-10-26,7.6,7.78,7.81,7.89,7.88,7.89
1989-10-27,7.76,7.87,7.87,7.95,7.94,7.95
1989-10-30,7.75,7.85,7.86,7.92,7.92,7.93
1989-10-31,7.77,7.85,7.86,7.92,7.92,7.92
1989-11-01,7.78,7.87,7.86,7.92,7.91,7.89
1989-11-02,7.73,7.81,7.81,7.86,7.87,7.88
1989-11-03,7.84,8.01,7.93,7.95,7.96,7.92
1989-11-06,7.87,8.04,7.99,8.01,8,7.97
1989-11-07,7.75,7.87,7.85,7.87,7.9,7.88
1989-11-08,7.69,7.78,7.81,7.84,7.87,7.88
1989-11-09,7.7,7.8,7.84,7.86,7.9,7.91
1989-11-10,7.71,7.83,7.85,7.88,7.92,7.9
1989-11-13,7.7,7.82,7.85,7.88,7.89,7.89
1989-11-14,7.66,7.75,7.8,7.86,7.87,7.9
1989-11-15,7.64,7.69,7.74,7.8,7.82,7.87
1989-11-16,7.66,7.71,7.74,7.79,7.82,7.87
1989-11-17,7.68,7.77,7.82,7.87,7.88,7.94
1989-11-20,7.68,7.77,7.8,7.86,7.86,7.92
1989-11-21,7.63,7.77,7.79,7.84,7.85,7.91
1989-11-22,7.59,7.66,7.72,7.77,7.81,7.88
1989-11-24,7.51,7.64,7.7,7.76,7.8,7.88
1989-11-27,7.66,7.79,7.8,7.83,7.85,7.92
1989-11-28,7.71,7.78,7.81,7.84,7.86,7.91
1989-11-29,7.66,7.8,7.78,7.87,7.88,7.93
1989-11-30,7.59,7.75,7.74,7.83,7.84,7.9
1989-12-01,7.53,7.7,7.7,7.79,7.81,7.88
1989-12-04,7.55,7.72,7.7,7.79,7.82,7.88
1989-12-05,7.56,7.72,7.7,7.79,7.82,7.88
1989-12-06,7.64,7.8,7.76,7.84,7.85,7.91
1989-12-07,7.69,7.85,7.8,7.88,7.88,7.93
1989-12-08,7.61,7.78,7.73,7.83,7.82,7.88
1989-12-11,7.64,7.78,7.74,7.83,7.83,7.89
1989-12-12,7.66,7.8,7.74,7.84,7.84,7.9
1989-12-13,7.69,7.82,7.73,7.84,7.82,7.88
1989-12-14,7.62,7.75,7.68,7.8,7.79,7.85
1989-12-15,7.62,7.75,7.7,7.82,7.8,7.86
1989-12-18,7.6,7.75,7.67,7.79,7.77,7.83
1989-12-19,7.67,7.72,7.69,7.81,7.78,7.85
1989-12-20,7.57,7.64,7.67,7.78,7.77,7.84
1989-12-21,7.56,7.68,7.67,7.8,7.77,7.86
1989-12-22,7.59,7.74,7.75,7.86,7.82,7.88
1989-12-26,7.76,7.9,7.9,8.02,7.95,8
1989-12-27,7.73,7.9,7.89,7.99,7.94,7.98
1989-12-28,7.68,7.87,7.85,7.96,7.91,7.97
1989-12-29,7.55,7.87,7.86,7.97,7.93,7.98
1990-01-02,7.58,7.87,7.87,7.98,7.94,8
1990-01-03,7.63,7.94,7.92,8.04,7.99,8.04
1990-01-04,7.59,7.92,7.91,8.02,7.98,8.04
1990-01-05,7.54,7.9,7.92,8.03,7.99,8.06
1990-01-08,7.54,7.9,7.92,8.05,8.02,8.09
1990-01-09,7.55,7.91,7.92,8.05,8.02,8.1
1990-01-10,7.5,7.91,7.92,8,8.03,8.11
1990-01-11,7.55,7.91,7.94,8.01,8.04,8.11
1990-01-12,7.5,7.93,7.99,8.07,8.1,8.17
1990-01-16,7.63,8.1,8.11,8.18,8.2,8.25
1990-01-17,7.71,8.09,8.11,8.17,8.19,8.25
1990-01-18,7.78,8.25,8.27,8.31,8.32,8.35
1990-01-19,7.74,8.2,8.2,8.24,8.26,8.29
1990-01-22,7.73,8.18,8.19,8.25,8.27,8.31
1990-01-23,7.67,8.18,8.18,8.23,8.26,8.29
1990-01-24,7.67,8.2,8.28,8.34,8.38,8.41
1990-01-25,7.69,8.24,8.31,8.39,8.42,8.46
1990-01-26,7.68,8.28,8.38,8.45,8.49,8.55
1990-01-29,7.74,8.3,8.39,8.45,8.5,8.54
1990-01-30,7.74,8.3,8.43,8.47,8.51,8.55
1990-01-31,7.74,8.28,8.35,8.39,8.43,8.46
1990-02-01,7.76,8.28,8.35,8.38,8.42,8.44
1990-02-02,7.81,8.37,8.42,8.46,8.5,8.51
1990-02-05,7.82,8.37,8.44,8.48,8.53,8.53
1990-02-06,7.82,8.42,8.49,8.52,8.57,8.58
1990-02-07,7.81,8.42,8.51,8.53,8.52,8.57
1990-02-08,7.81,8.37,8.45,8.48,8.49,8.5
1990-02-09,7.76,8.25,8.29,8.34,8.31,8.36
1990-02-12,7.73,8.32,8.37,8.41,8.4,8.43
1990-02-13,7.58,8.21,8.29,8.36,8.35,8.39
1990-02-14,7.61,8.27,8.34,8.36,8.36,8.41
1990-02-15,7.71,8.35,8.4,8.44,8.43,8.47
1990-02-16,7.69,8.36,8.41,8.43,8.42,8.46
1990-02-20,7.8,8.52,8.58,8.63,8.62,8.66
1990-02-21,7.75,8.5,8.6,8.63,8.62,8.66
1990-02-22,7.73,8.45,8.48,8.57,8.54,8.56
1990-02-23,7.68,8.43,8.47,8.56,8.53,8.56
1990-02-26,7.71,8.38,8.4,8.49,8.46,8.49
1990-02-27,7.73,8.34,8.34,8.43,8.41,8.45
1990-02-28,7.77,8.43,8.44,8.54,8.51,8.54
1990-03-01,7.81,8.53,8.53,8.62,8.59,8.61
1990-03-02,7.76,8.48,8.5,8.57,8.54,8.55
1990-03-05,7.82,8.55,8.58,8.69,8.65,8.66
1990-03-06,7.9,8.54,8.57,8.64,8.59,8.59
1990-03-07,7.91,8.54,8.56,8.63,8.58,8.58
1990-03-08,7.91,8.59,8.57,8.62,8.57,8.56
1990-03-09,7.99,8.73,8.68,8.71,8.65,8.63
1990-03-12,7.99,8.71,8.67,8.7,8.63,8.62
1990-03-13,7.98,8.77,8.75,8.78,8.73,8.72
1990-03-14,7.95,8.69,8.67,8.71,8.65,8.61
1990-03-15,7.94,8.71,8.69,8.73,8.66,8.63
1990-03-16,7.92,8.64,8.61,8.64,8.59,8.55
1990-03-19,7.94,8.68,8.65,8.66,8.59,8.54
1990-03-20,7.97,8.68,8.61,8.62,8.54,8.47
1990-03-21,7.95,8.69,8.62,8.63,8.55,8.47
1990-03-22,7.9,8.62,8.56,8.61,8.53,8.49
1990-03-23,7.88,8.61,8.54,8.59,8.52,8.48
1990-03-26,7.86,8.61,8.52,8.58,8.51,8.47
1990-03-27,7.9,8.59,8.55,8.59,8.52,8.48
1990-03-28,7.85,8.57,8.53,8.58,8.51,8.47
1990-03-29,7.83,8.62,8.6,8.66,8.6,8.58
1990-03-30,7.8,8.64,8.65,8.7,8.65,8.63
1990-04-02,7.78,8.62,8.65,8.69,8.65,8.63
1990-04-03,7.82,8.61,8.64,8.69,8.63,8.61
1990-04-04,7.75,8.54,8.56,8.62,8.55,8.52
1990-04-05,7.76,8.54,8.57,8.63,8.57,8.52
1990-04-06,7.76,8.52,8.55,8.61,8.56,8.52
1990-04-09,7.82,8.54,8.58,8.65,8.59,8.55
1990-04-10,7.78,8.54,8.58,8.65,8.6,8.57
1990-04-11,7.76,8.56,8.6,8.63,8.63,8.58
1990-04-12,7.76,8.57,8.62,8.65,8.64,8.6
1990-04-16,7.74,8.61,8.65,8.69,8.68,8.64
1990-04-17,7.76,8.7,8.73,8.78,8.77,8.74
1990-04-18,7.81,8.79,8.84,8.88,8.86,8.85
1990-04-19,7.79,8.81,8.84,8.88,8.87,8.86
1990-04-20,7.69,8.82,8.88,8.95,8.95,8.93
1990-04-23,7.73,8.87,8.92,8.97,8.98,8.96
1990-04-24,7.76,8.92,8.96,9.01,9,8.98
1990-04-25,7.79,8.95,9,9.03,9.01,8.98
1990-04-26,7.82,9.03,9.09,9.1,9.07,9.04
1990-04-27,7.79,8.98,9.06,9.09,9.06,9.04
1990-04-30,7.79,8.96,9.04,9.06,9.04,9
1990-05-01,7.92,9.02,9.08,9.09,9.08,9.04
1990-05-02,7.9,9.05,9.1,9.12,9.09,9.05
1990-05-03,7.88,8.98,9.04,9.05,9.04,8.99
1990-05-04,7.76,8.7,8.8,8.83,8.84,8.83
1990-05-07,7.82,8.74,8.83,8.86,8.87,8.85
1990-05-08,7.79,8.68,8.79,8.83,8.84,8.81
1990-05-09,7.75,8.75,8.87,8.92,8.88,8.9
1990-05-10,7.71,8.69,8.8,8.86,8.82,8.81
1990-05-11,7.62,8.55,8.64,8.68,8.64,8.64
1990-05-14,7.63,8.51,8.6,8.64,8.61,8.58
1990-05-15,7.65,8.54,8.64,8.68,8.65,8.62
1990-05-16,7.67,8.54,8.66,8.71,8.68,8.64
1990-05-17,7.67,8.56,8.69,8.73,8.69,8.65
1990-05-18,7.75,8.63,8.74,8.79,8.75,8.7
1990-05-21,7.75,8.61,8.74,8.77,8.74,8.69
1990-05-22,7.73,8.54,8.66,8.69,8.65,8.61
1990-05-23,7.65,8.51,8.61,8.65,8.61,8.59
1990-05-24,7.69,8.5,8.58,8.66,8.63,8.6
1990-05-25,7.75,8.53,8.61,8.71,8.69,8.67
1990-05-29,7.75,8.52,8.59,8.68,8.66,8.64
1990-05-30,7.76,8.48,8.56,8.65,8.62,8.6
1990-05-31,7.75,8.5,8.56,8.64,8.6,8.58
1990-06-01,7.68,8.33,8.38,8.47,8.44,8.43
1990-06-04,7.7,8.31,8.39,8.47,8.44,8.43
1990-06-05,7.7,8.34,8.42,8.51,8.47,8.46
1990-06-06,7.7,8.34,8.43,8.51,8.46,8.44
1990-06-07,7.7,8.34,8.41,8.49,8.46,8.43
1990-06-08,7.7,8.33,8.42,8.51,8.46,8.44
1990-06-11,7.73,8.36,8.43,8.52,8.48,8.45
1990-06-12,7.73,8.36,8.44,8.52,8.48,8.45
1990-06-13,7.67,8.27,8.35,8.44,8.4,8.39
1990-06-14,7.66,8.24,8.32,8.41,8.38,8.36
1990-06-15,7.69,8.33,8.41,8.49,8.46,8.43
1990-06-18,7.67,8.39,8.45,8.53,8.5,8.47
1990-06-19,7.74,8.41,8.47,8.55,8.51,8.48
1990-06-20,7.76,8.43,8.51,8.59,8.55,8.52
1990-06-21,7.77,8.41,8.48,8.57,8.52,8.5
1990-06-22,7.78,8.4,8.46,8.55,8.51,8.49
1990-06-25,7.79,8.45,8.53,8.62,8.58,8.56
1990-06-26,7.8,8.41,8.51,8.59,8.56,8.53
1990-06-27,7.78,8.37,8.47,8.56,8.52,8.49
1990-06-28,7.74,8.31,8.41,8.51,8.47,8.45
1990-06-29,7.74,8.24,8.35,8.46,8.43,8.41
1990-07-02,7.74,8.25,8.35,8.46,8.43,8.41
1990-07-03,7.7,8.2,8.32,8.44,8.4,8.4
1990-07-05,7.66,8.22,8.34,8.45,8.42,8.42
1990-07-06,7.75,8.32,8.44,8.56,8.51,8.51
1990-07-09,7.8,8.39,8.49,8.6,8.57,8.55
1990-07-10,7.8,8.4,8.5,8.61,8.57,8.56
1990-07-11,7.78,8.4,8.49,8.58,8.57,8.56
1990-07-12,7.68,8.2,8.37,8.49,8.5,8.5
1990-07-13,7.6,8.13,8.32,8.43,8.45,8.46
1990-07-16,7.61,8.15,8.31,8.43,8.44,8.46
1990-07-17,7.61,8.13,8.3,8.42,8.44,8.46
1990-07-18,7.55,8.13,8.34,8.47,8.5,8.55
1990-07-19,7.54,8.13,8.33,8.47,8.51,8.56
1990-07-20,7.54,8.08,8.28,8.43,8.48,8.54
1990-07-23,7.48,8.05,8.28,8.43,8.48,8.54
1990-07-24,7.53,8.12,8.35,8.48,8.53,8.59
1990-07-25,7.56,8.08,8.31,8.44,8.49,8.55
1990-07-26,7.58,8.08,8.31,8.45,8.49,8.54
1990-07-27,7.52,8,8.25,8.36,8.42,8.48
1990-07-30,7.5,7.93,8.14,8.28,8.34,8.4
1990-07-31,7.49,7.91,8.13,8.28,8.36,8.42
1990-08-01,7.42,7.85,8.06,8.2,8.29,8.36
1990-08-02,7.43,7.9,8.15,8.3,8.41,8.46
1990-08-03,7.29,7.79,8.11,8.32,8.43,8.55
1990-08-06,7.3,7.9,8.29,8.55,8.71,8.82
1990-08-07,7.37,8.04,8.41,8.65,8.78,8.86
1990-08-08,7.38,8.02,8.43,8.65,8.77,8.87
1990-08-09,7.41,7.99,8.33,8.55,8.66,8.75
1990-08-10,7.4,7.95,8.35,8.58,8.68,8.79
1990-08-13,7.42,7.94,8.36,8.59,8.71,8.83
1990-08-14,7.43,7.94,8.34,8.55,8.66,8.78
1990-08-15,7.45,7.94,8.33,8.54,8.64,8.76
1990-08-16,7.48,8.09,8.45,8.65,8.76,8.91
1990-08-17,7.47,8.11,8.49,8.68,8.8,8.94
1990-08-20,7.52,8.13,8.5,8.7,8.81,8.92
1990-08-21,7.57,8.19,8.56,8.74,8.84,8.94
1990-08-22,7.59,8.26,8.62,8.8,8.91,9.03
1990-08-23,7.54,8.26,8.69,8.88,9,9.11
1990-08-24,7.49,8.32,8.75,8.94,9.05,9.17
1990-08-27,7.53,8.21,8.61,8.8,8.9,9.02
1990-08-28,7.48,8.23,8.67,8.85,8.94,9.07
1990-08-29,7.47,8.16,8.52,8.75,8.84,8.95
1990-08-30,7.45,8.12,8.52,8.77,8.86,8.98
1990-08-31,7.39,8.07,8.5,8.77,8.86,8.99
1990-09-04,7.39,8.09,8.53,8.8,8.9,9.03
1990-09-05,7.37,8.04,8.47,8.75,8.86,8.98
1990-09-06,7.38,8.06,8.47,8.75,8.84,8.96
1990-09-07,7.39,8.04,8.45,8.72,8.81,8.92
1990-09-10,7.43,8.09,8.5,8.75,8.85,8.98
1990-09-11,7.42,8.1,8.48,8.73,8.83,8.96
1990-09-12,7.37,8.05,8.45,8.72,8.82,8.96
1990-09-13,7.35,8.01,8.44,8.71,8.82,8.96
1990-09-14,7.35,8.03,8.48,8.75,8.87,9.01
1990-09-17,7.37,8.05,8.49,8.78,8.9,9.06
1990-09-18,7.37,8.03,8.48,8.77,8.9,9.05
1990-09-19,7.39,8.08,8.51,8.78,8.88,9.02
1990-09-20,7.39,8.1,8.53,8.8,8.91,9.05
1990-09-21,7.36,8.12,8.58,8.87,8.99,9.13
1990-09-24,7.38,8.21,8.64,8.92,9.04,9.18
1990-09-25,7.35,8.18,8.64,8.91,9.02,9.15
1990-09-26,7.33,8.16,8.63,8.9,9,9.14
1990-09-27,7.23,8.05,8.52,8.81,8.91,9.05
1990-09-28,7.14,8.02,8.47,8.73,8.82,8.96
1990-10-01,7.13,7.94,8.38,8.63,8.71,8.84
1990-10-02,7.18,7.92,8.35,8.6,8.69,8.84
1990-10-03,7.15,7.88,8.33,8.6,8.71,8.85
1990-10-04,7.13,7.87,8.3,8.58,8.67,8.81
1990-10-05,7.04,7.81,8.27,8.54,8.65,8.79
1990-10-09,7.17,7.94,8.43,8.72,8.83,8.98
1990-10-10,7.2,7.99,8.49,8.78,8.89,9.03
1990-10-11,7.12,7.99,8.51,8.79,8.92,9.08
1990-10-12,7.14,7.94,8.44,8.7,8.84,8.98
1990-10-15,7.16,7.92,8.39,8.67,8.8,8.95
1990-10-16,7.16,7.92,8.39,8.66,8.79,8.94
1990-10-17,7.2,7.92,8.37,8.63,8.76,8.89
1990-10-18,7.25,7.91,8.32,8.59,8.71,8.85
1990-10-19,7.25,7.85,8.25,8.49,8.62,8.75
1990-10-22,7.23,7.85,8.25,8.5,8.63,8.76
1990-10-23,7.21,7.84,8.25,8.51,8.65,8.79
1990-10-24,7.22,7.84,8.26,8.52,8.66,8.79
1990-10-25,7.18,7.8,8.21,8.47,8.62,8.74
1990-10-26,7.13,7.8,8.23,8.48,8.63,8.76
1990-10-29,7.15,7.82,8.27,8.54,8.7,8.84
1990-10-30,7.14,7.79,8.28,8.56,8.7,8.83
1990-10-31,7.11,7.77,8.24,8.5,8.65,8.78
1990-11-01,7.05,7.68,8.15,8.42,8.57,8.7
1990-11-02,7.08,7.68,8.16,8.42,8.57,8.7
1990-11-05,7.08,7.63,8.1,8.36,8.5,8.63
1990-11-06,7.08,7.65,8.11,8.37,8.52,8.64
1990-11-07,7.09,7.67,8.16,8.44,8.57,8.71
1990-11-08,7.09,7.67,8.18,8.44,8.58,8.73
1990-11-09,7.05,7.61,8.1,8.36,8.49,8.63
1990-11-13,7.04,7.6,8.01,8.26,8.37,8.52
1990-11-14,7.07,7.58,8.01,8.25,8.36,8.51
1990-11-15,7.09,7.6,8.01,8.26,8.37,8.53
1990-11-16,7.08,7.58,7.96,8.2,8.3,8.46
1990-11-19,7.1,7.62,8.01,8.24,8.35,8.51
1990-11-20,7.09,7.62,7.98,8.21,8.31,8.47
1990-11-21,7.04,7.55,7.92,8.16,8.27,8.44
1990-11-23,7.03,7.53,7.92,8.16,8.28,8.44
1990-11-26,7.03,7.55,7.92,8.17,8.27,8.42
1990-11-27,7.04,7.5,7.94,8.18,8.28,8.44
1990-11-28,7.06,7.56,7.94,8.22,8.3,8.46
1990-11-29,7.03,7.58,7.96,8.23,8.32,8.47
1990-11-30,7.02,7.53,7.91,8.18,8.26,8.4
1990-12-03,7.05,7.51,7.88,8.14,8.22,8.36
1990-12-04,7.01,7.46,7.83,8.11,8.2,8.37
1990-12-05,7,7.46,7.82,8.09,8.16,8.32
1990-12-06,7,7.48,7.82,8.11,8.18,8.35
1990-12-07,6.89,7.33,7.67,7.96,8.03,8.19
1990-12-10,6.86,7.28,7.63,7.91,7.98,8.14
1990-12-11,6.84,7.26,7.6,7.87,7.94,8.1
1990-12-12,6.79,7.22,7.59,7.84,7.91,8.07
1990-12-13,6.83,7.31,7.68,7.91,7.98,8.14
1990-12-14,6.85,7.35,7.74,7.97,8.05,8.2
1990-12-17,6.81,7.31,7.71,7.96,8.02,8.18
1990-12-18,6.73,7.28,7.67,7.93,7.99,8.15
1990-12-19,6.62,7.21,7.64,7.92,8,8.19
1990-12-20,6.55,7.25,7.67,7.96,8.05,8.22
1990-12-21,6.59,7.3,7.75,8.03,8.11,8.28
1990-12-24,6.53,7.35,7.84,8.12,8.2,8.36
1990-12-26,6.48,7.27,7.78,8.07,8.15,8.3
1990-12-27,6.47,7.25,7.75,8.03,8.11,8.25
1990-12-28,6.45,7.25,7.78,8.08,8.14,8.31
1990-12-31,6.44,7.15,7.68,8,8.08,8.26
1991-01-02,6.46,7.08,7.59,7.9,7.97,8.14
1991-01-03,6.44,7.08,7.56,7.86,7.93,8.11
1991-01-04,6.53,7.17,7.65,7.94,8.02,8.2
1991-01-07,6.51,7.2,7.75,8.04,8.13,8.32
1991-01-08,6.44,7.15,7.74,8.06,8.16,8.37
1991-01-09,6.25,7.1,7.81,8.12,8.25,8.46
1991-01-10,6.21,7.14,7.76,8.02,8.16,8.37
1991-01-11,6.16,7.14,7.79,8.06,8.2,8.39
1991-01-14,6.05,7.18,7.82,8.09,8.23,8.41
1991-01-15,6.05,7.16,7.79,8.07,8.22,8.41
1991-01-16,6.04,7.21,7.83,8.09,8.24,8.4
1991-01-17,6.12,7.19,7.71,7.93,8.05,8.18
1991-01-18,6.07,7.14,7.68,7.92,8.03,8.17
1991-01-22,6.05,7.13,7.7,7.94,8.07,8.23
1991-01-23,6.14,7.08,7.67,7.91,8.04,8.21
1991-01-24,6.13,7.04,7.61,7.88,8,8.18
1991-01-25,6.17,7.1,7.67,7.93,8.06,8.24
1991-01-28,6.25,7.12,7.67,7.93,8.06,8.23
1991-01-29,6.22,7.1,7.64,7.9,8.03,8.2
1991-01-30,6.2,7.07,7.64,7.9,8.05,8.23
1991-01-31,6.19,7.05,7.62,7.89,8.03,8.21
1991-02-01,6,6.83,7.45,7.75,7.91,8.09
1991-02-04,5.98,6.82,7.43,7.72,7.88,8.05
1991-02-05,5.97,6.8,7.4,7.68,7.85,8.02
1991-02-06,5.91,6.82,7.4,7.68,7.79,8.02
1991-02-07,5.94,6.8,7.42,7.7,7.82,8.01
1991-02-08,5.92,6.8,7.4,7.66,7.77,7.95
1991-02-11,5.88,6.78,7.39,7.65,7.78,7.97
1991-02-12,5.85,6.78,7.39,7.66,7.78,7.96
1991-02-13,5.86,6.78,7.39,7.66,7.78,7.97
1991-02-14,5.85,6.77,7.38,7.67,7.8,7.99
1991-02-15,5.91,6.82,7.41,7.67,7.78,7.97
1991-02-19,5.96,6.87,7.46,7.7,7.8,7.99
1991-02-20,5.94,6.87,7.49,7.73,7.84,8.02
1991-02-21,5.92,6.9,7.51,7.77,7.88,8.04
1991-02-22,5.95,6.98,7.57,7.82,7.91,8.07
1991-02-25,5.99,6.99,7.57,7.79,7.91,8.05
1991-02-26,6.04,7,7.62,7.85,7.96,8.14
1991-02-27,6.03,7.02,7.64,7.87,7.98,8.15
1991-02-28,6.04,7.04,7.66,7.89,8.02,8.19
1991-03-01,6.09,7.18,7.78,8,8.12,8.28
1991-03-04,6.06,7.16,7.77,8.01,8.12,8.29
1991-03-05,6.05,7.13,7.73,7.98,8.08,8.25
1991-03-06,6.08,7.15,7.77,8.01,8.11,8.29
1991-03-07,6.07,7.12,7.73,7.97,8.07,8.23
1991-03-08,5.97,7.08,7.77,8.01,8.13,8.3
1991-03-11,5.89,7.05,7.71,7.94,8.06,8.23
1991-03-12,5.86,7.07,7.74,7.98,8.09,8.26
1991-03-13,5.83,7,7.67,7.91,8.02,8.2
1991-03-14,5.76,6.95,7.64,7.9,8.02,8.2
1991-03-15,5.8,7.01,7.73,7.98,8.1,8.3
1991-03-18,5.84,7.09,7.79,8.04,8.15,8.34
1991-03-19,5.89,7.22,7.93,8.14,8.25,8.42
1991-03-20,5.88,7.2,7.88,8.09,8.2,8.37
1991-03-21,5.87,7.13,7.82,8.04,8.16,8.34
1991-03-22,5.87,7.13,7.82,8.03,8.13,8.33
1991-03-25,5.88,7.14,7.83,8.03,8.13,8.32
1991-03-26,5.86,7.16,7.84,8.04,8.13,8.31
1991-03-27,5.81,7.07,7.76,7.99,8.08,8.26
1991-03-28,5.74,7.02,7.73,7.96,8.05,8.24
1991-04-01,5.76,7.01,7.74,7.97,8.07,8.25
1991-04-02,5.77,6.97,7.68,7.92,8.03,8.22
1991-04-03,5.77,6.99,7.71,7.94,8.05,8.24
1991-04-04,5.74,6.94,7.67,7.9,8,8.19
1991-04-05,5.71,6.92,7.65,7.89,7.99,8.18
1991-04-08,5.65,6.91,7.63,7.88,7.98,8.16
1991-04-09,5.61,6.94,7.68,7.93,8.03,8.2
1991-04-10,5.61,7.02,7.75,7.98,8.1,8.27
1991-04-11,5.57,6.95,7.74,7.97,8.09,8.27
1991-04-12,5.51,6.88,7.64,7.86,7.98,8.16
1991-04-15,5.59,6.9,7.64,7.84,7.95,8.12
1991-04-16,5.61,6.92,7.66,7.85,7.97,8.13
1991-04-17,5.56,6.9,7.64,7.83,7.95,8.11
1991-04-18,5.66,6.99,7.74,7.92,8.02,8.18
1991-04-19,5.75,7.03,7.8,7.99,8.1,8.24
1991-04-22,5.69,7.07,7.83,8.02,8.15,8.3
1991-04-23,5.71,7.05,7.78,7.99,8.12,8.28
1991-04-24,5.66,6.95,7.73,7.93,8.06,8.22
1991-04-25,5.61,6.93,7.7,7.95,8.07,8.24
1991-04-26,5.62,6.89,7.68,7.93,8.06,8.22
1991-04-29,5.59,6.9,7.7,7.93,8.07,8.23
1991-04-30,5.51,6.8,7.63,7.88,8.02,8.2
1991-05-01,5.54,6.8,7.63,7.87,8.01,8.18
1991-05-02,5.46,6.76,7.59,7.84,7.97,8.14
1991-05-03,5.47,6.8,7.67,7.91,8.04,8.22
1991-05-06,5.46,6.82,7.67,7.91,8.05,8.23
1991-05-07,5.5,6.82,7.67,7.92,8.06,8.24
1991-05-08,5.5,6.84,7.68,7.92,8.04,8.24
1991-05-09,5.48,6.84,7.68,7.92,8.02,8.21
1991-05-10,5.48,6.87,7.76,8,8.12,8.33
1991-05-13,5.47,6.84,7.72,7.96,8.07,8.27
1991-05-14,5.49,6.86,7.78,8.02,8.14,8.36
1991-05-15,5.45,6.84,7.77,8.02,8.13,8.34
1991-05-16,5.4,6.84,7.77,7.99,8.12,8.33
1991-05-17,5.4,6.86,7.77,7.98,8.08,8.28
1991-05-20,5.45,6.86,7.78,7.98,8.1,8.3
1991-05-21,5.5,6.84,7.74,7.95,8.06,8.26
1991-05-22,5.46,6.77,7.72,7.95,8.06,8.28
1991-05-23,5.4,6.74,7.71,7.96,8.1,8.31
1991-05-24,5.4,6.69,7.68,7.97,8.1,8.31
1991-05-28,5.4,6.66,7.66,7.93,8.07,8.28
1991-05-29,5.45,6.61,7.66,7.92,8.07,8.29
1991-05-30,5.45,6.6,7.63,7.89,8.02,8.22
1991-05-31,5.53,6.68,7.69,7.92,8.06,8.26
1991-06-03,5.6,6.79,7.8,8.01,8.14,8.34
1991-06-04,5.57,6.79,7.8,8.02,8.14,8.34
1991-06-05,5.59,6.83,7.84,8.07,8.19,8.39
1991-06-06,5.56,6.86,7.89,8.12,8.23,8.42
1991-06-07,5.56,6.98,7.96,8.18,8.29,8.48
1991-06-10,5.58,7.01,7.95,8.19,8.29,8.48
1991-06-11,5.57,6.99,7.96,8.19,8.29,8.48
1991-06-12,5.56,7.08,8.02,8.25,8.36,8.55
1991-06-13,5.58,7.08,8,8.24,8.34,8.53
1991-06-14,5.59,7.02,7.94,8.17,8.29,8.47
1991-06-17,5.59,7.02,7.96,8.19,8.3,8.49
1991-06-18,5.62,7,7.97,8.2,8.32,8.52
1991-06-19,5.57,6.95,7.97,8.21,8.33,8.52
1991-06-20,5.56,6.87,7.91,8.17,8.3,8.48
1991-06-21,5.57,6.94,7.95,8.2,8.32,8.51
1991-06-24,5.56,6.96,7.98,8.21,8.33,8.51
1991-06-25,5.58,7.04,7.99,8.22,8.33,8.51
1991-06-26,5.56,7.01,7.98,8.23,8.33,8.51
1991-06-27,5.55,7,7.97,8.21,8.32,8.49
1991-06-28,5.54,6.9,7.9,8.14,8.24,8.42
1991-07-01,5.58,6.97,7.93,8.17,8.26,8.44
1991-07-02,5.58,7,7.95,8.18,8.27,8.44
1991-07-03,5.56,6.97,7.92,8.15,8.26,8.42
1991-07-05,5.58,7.04,8.01,8.23,8.34,8.49
1991-07-08,5.57,7,8,8.25,8.34,8.51
1991-07-09,5.59,7,8.02,8.27,8.36,8.53
1991-07-10,5.58,6.97,8,8.23,8.35,8.53
1991-07-11,5.56,6.92,7.95,8.17,8.3,8.47
1991-07-12,5.55,6.88,7.9,8.13,8.26,8.44
1991-07-15,5.57,6.88,7.9,8.13,8.26,8.44
1991-07-16,5.59,6.9,7.91,8.14,8.27,8.46
1991-07-17,5.61,6.94,7.94,8.17,8.3,8.49
1991-07-18,5.59,6.91,7.95,8.17,8.31,8.5
1991-07-19,5.58,6.89,7.91,8.15,8.28,8.48
1991-07-22,5.57,6.91,7.92,8.15,8.28,8.48
1991-07-23,5.59,6.94,7.96,8.17,8.31,8.5
1991-07-24,5.58,6.88,7.86,8.1,8.24,8.42
1991-07-25,5.58,6.87,7.81,8.06,8.2,8.38
1991-07-26,5.58,6.85,7.82,8.06,8.2,8.39
1991-07-29,5.57,6.82,7.81,8.06,8.2,8.39
1991-07-30,5.56,6.84,7.81,8.06,8.21,8.39
1991-07-31,5.53,6.81,7.77,8.03,8.2,8.36
1991-08-01,5.55,6.84,7.78,8.05,8.2,8.38
1991-08-02,5.46,6.69,7.62,7.9,8.06,8.25
1991-08-05,5.5,6.69,7.62,7.89,8.04,8.24
1991-08-06,5.41,6.57,7.54,7.82,7.97,8.18
1991-08-07,5.38,6.54,7.51,7.8,7.93,8.17
1991-08-08,5.37,6.52,7.53,7.84,7.98,8.22
1991-08-09,5.32,6.49,7.51,7.82,7.98,8.23
1991-08-12,5.31,6.49,7.49,7.8,7.95,8.21
1991-08-13,5.29,6.48,7.46,7.76,7.91,8.17
1991-08-14,5.29,6.37,7.37,7.66,7.82,8.08
1991-08-15,5.3,6.33,7.37,7.68,7.84,8.09
1991-08-16,5.26,6.31,7.33,7.66,7.84,8.09
1991-08-19,5.11,6.24,7.31,7.65,7.83,8.11
1991-08-20,5.11,6.17,7.24,7.61,7.81,8.09
1991-08-21,5.28,6.27,7.27,7.63,7.8,8.07
1991-08-22,5.31,6.27,7.25,7.61,7.78,8.05
1991-08-23,5.39,6.46,7.39,7.71,7.88,8.13
1991-08-26,5.41,6.48,7.44,7.75,7.91,8.15
1991-08-27,5.38,6.41,7.42,7.74,7.89,8.14
1991-08-28,5.3,6.3,7.32,7.65,7.82,8.06
1991-08-29,5.27,6.25,7.24,7.58,7.74,7.99
1991-08-30,5.33,6.36,7.34,7.67,7.82,8.06
1991-09-03,5.34,6.33,7.32,7.66,7.81,8.05
1991-09-04,5.33,6.31,7.31,7.66,7.81,8.06
1991-09-05,5.32,6.31,7.32,7.67,7.83,8.09
1991-09-06,5.29,6.26,7.24,7.6,7.76,8.02
1991-09-09,5.28,6.23,7.2,7.56,7.73,8
1991-09-10,5.24,6.21,7.2,7.55,7.73,8.01
1991-09-11,5.26,6.23,7.21,7.56,7.74,8.02
1991-09-12,5.22,6.2,7.15,7.52,7.67,7.96
1991-09-13,5.16,6.18,7.13,7.48,7.66,7.95
1991-09-16,5.18,6.17,7.11,7.44,7.63,7.93
1991-09-17,5.19,6.18,7.1,7.43,7.62,7.92
1991-09-18,5.18,6.18,7.1,7.43,7.62,7.92
1991-09-19,5.2,6.2,7.1,7.43,7.61,7.92
1991-09-20,5.19,6.18,7.09,7.4,7.57,7.89
1991-09-23,5.21,6.17,7.09,7.38,7.55,7.88
1991-09-24,5.17,6.11,7.09,7.38,7.56,7.89
1991-09-25,5.17,6.12,7.06,7.4,7.58,7.91
1991-09-26,5.13,6.05,7.03,7.38,7.56,7.89
1991-09-27,5.13,6.02,6.95,7.31,7.49,7.83
1991-09-30,5.11,5.99,6.92,7.29,7.47,7.82
1991-10-01,5.1,5.99,6.9,7.27,7.45,7.81
1991-10-02,5.09,5.99,6.9,7.28,7.47,7.83
1991-10-03,5.04,5.98,6.88,7.26,7.47,7.84
1991-10-04,5.02,5.91,6.81,7.18,7.39,7.79
1991-10-07,5.02,5.93,6.81,7.18,7.4,7.79
1991-10-08,5.02,5.89,6.82,7.2,7.43,7.82
1991-10-09,5.01,5.93,6.87,7.24,7.51,7.91
1991-10-10,5.03,5.98,6.93,7.3,7.58,7.98
1991-10-11,4.99,5.91,6.84,7.19,7.49,7.9
1991-10-15,4.96,5.85,6.81,7.16,7.46,7.87
1991-10-16,4.97,5.86,6.79,7.15,7.45,7.88
1991-10-17,5.03,5.93,6.9,7.24,7.55,8
1991-10-18,5.03,5.95,6.88,7.22,7.53,7.97
1991-10-21,5.04,5.99,6.95,7.3,7.62,8.06
1991-10-22,5.06,6.02,6.99,7.35,7.67,8.1
1991-10-23,5.04,6.01,7,7.37,7.69,8.09
1991-10-24,4.97,5.93,6.91,7.33,7.65,8.03
1991-10-25,4.96,5.93,6.96,7.36,7.68,8.05
1991-10-28,4.94,5.88,6.91,7.32,7.65,8.03
1991-10-29,4.89,5.78,6.8,7.19,7.51,7.91
1991-10-30,4.84,5.73,6.77,7.18,7.48,7.9
1991-10-31,4.82,5.7,6.74,7.15,7.47,7.91
1991-11-01,4.75,5.65,6.71,7.16,7.48,7.93
1991-11-04,4.74,5.63,6.74,7.18,7.5,7.95
1991-11-05,4.76,5.7,6.79,7.21,7.56,8.02
1991-11-06,4.63,5.63,6.72,7.16,7.51,8.01
1991-11-07,4.63,5.62,6.65,7.08,7.43,7.92
1991-11-08,4.62,5.63,6.66,7.08,7.41,7.88
1991-11-12,4.62,5.65,6.65,7.05,7.37,7.8
1991-11-13,4.63,5.65,6.69,7.08,7.41,7.88
1991-11-14,4.63,5.6,6.62,7.02,7.35,7.82
1991-11-15,4.59,5.54,6.58,6.99,7.33,7.84
1991-11-18,4.58,5.55,6.57,6.98,7.33,7.84
1991-11-19,4.53,5.5,6.55,6.99,7.37,7.9
1991-11-20,4.49,5.52,6.56,7.01,7.38,7.92
1991-11-21,4.43,5.5,6.54,6.99,7.39,7.96
1991-11-22,4.42,5.49,6.56,7.02,7.44,7.99
1991-11-25,4.43,5.5,6.61,7.06,7.45,7.99
1991-11-26,4.4,5.45,6.53,7.04,7.42,7.95
1991-11-27,4.39,5.43,6.53,7.03,7.42,7.97
1991-11-29,4.35,5.38,6.48,6.99,7.38,7.94
1991-12-02,4.38,5.33,6.43,6.91,7.32,7.92
1991-12-03,4.36,5.29,6.39,6.86,7.28,7.9
1991-12-04,4.31,5.22,6.27,6.74,7.17,7.84
1991-12-05,4.31,5.22,6.3,6.78,7.21,7.86
1991-12-06,4.24,5.19,6.31,6.81,7.26,7.78
1991-12-09,4.15,5.09,6.23,6.75,7.22,7.78
1991-12-10,4.2,5.07,6.25,6.75,7.21,7.79
1991-12-11,4.15,5.04,6.26,6.76,7.22,7.81
1991-12-12,4.15,5.06,6.23,6.74,7.19,7.77
1991-12-13,4.15,5.09,6.3,6.79,7.22,7.79
1991-12-16,4.14,5.06,6.28,6.78,7.21,7.77
1991-12-17,4.11,5.02,6.24,6.75,7.18,7.75
1991-12-18,4.12,5.11,6.3,6.78,7.19,7.76
1991-12-19,4.04,5.05,6.19,6.73,7.11,7.68
1991-12-20,3.74,4.8,6.02,6.59,6.97,7.59
1991-12-23,3.76,4.79,6,6.51,6.88,7.53
1991-12-24,3.81,4.84,6.01,6.53,6.88,7.53
1991-12-26,3.82,4.85,6,6.51,6.85,7.51
1991-12-27,3.86,4.85,6,6.5,6.82,7.52
1991-12-30,3.87,4.8,5.97,6.44,6.76,7.45
1991-12-31,3.88,4.77,5.93,6.38,6.71,7.41
1992-01-02,3.86,4.77,5.98,6.46,6.78,7.46
1992-01-03,3.85,4.8,6.05,6.54,6.85,7.48
1992-01-06,3.81,4.76,6.02,6.51,6.82,7.44
1992-01-07,3.75,4.67,5.94,6.44,6.76,7.39
1992-01-08,3.72,4.66,5.96,6.42,6.77,7.41
1992-01-09,3.77,4.77,6.02,6.47,6.79,7.42
1992-01-10,3.82,4.85,6.1,6.54,6.85,7.47
1992-01-13,3.81,4.93,6.21,6.62,6.92,7.49
1992-01-14,3.82,5,6.34,6.77,7.03,7.54
1992-01-15,3.84,5.07,6.37,6.78,7.05,7.57
1992-01-16,3.79,5.07,6.41,6.84,7.13,7.65
1992-01-17,3.79,5.02,6.36,6.81,7.09,7.61
1992-01-21,3.73,4.97,6.27,6.71,7.03,7.57
1992-01-22,3.75,4.95,6.28,6.74,7.09,7.62
1992-01-23,3.77,5.02,6.32,6.84,7.2,7.71
1992-01-24,3.81,5.13,6.4,6.89,7.25,7.71
1992-01-27,3.85,5.15,6.41,6.88,7.24,7.71
1992-01-28,3.83,5.1,6.32,6.8,7.16,7.66
1992-01-29,3.86,5.15,6.42,6.89,7.25,7.75
1992-01-30,3.83,5.17,6.48,6.93,7.31,7.79
1992-01-31,3.84,5.11,6.44,6.92,7.31,7.77
1992-02-03,3.84,5.15,6.52,6.98,7.36,7.82
1992-02-04,3.84,5.12,6.46,6.91,7.29,7.76
1992-02-05,3.84,5.07,6.4,6.83,7.21,7.74
1992-02-06,3.81,5.05,6.4,6.81,7.2,7.75
1992-02-07,3.74,4.97,6.4,6.8,7.2,7.77
1992-02-10,3.73,4.94,6.38,6.79,7.21,7.79
1992-02-11,3.75,5.01,6.4,6.82,7.23,7.79
1992-02-12,3.75,5.08,6.46,6.88,7.3,7.81
1992-02-13,3.79,5.22,6.61,7,7.4,7.92
1992-02-14,3.79,5.27,6.65,7.02,7.41,7.91
1992-02-18,3.81,5.24,6.69,7.07,7.47,7.97
1992-02-19,3.85,5.28,6.67,7.05,7.42,7.93
1992-02-20,3.88,5.3,6.67,7.03,7.41,7.91
1992-02-21,3.93,5.46,6.77,7.1,7.45,7.95
1992-02-24,3.93,5.46,6.81,7.12,7.47,7.97
1992-02-25,3.96,5.43,6.78,7.09,7.44,7.94
1992-02-26,3.94,5.37,6.66,7.01,7.33,7.85
1992-02-27,3.93,5.34,6.67,7.02,7.35,7.86
1992-02-28,3.93,5.27,6.58,6.95,7.27,7.8
1992-03-02,4.03,5.45,6.73,7.07,7.38,7.9
1992-03-03,4.04,5.48,6.76,7.11,7.43,7.93
1992-03-04,4.03,5.5,6.76,7.1,7.43,7.9
1992-03-05,4.04,5.62,6.87,7.21,7.51,7.95
1992-03-06,4.04,5.6,6.85,7.18,7.48,7.93
1992-03-09,4.01,5.54,6.77,7.1,7.42,7.88
1992-03-10,4.01,5.56,6.78,7.11,7.43,7.89
1992-03-11,4.01,5.58,6.86,7.21,7.51,7.96
1992-03-12,4.02,5.74,7.01,7.33,7.62,8.04
1992-03-13,4.06,5.86,7.14,7.44,7.71,8.06
1992-03-16,4.06,5.87,7.12,7.43,7.69,8.07
1992-03-17,4.06,5.83,7.06,7.37,7.62,8.02
1992-03-18,4.05,5.84,7.06,7.36,7.62,8.01
1992-03-19,4.05,5.79,7.03,7.31,7.57,7.98
1992-03-20,4.06,5.86,7.12,7.38,7.64,8.05
1992-03-23,4.08,5.87,7.1,7.37,7.62,8.04
1992-03-24,4.05,5.78,7,7.27,7.53,7.94
1992-03-25,4.01,5.72,6.96,7.25,7.53,7.94
1992-03-26,4.01,5.69,6.98,7.29,7.57,7.99
1992-03-27,4.01,5.68,6.97,7.27,7.54,7.94
1992-03-30,4.01,5.61,6.93,7.25,7.54,7.95
1992-03-31,4.05,5.6,6.94,7.25,7.54,7.96
1992-04-01,4.01,5.53,6.82,7.17,7.46,7.9
1992-04-02,4.02,5.55,6.85,7.2,7.47,7.92
1992-04-03,3.96,5.37,6.76,7.13,7.42,7.88
1992-04-06,3.96,5.36,6.74,7.12,7.41,7.88
1992-04-07,3.87,5.34,6.73,7.12,7.41,7.9
1992-04-08,3.87,5.33,6.76,7.14,7.44,7.94
1992-04-09,3.66,5.09,6.59,7.02,7.35,7.85
1992-04-10,3.65,5.16,6.62,7.03,7.37,7.89
1992-04-13,3.62,5.11,6.58,6.98,7.33,7.86
1992-04-14,3.62,5.15,6.6,6.99,7.35,7.88
1992-04-15,3.62,5.22,6.66,7.02,7.37,7.87
1992-04-16,3.65,5.34,6.76,7.11,7.45,7.93
1992-04-20,3.69,5.45,6.9,7.25,7.59,8.02
1992-04-21,3.68,5.41,6.89,7.24,7.58,8.03
1992-04-22,3.68,5.41,6.89,7.23,7.57,8.04
1992-04-23,3.67,5.41,6.91,7.25,7.59,8.06
1992-04-24,3.67,5.33,6.85,7.21,7.55,8.06
1992-04-27,3.71,5.42,6.9,7.25,7.6,8.1
1992-04-28,3.71,5.4,6.87,7.23,7.57,8.06
1992-04-29,3.71,5.39,6.88,7.26,7.6,8.08
1992-04-30,3.7,5.46,6.91,7.26,7.61,8.06
1992-05-01,3.63,5.33,6.82,7.2,7.56,8.01
1992-05-04,3.64,5.32,6.82,7.21,7.58,8.03
1992-05-05,3.64,5.3,6.8,7.18,7.56,8.01
1992-05-06,3.62,5.25,6.76,7.15,7.46,7.97
1992-05-07,3.62,5.34,6.8,7.16,7.49,8
1992-05-08,3.63,5.29,6.73,7.09,7.41,7.9
1992-05-11,3.64,5.24,6.71,7.07,7.4,7.9
1992-05-12,3.62,5.19,6.66,7.02,7.36,7.86
1992-05-13,3.59,5.14,6.64,7,7.34,7.85
1992-05-14,3.57,5.13,6.63,7,7.34,7.87
1992-05-15,3.58,5.11,6.6,6.96,7.28,7.81
1992-05-18,3.6,5.12,6.59,6.96,7.28,7.82
1992-05-19,3.54,5,6.47,6.86,7.2,7.77
1992-05-20,3.57,5.13,6.55,6.93,7.25,7.79
1992-05-21,3.67,5.34,6.77,7.1,7.39,7.86
1992-05-22,3.68,5.24,6.69,7.05,7.35,7.83
1992-05-26,3.74,5.35,6.79,7.14,7.46,7.92
1992-05-27,3.7,5.28,6.74,7.11,7.44,7.91
1992-05-28,3.68,5.22,6.67,7.04,7.36,7.87
1992-05-29,3.7,5.19,6.61,7,7.33,7.84
1992-06-01,3.75,5.29,6.69,7.06,7.39,7.9
1992-06-02,3.74,5.23,6.61,7.02,7.35,7.87
1992-06-03,3.71,5.2,6.6,7.01,7.34,7.88
1992-06-04,3.69,5.22,6.6,7.01,7.34,7.88
1992-06-05,3.68,5.13,6.55,6.96,7.31,7.84
1992-06-08,3.68,5.11,6.56,6.97,7.31,7.84
1992-06-09,3.68,5.11,6.59,6.99,7.33,7.88
1992-06-10,3.68,5.13,6.59,7.01,7.35,7.9
1992-06-11,3.66,5.09,6.56,6.98,7.33,7.88
1992-06-12,3.66,5.06,6.49,6.94,7.29,7.85
1992-06-15,3.65,5.05,6.49,6.93,7.28,7.85
1992-06-16,3.64,5.02,6.44,6.88,7.24,7.84
1992-06-17,3.62,5,6.44,6.86,7.23,7.82
1992-06-18,3.61,4.94,6.39,6.81,7.19,7.8
1992-06-19,3.65,5,6.45,6.87,7.24,7.83
1992-06-22,3.64,4.99,6.45,6.86,7.24,7.84
1992-06-23,3.68,5.1,6.5,6.88,7.25,7.85
1992-06-24,3.64,4.96,6.39,6.83,7.2,7.83
1992-06-25,3.62,4.89,6.32,6.75,7.14,7.78
1992-06-26,3.62,4.88,6.33,6.78,7.15,7.79
1992-06-29,3.57,4.83,6.29,6.74,7.12,7.78
1992-06-30,3.57,4.83,6.29,6.76,7.14,7.79
1992-07-01,3.55,4.82,6.27,6.73,7.1,7.76
1992-07-02,3.24,4.55,6.02,6.53,6.93,7.63
1992-07-06,3.22,4.46,5.97,6.49,6.9,7.62
1992-07-07,3.21,4.4,5.91,6.45,6.87,7.61
1992-07-08,3.22,4.4,5.93,6.45,6.91,7.61
1992-07-09,3.21,4.4,5.93,6.45,6.91,7.61
1992-07-10,3.22,4.38,5.92,6.43,6.93,7.64
1992-07-13,3.21,4.4,5.94,6.46,6.97,7.67
1992-07-14,3.21,4.32,5.9,6.45,6.97,7.69
1992-07-15,3.18,4.25,5.8,6.37,6.9,7.64
1992-07-16,3.17,4.25,5.8,6.35,6.87,7.62
1992-07-17,3.16,4.27,5.82,6.38,6.9,7.68
1992-07-20,3.18,4.3,5.82,6.38,6.9,7.66
1992-07-21,3.19,4.34,5.82,6.37,6.89,7.67
1992-07-22,3.17,4.29,5.77,6.32,6.85,7.62
1992-07-23,3.16,4.2,5.62,6.18,6.72,7.54
1992-07-24,3.16,4.25,5.66,6.2,6.73,7.57
1992-07-27,3.19,4.27,5.66,6.16,6.69,7.53
1992-07-28,3.19,4.27,5.63,6.11,6.63,7.44
1992-07-29,3.18,4.25,5.62,6.09,6.6,7.43
1992-07-30,3.18,4.33,5.76,6.24,6.69,7.46
1992-07-31,3.18,4.42,5.84,6.27,6.72,7.46
1992-08-03,3.17,4.4,5.82,6.28,6.72,7.46
1992-08-04,3.17,4.31,5.72,6.2,6.66,7.43
1992-08-05,3.17,4.29,5.69,6.17,6.64,7.43
1992-08-06,3.16,4.29,5.67,6.18,6.65,7.45
1992-08-07,3.14,4.18,5.56,6.08,6.57,7.4
1992-08-10,3.13,4.12,5.5,6.01,6.52,7.37
1992-08-11,3.13,4.15,5.5,5.99,6.5,7.33
1992-08-12,3.12,4.19,5.54,6.02,6.48,7.33
1992-08-13,3.09,4.19,5.57,6.09,6.55,7.36
1992-08-14,3.06,4.14,5.54,6.06,6.53,7.33
1992-08-17,3.07,4.13,5.55,6.09,6.56,7.37
1992-08-18,3.07,4.04,5.44,6,6.48,7.33
1992-08-19,3.08,4.06,5.43,5.99,6.47,7.33
1992-08-20,3.08,4.04,5.42,5.98,6.46,7.32
1992-08-21,3.07,4.13,5.54,6.08,6.53,7.36
1992-08-24,3.15,4.27,5.72,6.25,6.68,7.44
1992-08-25,3.17,4.32,5.76,6.29,6.73,7.47
1992-08-26,3.16,4.26,5.7,6.25,6.68,7.43
1992-08-27,3.16,4.23,5.65,6.2,6.64,7.42
1992-08-28,3.16,4.16,5.6,6.18,6.63,7.42
1992-08-31,3.16,4.15,5.6,6.17,6.62,7.42
1992-09-01,3.15,4.12,5.52,6.11,6.56,7.38
1992-09-02,3.14,4.1,5.5,6.07,6.54,7.37
1992-09-03,3.14,4.09,5.5,6.07,6.54,7.37
1992-09-04,2.92,3.89,5.3,5.9,6.4,7.29
1992-09-08,2.9,3.83,5.21,5.8,6.29,7.23
1992-09-09,2.91,3.85,5.25,5.83,6.31,7.25
1992-09-10,2.91,3.83,5.26,5.84,6.31,7.24
1992-09-11,2.92,3.87,5.33,5.91,6.37,7.3
1992-09-14,2.89,3.8,5.28,5.86,6.32,7.26
1992-09-15,2.92,3.89,5.37,5.94,6.4,7.33
1992-09-16,2.9,3.87,5.4,5.95,6.41,7.35
1992-09-17,2.88,3.86,5.41,5.95,6.4,7.34
1992-09-18,2.88,3.86,5.41,5.97,6.41,7.32
1992-09-21,2.91,3.91,5.46,5.99,6.42,7.35
1992-09-22,2.92,3.98,5.52,6.07,6.5,7.45
1992-09-23,2.92,3.97,5.54,6.13,6.54,7.48
1992-09-24,2.89,3.91,5.47,6.06,6.48,7.42
1992-09-25,2.8,3.78,5.33,5.96,6.41,7.35
1992-09-28,2.78,3.77,5.28,5.91,6.37,7.34
1992-09-29,2.73,3.8,5.31,5.92,6.37,7.36
1992-09-30,2.69,3.8,5.33,5.94,6.37,7.38
1992-10-01,2.61,3.67,5.18,5.8,6.23,7.3
1992-10-02,2.63,3.71,5.22,5.84,6.26,7.33
1992-10-05,2.64,3.68,5.18,5.81,6.24,7.34
1992-10-06,2.73,3.74,5.25,5.89,6.3,7.41
1992-10-07,2.83,3.88,5.43,6.03,6.46,7.48
1992-10-08,2.79,3.83,5.37,5.99,6.41,7.45
1992-10-09,2.83,4,5.5,6.08,6.52,7.52
1992-10-13,2.86,3.99,5.49,6.07,6.51,7.53
1992-10-14,2.93,4.02,5.51,6.07,6.51,7.5
1992-10-15,2.92,4.02,5.52,6.08,6.53,7.51
1992-10-16,2.9,4.04,5.57,6.12,6.6,7.54
1992-10-19,2.97,4.15,5.71,6.23,6.69,7.57
1992-10-20,3.02,4.34,5.9,6.44,6.86,7.65
1992-10-21,2.93,4.29,5.82,6.35,6.8,7.63
1992-10-22,2.91,4.24,5.79,6.32,6.74,7.61
1992-10-23,2.93,4.37,5.91,6.41,6.83,7.65
1992-10-26,2.92,4.39,5.92,6.42,6.83,7.66
1992-10-27,2.94,4.32,5.82,6.34,6.78,7.62
1992-10-28,2.94,4.33,5.83,6.33,6.76,7.64
1992-10-29,2.95,4.33,5.79,6.27,6.71,7.6
1992-10-30,2.96,4.4,5.9,6.36,6.8,7.63
1992-11-02,3.01,4.47,5.96,6.46,6.88,7.66
1992-11-03,3.03,4.44,5.94,6.45,6.87,7.65
1992-11-04,3.02,4.44,5.94,6.46,6.89,7.69
1992-11-05,3.01,4.39,5.93,6.44,6.87,7.69
1992-11-06,3.06,4.48,6.02,6.54,6.97,7.76
1992-11-09,3.08,4.57,6.09,6.59,7,7.75
1992-11-10,3.08,4.5,6.01,6.5,6.91,7.68
1992-11-12,3.06,4.44,5.89,6.38,6.79,7.57
1992-11-13,3.08,4.54,5.99,6.44,6.82,7.57
1992-11-16,3.12,4.68,6.11,6.54,6.9,7.56
1992-11-17,3.17,4.67,6.08,6.51,6.86,7.55
1992-11-18,3.15,4.58,5.97,6.41,6.78,7.51
1992-11-19,3.15,4.59,6,6.44,6.81,7.54
1992-11-20,3.2,4.66,6.08,6.48,6.84,7.54
1992-11-23,3.24,4.69,6.1,6.51,6.86,7.56
1992-11-24,3.22,4.61,6.04,6.45,6.82,7.53
1992-11-25,3.24,4.7,6.12,6.5,6.84,7.54
1992-11-27,3.25,4.77,6.22,6.6,6.93,7.59
1992-11-30,3.27,4.79,6.23,6.61,6.95,7.59
1992-12-01,3.33,4.81,6.24,6.61,6.94,7.57
1992-12-02,3.34,4.81,6.23,6.61,6.93,7.57
1992-12-03,3.3,4.78,6.2,6.59,6.91,7.57
1992-12-04,3.25,4.7,6.11,6.51,6.84,7.5
1992-12-07,3.25,4.62,6.05,6.45,6.78,7.45
1992-12-08,3.26,4.59,5.99,6.39,6.73,7.44
1992-12-09,3.23,4.61,6.01,6.41,6.76,7.44
1992-12-10,3.22,4.67,6.04,6.42,6.77,7.42
1992-12-11,3.25,4.78,6.1,6.48,6.8,7.44
1992-12-14,3.26,4.8,6.15,6.52,6.83,7.45
1992-12-15,3.22,4.77,6.12,6.5,6.83,7.45
1992-12-16,3.21,4.67,6.06,6.44,6.77,7.44
1992-12-17,3.2,4.69,6.08,6.45,6.77,7.43
1992-12-18,3.16,4.66,6.07,6.44,6.76,7.43
1992-12-21,3.17,4.64,6.05,6.41,6.71,7.38
1992-12-22,3.2,4.64,6.02,6.36,6.65,7.34
1992-12-23,3.18,4.63,6.01,6.39,6.68,7.36
1992-12-24,3.16,4.6,6.02,6.4,6.69,7.36
1992-12-28,3.18,4.64,6.06,6.43,6.72,7.4
1992-12-29,3.2,4.61,6.04,6.42,6.69,7.37
1992-12-30,3.12,4.54,5.98,6.39,6.68,7.39
1992-12-31,3.08,4.56,6.04,6.43,6.7,7.4
1993-01-04,3.08,4.48,5.9,6.33,6.6,7.33
1993-01-05,3.11,4.48,5.9,6.32,6.61,7.33
1993-01-06,3.1,4.52,5.94,6.36,6.63,7.34
1993-01-07,3.12,4.64,6.05,6.49,6.76,7.45
1993-01-08,3.06,4.5,5.97,6.44,6.75,7.47
1993-01-11,3.05,4.48,5.93,6.4,6.71,7.47
1993-01-12,3.02,4.48,5.95,6.41,6.72,7.48
1993-01-13,3,4.46,5.93,6.36,6.71,7.45
1993-01-14,2.98,4.4,5.88,6.3,6.65,7.41
1993-01-15,2.94,4.31,5.8,6.24,6.6,7.35
1993-01-19,2.99,4.39,5.82,6.23,6.59,7.31
1993-01-20,3.01,4.41,5.85,6.26,6.61,7.32
1993-01-21,2.99,4.36,5.83,6.23,6.6,7.31
1993-01-22,2.97,4.3,5.77,6.18,6.57,7.3
1993-01-25,2.95,4.26,5.71,6.11,6.48,7.22
1993-01-26,2.95,4.3,5.75,6.13,6.5,7.26
1993-01-27,2.91,4.24,5.68,6.1,6.48,7.25
1993-01-28,2.9,4.2,5.61,6.05,6.44,7.23
1993-01-29,2.9,4.2,5.57,6,6.39,7.21
1993-02-01,2.9,4.19,5.55,5.97,6.38,7.21
1993-02-02,2.96,4.25,5.63,6.04,6.46,7.25
1993-02-03,2.93,4.27,5.62,6.04,6.45,7.23
1993-02-04,2.9,4.19,5.53,5.98,6.39,7.19
1993-02-05,2.9,4.07,5.42,5.88,6.32,7.17
1993-02-08,2.92,4.16,5.49,5.93,6.37,7.18
1993-02-09,2.93,4.2,5.55,5.98,6.41,7.2
1993-02-10,2.94,4.27,5.63,6.06,6.4,7.26
1993-02-11,2.92,4.2,5.58,6.02,6.37,7.15
1993-02-12,2.93,4.2,5.57,6,6.35,7.13
1993-02-16,2.93,4.14,5.52,5.98,6.34,7.14
1993-02-17,2.91,4.06,5.43,5.9,6.28,7.11
1993-02-18,2.89,3.95,5.29,5.75,6.17,7.02
1993-02-19,2.93,3.99,5.3,5.76,6.15,7.01
1993-02-22,2.95,3.99,5.28,5.7,6.09,6.95
1993-02-23,2.94,3.9,5.12,5.53,5.92,6.83
1993-02-24,2.96,3.97,5.2,5.64,6.01,6.88
1993-02-25,2.95,3.95,5.23,5.68,6.03,6.89
1993-02-26,2.95,3.92,5.21,5.67,6.03,6.9
1993-03-01,2.95,3.88,5.12,5.58,5.94,6.83
1993-03-02,2.97,3.88,5.13,5.58,5.95,6.84
1993-03-03,2.94,3.81,5.05,5.51,5.88,6.78
1993-03-04,2.91,3.75,5,5.46,5.83,6.73
1993-03-05,3,3.91,5.14,5.56,5.9,6.76
1993-03-08,3,3.97,5.15,5.54,5.85,6.72
1993-03-09,2.99,4.02,5.21,5.6,5.91,6.73
1993-03-10,2.98,4.05,5.24,5.65,5.97,6.75
1993-03-11,2.96,4.01,5.23,5.65,5.96,6.75
1993-03-12,2.97,4.11,5.35,5.8,6.11,6.86
1993-03-15,2.99,4.1,5.39,5.87,6.17,6.91
1993-03-16,2.98,4.02,5.27,5.76,6.06,6.87
1993-03-17,2.98,3.98,5.21,5.72,6.02,6.86
1993-03-18,2.95,3.91,5.11,5.63,5.93,6.8
1993-03-19,2.96,3.95,5.17,5.65,5.95,6.81
1993-03-22,2.94,3.92,5.18,5.65,5.96,6.81
1993-03-23,2.92,3.88,5.14,5.6,5.91,6.77
1993-03-24,2.92,3.93,5.19,5.64,5.95,6.81
1993-03-25,2.91,3.92,5.19,5.67,5.98,6.83
1993-03-26,2.93,4.02,5.32,5.78,6.09,6.94
1993-03-29,2.94,3.95,5.25,5.75,6.06,6.9
1993-03-30,2.91,3.91,5.2,5.71,6.02,6.91
1993-03-31,2.89,3.96,5.24,5.72,6.03,6.93
1993-04-01,2.9,3.94,5.24,5.74,6.06,6.97
1993-04-02,2.91,3.99,5.31,5.83,6.16,7.06
1993-04-05,2.9,3.96,5.27,5.79,6.13,7.04
1993-04-06,2.91,3.93,5.22,5.73,6.08,6.97
1993-04-07,2.92,3.93,5.23,5.72,6.07,6.96
1993-04-08,2.9,3.85,5.13,5.62,5.97,6.85
1993-04-12,2.89,3.82,5.09,5.57,5.92,6.79
1993-04-13,2.85,3.82,5.1,5.55,5.93,6.8
1993-04-14,2.82,3.78,5.07,5.51,5.9,6.76
1993-04-15,2.84,3.79,5.06,5.49,5.88,6.73
1993-04-16,2.84,3.8,5.08,5.51,5.89,6.76
1993-04-19,2.81,3.78,5.07,5.49,5.87,6.73
1993-04-20,2.79,3.78,5.07,5.49,5.87,6.76
1993-04-21,2.8,3.77,5.05,5.48,5.86,6.75
1993-04-22,2.82,3.75,5.04,5.46,5.85,6.75
1993-04-23,2.84,3.75,5.06,5.49,5.89,6.79
1993-04-26,2.89,3.79,5.09,5.53,5.94,6.83
1993-04-27,2.91,3.88,5.19,5.62,6.02,6.9
1993-04-28,2.92,3.86,5.18,5.64,6.03,6.91
1993-04-29,2.9,3.79,5.1,5.58,5.99,6.88
1993-04-30,2.91,3.83,5.14,5.63,6.05,6.95
1993-05-03,2.87,3.75,5.06,5.54,5.96,6.86
1993-05-04,2.87,3.75,5.04,5.49,5.92,6.81
1993-05-05,2.89,3.8,5.07,5.51,5.93,6.82
1993-05-06,2.86,3.8,5.03,5.52,5.89,6.8
1993-05-07,2.87,3.79,5.04,5.57,5.92,6.85
1993-05-10,2.87,3.79,5.02,5.53,5.89,6.81
1993-05-11,2.89,3.79,5.03,5.51,5.89,6.82
1993-05-12,2.9,3.82,5.07,5.57,5.96,6.86
1993-05-13,2.93,3.91,5.15,5.63,6.02,6.96
1993-05-14,2.96,3.97,5.21,5.67,6.03,6.95
1993-05-17,3,4.05,5.27,5.72,6.07,6.97
1993-05-18,3.01,4.08,5.3,5.78,6.15,7.02
1993-05-19,2.97,4.03,5.26,5.73,6.11,6.98
1993-05-20,2.96,4.03,5.25,5.71,6.09,6.99
1993-05-21,3,4.14,5.34,5.78,6.16,7.03
1993-05-24,3.04,4.19,5.37,5.79,6.16,6.99
1993-05-25,3.07,4.19,5.38,5.81,6.17,7.01
1993-05-26,3.05,4.2,5.35,5.76,6.12,6.94
1993-05-27,3.06,4.22,5.35,5.76,6.11,6.93
1993-05-28,3.06,4.24,5.37,5.8,6.16,6.98
1993-06-01,3.04,4.16,5.28,5.71,6.07,6.88
1993-06-02,3.07,4.18,5.27,5.69,6.06,6.88
1993-06-03,3.03,4.14,5.23,5.64,6.02,6.86
1993-06-04,3.11,4.31,5.36,5.75,6.11,6.91
1993-06-07,3.1,4.3,5.34,5.73,6.08,6.88
1993-06-08,3.13,4.33,5.35,5.74,6.09,6.91
1993-06-09,3.11,4.29,5.33,5.72,6.07,6.87
1993-06-10,3.11,4.29,5.34,5.72,6.07,6.88
1993-06-11,3.05,4.15,5.22,5.61,5.97,6.8
1993-06-14,3.05,4.13,5.2,5.6,5.97,6.81
1993-06-15,3.05,4.11,5.19,5.59,5.96,6.83
1993-06-16,3.04,4.09,5.18,5.59,5.96,6.82
1993-06-17,3.03,4.08,5.17,5.57,5.93,6.81
1993-06-18,3.06,4.16,5.23,5.62,5.97,6.82
1993-06-21,3.06,4.16,5.2,5.57,5.92,6.78
1993-06-22,3.09,4.15,5.21,5.58,5.91,6.78
1993-06-23,3.12,4.2,5.2,5.59,5.91,6.77
1993-06-24,3.1,4.15,5.16,5.55,5.88,6.74
1993-06-25,3.08,4.1,5.13,5.51,5.84,6.71
1993-06-28,3.07,4.06,5.08,5.47,5.8,6.67
1993-06-29,3.03,4.03,5.05,5.45,5.79,6.67
1993-06-30,3.03,4.03,5.05,5.46,5.8,6.68
1993-07-01,2.99,3.99,5.04,5.46,5.8,6.69
1993-07-02,2.95,3.93,4.98,5.42,5.76,6.67
1993-07-06,3.01,4,5.04,5.47,5.8,6.68
1993-07-07,3.04,4,5.04,5.47,5.8,6.68
1993-07-08,3.02,4,5.02,5.45,5.78,6.66
1993-07-09,3.02,3.98,5,5.42,5.76,6.64
1993-07-12,3.01,3.99,5,5.41,5.75,6.62
1993-07-13,3.04,4.04,5.03,5.43,5.78,6.62
1993-07-14,3.01,3.97,4.98,5.37,5.72,6.56
1993-07-15,3.01,3.99,4.99,5.37,5.72,6.55
1993-07-16,3.01,3.99,4.99,5.36,5.71,6.54
1993-07-19,3.03,3.99,5,5.37,5.71,6.54
1993-07-20,3.06,4.09,5.08,5.42,5.75,6.55
1993-07-21,3.07,4.15,5.17,5.53,5.83,6.62
1993-07-22,3.09,4.22,5.24,5.6,5.9,6.65
1993-07-23,3.09,4.25,5.28,5.66,5.95,6.71
1993-07-26,3.08,4.22,5.25,5.62,5.93,6.68
1993-07-27,3.1,4.25,5.26,5.62,5.92,6.68
1993-07-28,3.08,4.21,5.23,5.58,5.9,6.66
1993-07-29,3.02,4.12,5.13,5.47,5.81,6.57
1993-07-30,3.03,4.13,5.16,5.5,5.83,6.57
1993-08-02,3.07,4.19,5.2,5.55,5.85,6.56
1993-08-03,3.08,4.17,5.19,5.51,5.83,6.53
1993-08-04,3.08,4.16,5.2,5.54,5.87,6.54
1993-08-05,3.05,4.12,5.18,5.52,5.86,6.53
1993-08-06,3.04,4.09,5.16,5.52,5.86,6.53
1993-08-09,3.02,4.06,5.12,5.48,5.82,6.47
1993-08-10,3.03,4.1,5.14,5.49,5.82,6.45
1993-08-11,3.02,4.1,5.13,5.46,5.75,6.44
1993-08-12,3.01,4.06,5.13,5.47,5.77,6.37
1993-08-13,3.02,4,5.08,5.41,5.72,6.35
1993-08-16,3.02,3.98,5.05,5.36,5.68,6.31
1993-08-17,3.01,4.02,5.07,5.39,5.7,6.31
1993-08-18,2.99,3.98,5.04,5.37,5.69,6.26
1993-08-19,2.98,3.93,4.97,5.32,5.64,6.21
1993-08-20,2.99,3.93,4.96,5.28,5.61,6.22
1993-08-23,2.99,3.97,4.98,5.28,5.6,6.22
1993-08-24,2.99,3.89,4.9,5.21,5.54,6.2
1993-08-25,2.98,3.85,4.86,5.17,5.51,6.18
1993-08-26,3,3.82,4.78,5.1,5.42,6.09
1993-08-27,3.02,3.87,4.83,5.13,5.48,6.13
1993-08-30,3.02,3.86,4.78,5.1,5.44,6.12
1993-08-31,3.01,3.88,4.8,5.11,5.45,6.09
1993-09-01,3.01,3.88,4.81,5.12,5.46,6.09
1993-09-02,2.99,3.83,4.76,5.09,5.41,6.04
1993-09-03,2.94,3.71,4.65,5.01,5.31,5.95
1993-09-07,2.93,3.7,4.6,4.96,5.23,5.88
1993-09-08,2.96,3.78,4.63,4.96,5.23,5.86
1993-09-09,2.98,3.88,4.74,5.06,5.35,5.96
1993-09-10,2.96,3.8,4.67,5.01,5.29,5.89
1993-09-13,2.97,3.82,4.66,4.99,5.26,5.86
1993-09-14,2.99,3.91,4.77,5.12,5.37,5.97
1993-09-15,2.96,3.89,4.75,5.14,5.39,6
1993-09-16,2.95,3.88,4.74,5.12,5.37,6.01
1993-09-17,2.95,3.89,4.75,5.11,5.38,6.04
1993-09-20,2.95,3.92,4.79,5.13,5.42,6.08
1993-09-21,2.92,3.9,4.8,5.19,5.47,6.14
1993-09-22,2.92,3.9,4.81,5.17,5.45,6.1
1993-09-23,2.93,3.87,4.8,5.15,5.42,6.06
1993-09-24,2.93,3.9,4.81,5.14,5.42,6.06
1993-09-27,2.91,3.81,4.69,5.01,5.3,5.97
1993-09-28,2.9,3.79,4.67,4.98,5.28,5.94
1993-09-29,2.93,3.84,4.74,5.03,5.35,6
1993-09-30,2.92,3.89,4.79,5.11,5.4,6.04
1993-10-01,2.92,3.84,4.72,5.03,5.34,5.98
1993-10-04,2.93,3.85,4.71,5.04,5.34,5.99
1993-10-05,3,3.86,4.72,5.05,5.35,6.01
1993-10-06,2.98,3.85,4.7,5.05,5.35,6.01
1993-10-07,2.98,3.83,4.69,5.05,5.33,6.01
1993-10-08,2.98,3.78,4.61,4.96,5.26,5.92
1993-10-12,3.01,3.82,4.64,4.97,5.27,5.92
1993-10-13,3.03,3.84,4.64,4.98,5.27,5.92
1993-10-14,3.01,3.82,4.61,4.93,5.23,5.86
1993-10-15,3.01,3.81,4.57,4.9,5.19,5.78
1993-10-18,3.02,3.84,4.66,4.99,5.27,5.85
1993-10-19,3.06,3.86,4.66,5,5.27,5.85
1993-10-20,3.04,3.86,4.64,4.98,5.26,5.83
1993-10-21,3.05,3.89,4.72,5.07,5.35,5.92
1993-10-22,3.04,3.91,4.76,5.15,5.42,5.98
1993-10-25,3.04,3.95,4.82,5.21,5.47,6.02
1993-10-26,3.09,3.93,4.79,5.17,5.43,6
1993-10-27,3.09,3.99,4.82,5.19,5.44,6
1993-10-28,3.04,3.97,4.83,5.17,5.41,5.97
1993-10-29,3.03,3.99,4.83,5.19,5.43,5.96
1993-11-01,3.06,4.11,4.96,5.32,5.56,6.02
1993-11-02,3.12,4.16,5.02,5.41,5.63,6.07
1993-11-03,3.09,4.13,5.01,5.39,5.67,6.11
1993-11-04,3.08,4.13,5.03,5.42,5.67,6.19
1993-11-05,3.06,4.2,5.11,5.5,5.75,6.22
1993-11-08,3.06,4.13,5.04,5.44,5.7,6.22
1993-11-09,3.11,4.12,5.02,5.41,5.64,6.16
1993-11-10,3.12,4.17,5.08,5.45,5.72,6.21
1993-11-12,3.11,4.11,5.02,5.39,5.66,6.15
1993-11-15,3.11,4.11,5.02,5.4,5.69,6.17
1993-11-16,3.09,4.1,4.98,5.35,5.66,6.17
1993-11-17,3.09,4.09,4.99,5.35,5.65,6.19
1993-11-18,3.11,4.15,5.06,5.43,5.72,6.23
1993-11-19,3.13,4.22,5.16,5.54,5.84,6.34
1993-11-22,3.13,4.26,5.2,5.6,5.89,6.36
1993-11-23,3.12,4.19,5.14,5.52,5.82,6.3
1993-11-24,3.12,4.18,5.11,5.54,5.84,6.31
1993-11-26,3.11,4.16,5.08,5.49,5.78,6.26
1993-11-29,3.12,4.17,5.08,5.46,5.76,6.23
1993-11-30,3.14,4.22,5.15,5.53,5.83,6.29
1993-12-01,3.12,4.2,5.14,5.52,5.82,6.28
1993-12-02,3.11,4.22,5.16,5.52,5.81,6.27
1993-12-03,3.11,4.24,5.16,5.52,5.8,6.25
1993-12-06,3.09,4.19,5.09,5.43,5.72,6.17
1993-12-07,3.09,4.17,5.1,5.43,5.71,6.17
1993-12-08,3.08,4.18,5.09,5.41,5.71,6.17
1993-12-09,3.06,4.18,5.07,5.38,5.68,6.15
1993-12-10,3.05,4.21,5.13,5.45,5.73,6.19
1993-12-13,3.05,4.23,5.16,5.5,5.78,6.24
1993-12-14,3.04,4.25,5.2,5.54,5.82,6.29
1993-12-15,3.03,4.22,5.19,5.55,5.83,6.29
1993-12-16,3.03,4.23,5.2,5.56,5.84,6.31
1993-12-17,3.03,4.2,5.17,5.52,5.81,6.29
1993-12-20,3.05,4.22,5.2,5.54,5.83,6.3
1993-12-21,3.07,4.26,5.22,5.56,5.85,6.32
1993-12-22,3.06,4.19,5.13,5.46,5.74,6.22
1993-12-23,3.06,4.18,5.1,5.42,5.72,6.22
1993-12-27,3.06,4.2,5.09,5.42,5.72,6.23
1993-12-28,3.06,4.2,5.1,5.42,5.72,6.24
1993-12-29,3.01,4.2,5.12,5.44,5.74,6.25
1993-12-30,2.98,4.25,5.2,5.53,5.82,6.34
1993-12-31,3.01,4.25,5.21,5.53,5.83,6.35
1994-01-03,3.03,4.3,5.29,5.66,5.92,6.41
1994-01-04,3.08,4.29,5.26,5.62,5.88,6.37
1994-01-05,3.07,4.31,5.27,5.64,5.9,6.4
1994-01-06,3.05,4.24,5.21,5.57,5.84,6.36
1994-01-07,3.01,4.09,5.03,5.39,5.7,6.24
1994-01-10,2.99,4.08,5.01,5.36,5.67,6.24
1994-01-11,2.98,4.08,5,5.34,5.67,6.25
1994-01-12,2.96,4.05,4.95,5.29,5.6,6.17
1994-01-13,2.95,4.13,5.08,5.41,5.71,6.26
1994-01-14,2.97,4.17,5.12,5.46,5.78,6.3
1994-01-18,2.96,4.14,5.09,5.43,5.74,6.28
1994-01-19,2.97,4.12,5.08,5.43,5.76,6.3
1994-01-20,2.95,4.07,5.02,5.38,5.71,6.27
1994-01-21,2.95,4.09,5.05,5.39,5.73,6.29
1994-01-24,2.93,4.09,5.06,5.4,5.74,6.3
1994-01-25,2.93,4.11,5.08,5.43,5.78,6.34
1994-01-26,2.92,4.13,5.09,5.41,5.77,6.33
1994-01-27,2.92,4.11,5.04,5.37,5.73,6.27
1994-01-28,2.93,4.08,4.99,5.3,5.68,6.21
1994-01-31,2.96,4.12,5.02,5.34,5.7,6.23
1994-02-01,3.03,4.2,5.1,5.43,5.77,6.31
1994-02-02,3.06,4.2,5.11,5.43,5.77,6.29
1994-02-03,3.13,4.28,5.17,5.48,5.81,6.31
1994-02-04,3.23,4.42,5.32,5.62,5.94,6.37
1994-02-07,3.22,4.41,5.36,5.65,5.96,6.38
1994-02-08,3.25,4.44,5.38,5.7,6.01,6.44
1994-02-09,3.25,4.43,5.35,5.67,5.92,6.43
1994-02-10,3.26,4.45,5.36,5.68,5.91,6.45
1994-02-11,3.26,4.44,5.34,5.66,5.88,6.41
1994-02-14,3.26,4.44,5.36,5.67,5.9,6.45
1994-02-15,3.27,4.44,5.34,5.66,5.88,6.45
1994-02-16,3.27,4.44,5.35,5.67,5.89,6.46
1994-02-17,3.28,4.5,5.45,5.77,6,6.54
1994-02-18,3.29,4.57,5.52,5.87,6.09,6.63
1994-02-22,3.29,4.57,5.5,5.84,6.05,6.6
1994-02-23,3.38,4.67,5.59,5.92,6.13,6.65
1994-02-24,3.36,4.72,5.66,6.01,6.22,6.75
1994-02-25,3.37,4.72,5.65,6,6.21,6.73
1994-02-28,3.36,4.67,5.6,5.94,6.15,6.67
1994-03-01,3.5,4.81,5.74,6.08,6.28,6.79
1994-03-02,3.47,4.79,5.74,6.09,6.3,6.79
1994-03-03,3.48,4.83,5.79,6.14,6.35,6.84
1994-03-04,3.53,4.88,5.82,6.16,6.38,6.85
1994-03-07,3.52,4.87,5.77,6.12,6.32,6.8
1994-03-08,3.55,4.92,5.84,6.17,6.38,6.85
1994-03-09,3.53,4.96,5.84,6.17,6.38,6.85
1994-03-10,3.49,4.96,5.9,6.28,6.48,6.94
1994-03-11,3.49,4.95,5.89,6.25,6.46,6.91
1994-03-14,3.54,4.99,5.94,6.3,6.5,6.93
1994-03-15,3.58,4.99,5.91,6.25,6.47,6.9
1994-03-16,3.53,4.96,5.86,6.18,6.4,6.82
1994-03-17,3.47,4.94,5.88,6.19,6.4,6.82
1994-03-18,3.48,5.03,5.97,6.3,6.49,6.9
1994-03-21,3.52,5.09,6.03,6.36,6.55,6.94
1994-03-22,3.52,5.03,5.92,6.24,6.44,6.85
1994-03-23,3.46,5,5.92,6.22,6.44,6.85
1994-03-24,3.45,5.08,6.05,6.39,6.58,6.98
1994-03-25,3.48,5.1,6.08,6.42,6.61,6.99
1994-03-28,3.5,5.12,6.1,6.43,6.63,6.98
1994-03-29,3.51,5.19,6.19,6.52,6.71,7.06
1994-03-30,3.49,5.19,6.24,6.59,6.78,7.1
1994-03-31,3.48,5.21,6.23,6.59,6.77,7.11
1994-04-04,3.65,5.57,6.64,7.01,7.16,7.43
1994-04-05,3.66,5.45,6.47,6.79,6.97,7.28
1994-04-06,3.59,5.4,6.42,6.76,6.93,7.25
1994-04-07,3.53,5.37,6.38,6.72,6.86,7.21
1994-04-08,3.56,5.43,6.46,6.79,6.94,7.26
1994-04-11,3.54,5.43,6.46,6.78,6.92,7.24
1994-04-12,3.56,5.4,6.4,6.72,6.87,7.2
1994-04-13,3.56,5.43,6.47,6.79,6.93,7.26
1994-04-14,3.58,5.49,6.51,6.82,6.97,7.29
1994-04-15,3.59,5.51,6.5,6.79,6.97,7.29
1994-04-18,3.7,5.7,6.7,6.99,7.14,7.41
1994-04-19,3.74,5.7,6.68,6.92,7.1,7.37
1994-04-20,3.74,5.67,6.62,6.88,7.05,7.33
1994-04-21,3.74,5.59,6.49,6.71,6.91,7.22
1994-04-22,3.75,5.62,6.53,6.73,6.93,7.21
1994-04-25,3.76,5.61,6.48,6.68,6.86,7.14
1994-04-26,3.88,5.59,6.46,6.66,6.86,7.12
1994-04-28,3.89,5.75,6.65,6.86,7.04,7.29
1994-04-29,3.87,5.73,6.64,6.88,7.06,7.31
1994-05-02,3.92,5.81,6.69,6.93,7.09,7.33
1994-05-03,4.02,5.86,6.73,6.96,7.13,7.35
1994-05-04,4.05,5.89,6.74,6.97,7.14,7.35
1994-05-05,4.03,5.88,6.7,6.94,7.11,7.33
1994-05-06,4.18,6.12,6.95,7.19,7.35,7.53
1994-05-09,4.25,6.26,7.09,7.33,7.49,7.63
1994-05-10,4.24,6.13,6.93,7.14,7.33,7.5
1994-05-11,4.22,6.2,7.02,7.26,7.4,7.6
1994-05-12,4.13,6.13,6.97,7.22,7.36,7.57
1994-05-13,4.12,6.05,6.89,7.14,7.29,7.5
1994-05-16,4.15,6.03,6.85,7.08,7.24,7.46
1994-05-17,4.2,5.88,6.66,6.85,7.03,7.27
1994-05-18,4.19,5.83,6.61,6.85,7.03,7.27
1994-05-19,4.13,5.73,6.52,6.76,6.96,7.24
1994-05-20,4.15,5.8,6.59,6.82,7.02,7.3
1994-05-23,4.16,5.94,6.76,6.99,7.19,7.44
1994-05-24,4.22,5.94,6.75,6.96,7.17,7.41
1994-05-25,4.18,5.95,6.74,6.93,7.14,7.37
1994-05-26,4.16,5.92,6.69,6.9,7.09,7.37
1994-05-27,4.18,5.97,6.73,6.92,7.12,7.4
1994-05-31,4.16,6.01,6.77,6.99,7.17,7.44
1994-06-01,4.18,5.98,6.74,6.95,7.12,7.39
1994-06-02,4.13,5.93,6.68,6.89,7.07,7.35
1994-06-03,4.12,5.84,6.59,6.78,6.98,7.26
1994-06-06,4.09,5.78,6.49,6.7,6.91,7.21
1994-06-07,4.12,5.8,6.53,6.75,6.95,7.26
1994-06-08,4.11,5.78,6.53,6.75,6.96,7.28
1994-06-09,4.12,5.8,6.54,6.76,6.98,7.28
1994-06-10,4.11,5.85,6.6,6.82,7.03,7.32
1994-06-13,4.12,5.91,6.66,6.87,7.07,7.36
1994-06-14,4.11,5.81,6.58,6.79,7,7.31
1994-06-15,4.13,5.88,6.67,6.88,7.1,7.41
1994-06-16,4.11,5.83,6.65,6.86,7.07,7.38
1994-06-17,4.12,5.88,6.71,6.93,7.14,7.45
1994-06-20,4.12,5.92,6.74,6.96,7.16,7.46
1994-06-21,4.2,6.04,6.82,7.02,7.22,7.51
1994-06-22,4.18,5.97,6.75,6.94,7.13,7.41
1994-06-23,4.15,5.94,6.7,6.9,7.1,7.4
1994-06-24,4.17,6.06,6.81,7.05,7.22,7.52
1994-06-27,4.14,6.05,6.79,7,7.18,7.46
1994-06-28,4.18,6.13,6.88,7.09,7.26,7.53
1994-06-29,4.15,6.12,6.87,7.08,7.24,7.51
1994-06-30,4.15,6.19,6.97,7.18,7.34,7.63
1994-07-01,4.2,6.19,6.95,7.19,7.34,7.62
1994-07-05,4.21,6.14,6.93,7.17,7.31,7.6
1994-07-06,4.28,6.11,6.92,7.16,7.32,7.61
1994-07-07,4.25,6.11,6.89,7.13,7.3,7.6
1994-07-08,4.37,6.25,7.04,7.27,7.42,7.7
1994-07-11,4.43,6.29,7.09,7.33,7.47,7.73
1994-07-12,4.45,6.24,7.03,7.26,7.43,7.69
1994-07-13,4.41,6.22,7.02,7.23,7.41,7.68
1994-07-14,4.3,6.05,6.85,7.06,7.25,7.54
1994-07-15,4.26,6.04,6.84,7.06,7.25,7.55
1994-07-18,4.24,5.99,6.79,7.01,7.2,7.51
1994-07-19,4.26,5.94,6.73,6.95,7.15,7.47
1994-07-20,4.3,6.06,6.84,7.06,7.25,7.55
1994-07-21,4.33,6.11,6.89,7.09,7.27,7.55
1994-07-22,4.38,6.15,6.92,7.1,7.29,7.56
1994-07-25,4.38,6.13,6.9,7.1,7.27,7.53
1994-07-26,4.41,6.16,6.9,7.09,7.28,7.55
1994-07-27,4.46,6.22,6.99,7.18,7.34,7.6
1994-07-28,4.42,6.21,6.94,7.13,7.29,7.55
1994-07-29,4.27,5.99,6.73,6.92,7.12,7.39
1994-08-01,4.28,6.03,6.75,6.94,7.13,7.41
1994-08-02,4.33,5.98,6.73,6.91,7.11,7.4
1994-08-03,4.33,5.96,6.7,6.91,7.09,7.38
1994-08-04,4.32,5.98,6.72,6.93,7.12,7.4
1994-08-05,4.46,6.18,6.93,7.11,7.28,7.54
1994-08-08,4.47,6.22,6.93,7.11,7.28,7.53
1994-08-09,4.45,6.26,6.97,7.14,7.33,7.57
1994-08-10,4.38,6.21,6.95,7.14,7.3,7.58
1994-08-11,4.34,6.26,7,7.18,7.36,7.56
1994-08-12,4.38,6.22,6.94,7.12,7.27,7.48
1994-08-15,4.45,6.26,6.96,7.14,7.3,7.51
1994-08-16,4.62,6.21,6.86,7.02,7.19,7.39
1994-08-17,4.57,6.14,6.81,6.99,7.15,7.39
1994-08-18,4.59,6.23,6.93,7.12,7.28,7.5
1994-08-19,4.56,6.23,6.92,7.1,7.27,7.5
1994-08-22,4.54,6.27,6.97,7.14,7.31,7.56
1994-08-23,4.57,6.26,6.94,7.12,7.28,7.54
1994-08-24,4.54,6.18,6.87,7.04,7.22,7.47
1994-08-25,4.56,6.24,6.93,7.12,7.29,7.55
1994-08-26,4.56,6.21,6.87,7.07,7.24,7.49
1994-08-29,4.57,6.2,6.87,7.05,7.24,7.5
1994-08-30,4.59,6.18,6.83,7.03,7.2,7.47
1994-08-31,4.56,6.17,6.81,7,7.19,7.46
1994-09-01,4.55,6.15,6.81,7.01,7.19,7.46
1994-09-02,4.55,6.17,6.82,7.01,7.21,7.5
1994-09-06,4.55,6.22,6.88,7.08,7.27,7.55
1994-09-07,4.54,6.22,6.92,7.11,7.29,7.58
1994-09-08,4.55,6.22,6.92,7.1,7.3,7.58
1994-09-09,4.58,6.35,7.06,7.26,7.44,7.71
1994-09-12,4.59,6.37,7.08,7.27,7.46,7.72
1994-09-13,4.6,6.35,7.05,7.26,7.44,7.7
1994-09-14,4.58,6.33,7.02,7.23,7.41,7.68
1994-09-15,4.58,6.28,6.97,7.19,7.35,7.64
1994-09-16,4.61,6.42,7.13,7.34,7.52,7.78
1994-09-19,4.58,6.39,7.11,7.32,7.49,7.75
1994-09-20,4.62,6.44,7.15,7.37,7.53,7.78
1994-09-21,4.79,6.52,7.2,7.4,7.56,7.8
1994-09-22,4.79,6.5,7.2,7.39,7.56,7.79
1994-09-23,4.78,6.52,7.2,7.4,7.57,7.8
1994-09-26,4.78,6.54,7.21,7.41,7.57,7.8
1994-09-27,4.71,6.52,7.24,7.44,7.61,7.85
1994-09-28,4.54,6.51,7.21,7.42,7.57,7.81
1994-09-29,4.58,6.6,7.29,7.48,7.64,7.86
1994-09-30,4.67,6.62,7.28,7.46,7.62,7.82
1994-10-03,4.73,6.69,7.35,7.52,7.66,7.86
1994-10-04,4.96,6.68,7.37,7.55,7.7,7.89
1994-10-05,4.96,6.73,7.42,7.61,7.77,7.95
1994-10-06,4.97,6.71,7.43,7.62,7.78,7.95
1994-10-07,4.88,6.65,7.34,7.54,7.7,7.91
1994-10-11,4.89,6.63,7.3,7.48,7.65,7.86
1994-10-12,4.99,6.67,7.34,7.52,7.69,7.89
1994-10-13,4.91,6.63,7.3,7.48,7.64,7.84
1994-10-14,4.86,6.57,7.26,7.45,7.61,7.83
1994-10-17,4.85,6.61,7.28,7.47,7.62,7.83
1994-10-18,4.91,6.61,7.29,7.47,7.64,7.86
1994-10-19,4.92,6.66,7.34,7.52,7.68,7.9
1994-10-20,5,6.77,7.46,7.63,7.8,8
1994-10-21,5,6.8,7.46,7.63,7.81,7.99
1994-10-24,5.02,6.84,7.52,7.68,7.86,8.04
1994-10-25,5.06,6.87,7.54,7.72,7.88,8.06
1994-10-26,5,6.9,7.55,7.72,7.88,8.06
1994-10-27,4.98,6.89,7.55,7.72,7.88,8.05
1994-10-28,5.01,6.82,7.48,7.65,7.82,7.96
1994-10-31,5.03,6.84,7.48,7.65,7.81,7.97
1994-11-01,5.08,6.93,7.58,7.75,7.91,8.06
1994-11-02,5.09,6.96,7.63,7.79,7.96,8.09
1994-11-03,5.1,6.98,7.65,7.8,7.96,8.11
1994-11-04,5.18,7.05,7.72,7.88,8.04,8.16
1994-11-07,5.22,7.06,7.73,7.89,8.05,8.16
1994-11-08,5.23,7.02,7.69,7.85,8.01,8.12
1994-11-09,5.2,7.01,7.64,7.79,7.94,8.09
1994-11-10,5.23,7.06,7.69,7.84,7.98,8.15
1994-11-14,5.28,7.06,7.66,7.8,7.94,8.09
1994-11-15,5.38,7.1,7.69,7.78,7.92,8.05
1994-11-16,5.37,7.15,7.73,7.86,7.97,8.09
1994-11-17,5.35,7.21,7.79,7.9,8.03,8.14
1994-11-18,5.34,7.23,7.79,7.91,8.01,8.14
1994-11-21,5.33,7.3,7.83,7.92,8.03,8.14
1994-11-22,5.34,7.29,7.82,7.9,8,8.11
1994-11-23,5.29,7.18,7.64,7.71,7.81,7.96
1994-11-25,5.29,7.19,7.65,7.71,7.8,7.94
1994-11-28,5.39,7.35,7.77,7.8,7.88,7.99
1994-11-29,5.53,7.44,7.86,7.88,7.95,8.05
1994-11-30,5.56,7.4,7.79,7.84,7.91,7.99
1994-12-01,5.55,7.42,7.8,7.87,7.92,8.02
1994-12-02,5.63,7.44,7.71,7.77,7.81,7.92
1994-12-05,5.76,7.58,7.78,7.8,7.83,7.94
1994-12-06,5.77,7.44,7.65,7.7,7.73,7.84
1994-12-07,5.66,7.48,7.74,7.78,7.81,7.9
1994-12-08,5.67,7.51,7.77,7.77,7.79,7.88
1994-12-09,5.66,7.53,7.74,7.77,7.79,7.86
1994-12-12,5.72,7.62,7.82,7.84,7.85,7.92
1994-12-13,5.78,7.71,7.84,7.84,7.83,7.86
1994-12-14,5.68,7.59,7.74,7.79,7.8,7.86
1994-12-15,5.54,7.54,7.73,7.79,7.79,7.86
1994-12-16,5.56,7.59,7.76,7.8,7.81,7.86
1994-12-19,5.56,7.59,7.77,7.8,7.81,7.84
1994-12-20,5.48,7.56,7.76,7.8,7.81,7.85
1994-12-21,5.41,7.58,7.75,7.8,7.8,7.84
1994-12-22,5.46,7.7,7.83,7.83,7.84,7.87
1994-12-23,5.53,7.74,7.86,7.86,7.85,7.85
1994-12-27,5.53,7.67,7.78,7.77,7.76,7.76
1994-12-28,5.52,7.71,7.81,7.79,7.8,7.83
1994-12-29,5.51,7.69,7.83,7.82,7.82,7.85
1994-12-30,5.53,7.69,7.83,7.84,7.84,7.89
1995-01-03,5.53,7.73,7.88,7.91,7.88,7.93
1995-01-04,5.69,7.62,7.81,7.82,7.82,7.85
1995-01-05,5.72,7.66,7.87,7.89,7.88,7.91
1995-01-06,5.74,7.64,7.87,7.89,7.87,7.87
1995-01-09,5.75,7.68,7.9,7.92,7.89,7.9
1995-01-10,5.74,7.63,7.85,7.87,7.84,7.87
1995-01-11,5.63,7.58,7.8,7.82,7.79,7.85
1995-01-12,5.62,7.56,7.8,7.84,7.8,7.88
1995-01-13,5.57,7.39,7.64,7.71,7.69,7.8
1995-01-17,5.62,7.44,7.68,7.72,7.7,7.78
1995-01-18,5.71,7.48,7.71,7.72,7.71,7.78
1995-01-19,5.71,7.49,7.74,7.76,7.74,7.82
1995-01-20,5.75,7.5,7.8,7.84,7.82,7.9
1995-01-23,5.76,7.5,7.8,7.86,7.83,7.91
1995-01-24,5.81,7.57,7.82,7.87,7.86,7.93
1995-01-25,5.77,7.5,7.76,7.81,7.8,7.88
1995-01-26,5.77,7.39,7.7,7.75,7.76,7.85
1995-01-27,5.76,7.29,7.6,7.63,7.66,7.75
1995-01-30,5.73,7.23,7.55,7.62,7.65,7.76
1995-01-31,5.83,7.26,7.54,7.58,7.6,7.71
1995-02-01,5.9,7.33,7.56,7.65,7.66,7.75
1995-02-02,5.85,7.4,7.63,7.67,7.68,7.76
1995-02-03,5.8,7.14,7.4,7.44,7.49,7.61
1995-02-06,5.8,7.18,7.43,7.49,7.53,7.64
1995-02-07,5.81,7.19,7.44,7.49,7.52,7.65
1995-02-08,5.77,7.18,7.43,7.5,7.53,7.66
1995-02-09,5.78,7.23,7.5,7.54,7.58,7.65
1995-02-10,5.81,7.33,7.55,7.61,7.62,7.68
1995-02-13,5.8,7.32,7.54,7.6,7.61,7.67
1995-02-14,5.79,7.21,7.45,7.5,7.51,7.61
1995-02-15,5.77,7.12,7.37,7.43,7.45,7.58
1995-02-16,5.69,7.02,7.29,7.39,7.4,7.57
1995-02-17,5.7,7.07,7.33,7.41,7.43,7.59
1995-02-21,5.74,7.09,7.35,7.42,7.44,7.61
1995-02-22,5.69,6.92,7.2,7.29,7.34,7.54
1995-02-23,5.72,6.92,7.2,7.3,7.34,7.56
1995-02-24,5.72,6.89,7.16,7.3,7.33,7.54
1995-02-27,5.72,6.79,7.06,7.19,7.24,7.49
1995-02-28,5.76,6.79,7.06,7.15,7.22,7.46
1995-03-01,5.76,6.81,7.06,7.17,7.23,7.45
1995-03-02,5.75,6.88,7.15,7.23,7.3,7.5
1995-03-03,5.72,6.89,7.19,7.29,7.36,7.56
1995-03-06,5.74,6.96,7.24,7.36,7.41,7.59
1995-03-07,5.78,7,7.28,7.37,7.44,7.64
1995-03-08,5.77,6.93,7.2,7.29,7.36,7.56
1995-03-09,5.73,6.83,7.11,7.22,7.3,7.53
1995-03-10,5.77,6.83,7.07,7.15,7.23,7.46
1995-03-13,5.76,6.76,7.01,7.1,7.19,7.45
1995-03-14,5.75,6.69,6.93,7,7.09,7.35
1995-03-15,5.74,6.71,6.93,7.01,7.09,7.36
1995-03-16,5.74,6.68,6.89,6.98,7.05,7.33
1995-03-17,5.74,6.69,6.97,7.06,7.12,7.37
1995-03-20,5.73,6.69,6.98,7.07,7.12,7.4
1995-03-21,5.74,6.71,7.01,7.1,7.16,7.43
1995-03-22,5.73,6.75,7.05,7.16,7.21,7.46
1995-03-23,5.71,6.75,7.06,7.15,7.21,7.47
1995-03-24,5.67,6.64,6.93,7.04,7.09,7.38
1995-03-27,5.66,6.62,6.9,7,7.05,7.33
1995-03-28,5.71,6.73,7.02,7.1,7.16,7.41
1995-03-29,5.66,6.73,6.98,7.12,7.16,7.4
1995-03-30,5.7,6.76,7.05,7.14,7.18,7.43
1995-03-31,5.7,6.8,7.08,7.17,7.2,7.44
1995-04-03,5.7,6.75,7,7.08,7.14,7.39
1995-04-04,5.73,6.71,6.96,7.02,7.12,7.38
1995-04-05,5.7,6.7,6.97,7.05,7.12,7.38
1995-04-06,5.67,6.66,6.92,7.01,7.09,7.36
1995-04-07,5.68,6.65,6.93,7.03,7.11,7.39
1995-04-10,5.65,6.66,6.94,7.03,7.12,7.39
1995-04-11,5.66,6.65,6.92,7,7.09,7.37
1995-04-12,5.64,6.61,6.89,6.98,7.06,7.36
1995-04-13,5.58,6.51,6.82,6.91,7.03,7.34
1995-04-17,5.62,6.48,6.8,6.91,7.04,7.39
1995-04-18,5.61,6.44,6.77,6.9,7.04,7.4
1995-04-19,5.62,6.51,6.82,6.93,7.06,7.37
1995-04-20,5.6,6.43,6.76,6.87,7.02,7.35
1995-04-21,5.62,6.44,6.77,6.87,7.01,7.34
1995-04-24,5.62,6.46,6.77,6.86,7.01,7.32
1995-04-25,5.67,6.48,6.79,6.87,7.01,7.33
1995-04-26,5.67,6.5,6.79,6.88,7.01,7.32
1995-04-27,5.69,6.55,6.84,6.92,7.04,7.33
1995-04-28,5.69,6.6,6.88,6.95,7.07,7.34
1995-05-01,5.71,6.62,6.9,6.96,7.09,7.35
1995-05-02,5.71,6.55,6.83,6.92,7.04,7.33
1995-05-03,5.66,6.47,6.73,6.82,6.96,7.25
1995-05-04,5.6,6.35,6.63,6.72,6.85,7.15
1995-05-05,5.57,6.16,6.42,6.55,6.69,7.02
1995-05-08,5.58,6.18,6.44,6.55,6.7,7.02
1995-05-09,5.63,6.08,6.33,6.44,6.61,6.94
1995-05-10,5.64,6.11,6.39,6.5,6.66,6.97
1995-05-11,5.66,6.2,6.45,6.54,6.68,6.99
1995-05-12,5.69,6.2,6.46,6.55,6.67,7
1995-05-15,5.7,6.16,6.41,6.49,6.62,6.95
1995-05-16,5.69,6.11,6.36,6.43,6.57,6.87
1995-05-17,5.68,6.11,6.35,6.4,6.53,6.86
1995-05-18,5.69,6.18,6.44,6.5,6.61,6.91
1995-05-19,5.69,6.19,6.43,6.5,6.61,6.91
1995-05-22,5.71,6.19,6.46,6.51,6.63,6.92
1995-05-23,5.73,6.15,6.37,6.46,6.57,6.87
1995-05-24,5.69,6.01,6.2,6.32,6.44,6.77
1995-05-25,5.66,5.99,6.18,6.27,6.39,6.73
1995-05-26,5.66,5.97,6.18,6.28,6.4,6.75
1995-05-30,5.65,5.89,6.08,6.18,6.3,6.67
1995-05-31,5.63,5.89,6.08,6.18,6.3,6.67
1995-06-01,5.5,5.71,5.94,6.04,6.2,6.61
1995-06-02,5.42,5.54,5.8,5.92,6.1,6.52
1995-06-05,5.51,5.54,5.79,5.92,6.08,6.51
1995-06-06,5.52,5.57,5.83,5.94,6.08,6.51
1995-06-07,5.57,5.74,5.95,6.06,6.2,6.53
1995-06-08,5.59,5.82,6.02,6.12,6.22,6.57
1995-06-09,5.6,6.01,6.21,6.31,6.4,6.72
1995-06-12,5.56,5.96,6.16,6.27,6.37,6.71
1995-06-13,5.44,5.63,5.88,6.01,6.14,6.56
1995-06-14,5.44,5.67,5.88,6.01,6.15,6.57
1995-06-15,5.48,5.73,5.93,6.07,6.18,6.61
1995-06-16,5.49,5.77,5.96,6.09,6.21,6.62
1995-06-19,5.46,5.65,5.87,6.01,6.13,6.56
1995-06-20,5.48,5.72,5.92,6.05,6.16,6.57
1995-06-21,5.43,5.68,5.89,6.02,6.13,6.55
1995-06-22,5.37,5.61,5.8,5.92,6.04,6.48
1995-06-23,5.38,5.64,5.83,5.94,6.06,6.51
1995-06-26,5.39,5.71,5.9,6.01,6.11,6.54
1995-06-27,5.42,5.7,5.94,6.04,6.15,6.56
1995-06-28,5.4,5.67,5.88,5.99,6.1,6.52
1995-06-29,5.5,5.89,6.07,6.18,6.28,6.65
1995-06-30,5.44,5.79,5.98,6.12,6.21,6.63
1995-07-03,5.46,5.79,5.97,6.16,6.21,6.63
1995-07-05,5.51,5.78,5.95,6.12,6.19,6.61
1995-07-06,5.37,5.56,5.75,5.97,6.05,6.51
1995-07-07,5.38,5.54,5.74,5.94,6.04,6.52
1995-07-10,5.36,5.56,5.74,5.93,6.04,6.51
1995-07-11,5.39,5.59,5.8,5.99,6.09,6.57
1995-07-12,5.38,5.59,5.8,6,6.1,6.55
1995-07-13,5.39,5.61,5.8,6,6.09,6.55
1995-07-14,5.43,5.7,5.89,6.07,6.15,6.6
1995-07-17,5.45,5.77,5.97,6.15,6.22,6.67
1995-07-18,5.44,5.77,6.01,6.21,6.25,6.73
1995-07-19,5.41,5.89,6.15,6.37,6.43,6.89
1995-07-20,5.43,5.91,6.15,6.37,6.43,6.87
1995-07-21,5.44,5.95,6.26,6.4,6.53,6.96
1995-07-24,5.44,5.97,6.2,6.4,6.46,6.9
1995-07-25,5.45,5.94,6.19,6.37,6.43,6.84
1995-07-26,5.46,5.97,6.24,6.42,6.48,6.9
1995-07-27,5.41,5.91,6.18,6.36,6.43,6.84
1995-07-28,5.42,5.92,6.22,6.4,6.49,6.91
1995-07-31,5.42,5.88,6.16,6.35,6.45,6.86
1995-08-01,5.44,5.94,6.22,6.4,6.5,6.92
1995-08-02,5.42,5.86,6.15,6.34,6.44,6.86
1995-08-03,5.42,5.94,6.24,6.42,6.53,6.93
1995-08-04,5.41,5.91,6.2,6.39,6.5,6.9
1995-08-07,5.4,5.9,6.18,6.37,6.48,6.89
1995-08-08,5.38,5.9,6.17,6.36,6.47,6.89
1995-08-09,5.39,5.93,6.21,6.4,6.47,6.93
1995-08-10,5.4,5.95,6.25,6.43,6.51,6.9
1995-08-11,5.42,6.05,6.37,6.54,6.59,6.98
1995-08-14,5.43,6.05,6.36,6.54,6.59,6.96
1995-08-15,5.45,6.11,6.37,6.52,6.57,6.92
1995-08-16,5.43,6.07,6.32,6.49,6.54,6.89
1995-08-17,5.44,6.12,6.37,6.52,6.57,6.9
1995-08-18,5.44,6.13,6.36,6.51,6.57,6.91
1995-08-21,5.45,6.08,6.31,6.47,6.54,6.87
1995-08-22,5.46,6.1,6.35,6.51,6.57,6.89
1995-08-23,5.43,6.11,6.37,6.53,6.6,6.92
1995-08-24,5.36,6,6.26,6.42,6.5,6.84
1995-08-25,5.34,5.9,6.13,6.3,6.38,6.72
1995-08-28,5.31,5.85,6.1,6.26,6.34,6.7
1995-08-29,5.34,5.93,6.15,6.29,6.36,6.72
1995-08-30,5.3,5.88,6.1,6.25,6.33,6.7
1995-08-31,5.29,5.85,6.07,6.21,6.28,6.65
1995-09-01,5.29,5.78,6,6.14,6.22,6.61
1995-09-05,5.31,5.77,5.96,6.09,6.18,6.57
1995-09-06,5.32,5.76,5.95,6.1,6.17,6.57
1995-09-07,5.34,5.8,6,6.14,6.21,6.6
1995-09-08,5.36,5.85,6.04,6.17,6.24,6.6
1995-09-11,5.35,5.83,6.05,6.15,6.24,6.6
1995-09-12,5.31,5.77,5.96,6.09,6.16,6.51
1995-09-13,5.31,5.8,5.99,6.12,6.18,6.52
1995-09-14,5.28,5.68,5.87,6.01,6.08,6.45
1995-09-15,5.3,5.71,5.91,6.05,6.11,6.47
1995-09-18,5.29,5.77,5.97,6.11,6.17,6.53
1995-09-19,5.2,5.75,5.94,6.08,6.14,6.49
1995-09-20,5.18,5.73,5.92,6.05,6.1,6.46
1995-09-21,5.24,5.83,6.03,6.15,6.21,6.56
1995-09-22,5.19,5.85,6.06,6.19,6.25,6.59
1995-09-25,5.24,5.89,6.08,6.2,6.26,6.58
1995-09-26,5.29,5.88,6.11,6.21,6.28,6.58
1995-09-27,5.26,5.92,6.08,6.25,6.3,6.61
1995-09-28,5.28,5.92,6.1,6.22,6.28,6.59
1995-09-29,5.24,5.83,6.01,6.11,6.17,6.49
1995-10-02,5.26,5.82,5.98,6.1,6.15,6.48
1995-10-03,5.35,5.8,5.96,6.07,6.13,6.46
1995-10-04,5.31,5.75,5.91,6.04,6.12,6.44
1995-10-05,5.28,5.72,5.88,6,6.06,6.43
1995-10-06,5.31,5.73,5.89,6,6.06,6.43
1995-10-10,5.29,5.74,5.91,6,6.07,6.43
1995-10-11,5.31,5.75,5.91,6.02,6.09,6.44
1995-10-12,5.3,5.72,5.88,5.99,6.07,6.41
1995-10-13,5.29,5.67,5.8,5.88,5.97,6.3
1995-10-16,5.32,5.67,5.8,5.89,5.97,6.32
1995-10-17,5.27,5.65,5.8,5.89,5.97,6.3
1995-10-18,5.25,5.67,5.83,5.92,5.99,6.32
1995-10-19,5.25,5.67,5.83,5.92,5.98,6.31
1995-10-20,5.27,5.72,5.9,5.99,6.04,6.35
1995-10-23,5.27,5.76,5.92,6.01,6.07,6.38
1995-10-24,5.22,5.68,5.85,5.95,6.02,6.33
1995-10-25,5.23,5.64,5.8,5.9,6,6.32
1995-10-26,5.22,5.61,5.81,5.93,6.06,6.38
1995-10-27,5.25,5.64,5.83,5.95,6.05,6.35
1995-10-30,5.28,5.62,5.82,5.94,6.04,6.35
1995-10-31,5.32,5.61,5.81,5.92,6.03,6.34
1995-11-01,5.32,5.52,5.74,5.86,5.98,6.29
1995-11-02,5.31,5.46,5.68,5.8,5.92,6.25
1995-11-03,5.31,5.49,5.7,5.82,5.94,6.28
1995-11-06,5.34,5.51,5.73,5.84,5.96,6.29
1995-11-07,5.37,5.54,5.77,5.88,5.99,6.31
1995-11-08,5.36,5.47,5.69,5.8,5.92,6.25
1995-11-09,5.39,5.49,5.72,5.85,5.97,6.29
1995-11-10,5.42,5.52,5.76,5.89,6,6.33
1995-11-13,5.42,5.49,5.72,5.85,5.98,6.28
1995-11-14,5.38,5.47,5.71,5.85,5.97,6.3
1995-11-15,5.39,5.53,5.77,5.9,6,6.3
1995-11-16,5.36,5.46,5.68,5.83,5.93,6.24
1995-11-17,5.35,5.46,5.66,5.81,5.92,6.23
1995-11-20,5.35,5.46,5.66,5.82,5.93,6.25
1995-11-21,5.36,5.49,5.7,5.85,5.92,6.27
1995-11-22,5.36,5.51,5.72,5.85,5.93,6.28
1995-11-24,5.32,5.49,5.7,5.84,5.91,6.25
1995-11-27,5.34,5.46,5.67,5.81,5.88,6.23
1995-11-28,5.37,5.45,5.67,5.8,5.88,6.24
1995-11-29,5.34,5.42,5.6,5.8,5.85,6.22
1995-11-30,5.32,5.36,5.53,5.68,5.76,6.14
1995-12-01,5.29,5.32,5.49,5.63,5.71,6.1
1995-12-04,5.31,5.27,5.43,5.54,5.63,6.01
1995-12-05,5.31,5.29,5.45,5.57,5.65,6.04
1995-12-06,5.32,5.32,5.49,5.59,5.67,6.03
1995-12-07,5.34,5.39,5.54,5.65,5.72,6.07
1995-12-08,5.34,5.39,5.56,5.67,5.73,6.06
1995-12-11,5.33,5.38,5.53,5.65,5.71,6.04
1995-12-12,5.25,5.39,5.55,5.65,5.72,6.05
1995-12-13,5.26,5.39,5.56,5.66,5.74,6.07
1995-12-14,5.26,5.38,5.55,5.66,5.74,6.08
1995-12-15,5.2,5.36,5.55,5.66,5.75,6.09
1995-12-18,5.2,5.43,5.66,5.77,5.85,6.2
1995-12-19,5.09,5.36,5.58,5.71,5.81,6.14
1995-12-20,5,5.33,5.55,5.67,5.76,6.11
1995-12-21,4.91,5.33,5.53,5.68,5.77,6.11
1995-12-22,4.9,5.28,5.5,5.62,5.71,6.06
1995-12-26,4.86,5.27,5.48,5.62,5.69,6.04
1995-12-27,4.9,5.23,5.46,5.58,5.66,6.01
1995-12-28,4.84,5.2,5.43,5.56,5.63,5.98
1995-12-29,4.96,5.18,5.38,5.49,5.58,5.96
1996-01-02,4.97,5.18,5.39,5.51,5.6,5.97
1996-01-03,5.05,5.17,5.36,5.49,5.58,5.96
1996-01-04,5.04,5.17,5.39,5.55,5.65,6.03
1996-01-05,5.03,5.2,5.42,5.59,5.69,6.05
1996-01-08,5.03,5.2,5.41,5.56,5.68,6.04
1996-01-09,5.01,5.18,5.41,5.58,5.7,6.06
1996-01-10,5.04,5.22,5.5,5.67,5.8,6.16
1996-01-11,5.04,5.22,5.47,5.67,5.78,6.16
1996-01-12,5.05,5.17,5.4,5.64,5.75,6.16
1996-01-16,5,5.08,5.37,5.55,5.66,6.09
1996-01-17,4.99,5.05,5.29,5.46,5.58,6
1996-01-18,4.96,5.01,5.25,5.42,5.53,5.98
1996-01-19,4.96,5.03,5.27,5.43,5.54,5.97
1996-01-22,4.98,5.08,5.34,5.5,5.61,6.04
1996-01-23,4.97,5.09,5.37,5.55,5.66,6.09
1996-01-24,4.97,5.07,5.3,5.5,5.62,6.02
1996-01-25,4.97,5.11,5.41,5.58,5.7,6.11
1996-01-26,4.97,5.08,5.34,5.54,5.65,6.04
1996-01-29,5,5.1,5.37,5.56,5.69,6.09
1996-01-30,4.99,5.02,5.3,5.51,5.63,6.04
1996-01-31,4.91,4.93,5.25,5.46,5.6,6.03
1996-02-01,4.89,4.93,5.24,5.47,5.63,6.08
1996-02-02,4.85,4.9,5.24,5.49,5.66,6.15
1996-02-05,4.86,4.95,5.3,5.54,5.7,6.15
1996-02-06,4.84,4.93,5.28,5.5,5.68,6.14
1996-02-07,4.8,4.92,5.27,5.51,5.66,6.15
1996-02-08,4.78,4.9,5.27,5.51,5.66,6.09
1996-02-09,4.79,4.85,5.25,5.49,5.66,6.11
1996-02-12,4.8,4.83,5.17,5.42,5.61,6.05
1996-02-13,4.79,4.8,5.14,5.39,5.58,6.02
1996-02-14,4.8,4.82,5.17,5.43,5.62,6.07
1996-02-15,4.78,4.87,5.23,5.5,5.7,6.16
1996-02-16,4.76,4.9,5.29,5.58,5.76,6.23
1996-02-20,4.83,5.18,5.53,5.83,6.01,6.39
1996-02-21,4.82,5.16,5.56,5.81,5.98,6.39
1996-02-22,4.81,5.11,5.47,5.76,5.92,6.36
1996-02-23,4.83,5.13,5.53,5.82,5.97,6.42
1996-02-26,4.85,5.18,5.56,5.85,6.01,6.45
1996-02-27,4.88,5.28,5.63,5.9,6.06,6.47
1996-02-28,4.88,5.43,5.73,5.97,6.11,6.48
1996-02-29,4.89,5.44,5.73,5.99,6.13,6.48
1996-03-01,4.86,5.26,5.6,5.86,5.99,6.38
1996-03-04,4.89,5.21,5.52,5.78,5.92,6.34
1996-03-05,4.89,5.28,5.6,5.84,5.96,6.39
1996-03-06,4.9,5.36,5.68,5.93,6.05,6.44
1996-03-07,4.9,5.4,5.71,5.96,6.07,6.46
1996-03-08,4.88,5.73,6.05,6.28,6.41,6.7
1996-03-11,4.96,5.71,6,6.24,6.33,6.63
1996-03-12,4.96,5.78,6.04,6.28,6.36,6.66
1996-03-13,4.96,5.73,6.03,6.28,6.35,6.68
1996-03-14,4.98,5.7,6.03,6.28,6.36,6.68
1996-03-15,5.01,5.87,6.19,6.4,6.46,6.75
1996-03-18,5.03,5.89,6.16,6.38,6.43,6.71
1996-03-19,5.05,5.85,6.15,6.35,6.41,6.7
1996-03-20,5.02,5.76,6.05,6.26,6.34,6.65
1996-03-21,4.94,5.72,6.01,6.23,6.28,6.62
1996-03-22,4.97,5.74,6.05,6.26,6.32,6.65
1996-03-25,4.93,5.69,6,6.2,6.26,6.58
1996-03-26,5,5.72,6,6.19,6.25,6.59
1996-03-27,5.03,5.81,6.12,6.3,6.34,6.68
1996-03-28,5.05,5.88,6.2,6.38,6.41,6.73
1996-03-29,5,5.79,6.1,6.3,6.34,6.67
1996-04-01,5.03,5.79,6.09,6.28,6.31,6.66
1996-04-02,5.02,5.74,6.02,6.23,6.25,6.62
1996-04-03,5.01,5.77,6.06,6.26,6.27,6.63
1996-04-04,4.98,5.83,6.12,6.32,6.33,6.66
1996-04-05,5.02,6.09,6.4,6.57,6.57,6.83
1996-04-08,5.02,6.11,6.46,6.62,6.63,6.88
1996-04-09,4.97,6.06,6.37,6.56,6.56,6.84
1996-04-10,4.95,6.1,6.44,6.63,6.63,6.91
1996-04-11,4.95,6.12,6.5,6.68,6.68,6.95
1996-04-12,4.94,5.96,6.31,6.49,6.52,6.81
1996-04-15,4.87,5.93,6.27,6.46,6.47,6.79
1996-04-16,4.82,5.91,6.28,6.46,6.48,6.78
1996-04-17,4.83,5.96,6.33,6.49,6.52,6.81
1996-04-18,4.85,6.02,6.39,6.56,6.58,6.84
1996-04-19,4.88,5.95,6.32,6.48,6.53,6.8
1996-04-22,4.88,5.92,6.28,6.44,6.48,6.75
1996-04-23,4.97,5.93,6.31,6.47,6.52,6.78
1996-04-24,5,5.95,6.34,6.51,6.57,6.81
1996-04-25,4.96,5.99,6.31,6.49,6.56,6.81
1996-04-26,4.98,5.92,6.29,6.47,6.54,6.79
1996-04-29,5,5.98,6.33,6.51,6.59,6.83
1996-04-30,5.01,6.03,6.4,6.58,6.66,6.89
1996-05-01,4.98,6.03,6.39,6.58,6.68,6.91
1996-05-02,4.99,6.16,6.56,6.75,6.85,7.05
1996-05-03,5,6.2,6.61,6.81,6.9,7.12
1996-05-06,4.99,6.15,6.57,6.77,6.86,7.07
1996-05-07,5.01,6.2,6.6,6.8,6.87,7.08
1996-05-08,5,6.15,6.56,6.74,6.78,7
1996-05-09,4.99,6.14,6.57,6.76,6.84,7.02
1996-05-10,4.99,6.04,6.45,6.65,6.75,6.93
1996-05-13,5.02,6.06,6.45,6.64,6.72,6.9
1996-05-14,5.01,6.01,6.4,6.58,6.66,6.85
1996-05-15,5,6.01,6.39,6.56,6.65,6.84
1996-05-16,5.01,6.08,6.45,6.63,6.7,6.9
1996-05-17,5.01,6.04,6.41,6.58,6.65,6.84
1996-05-20,5.02,6.02,6.38,6.54,6.62,6.82
1996-05-21,5.04,6.03,6.41,6.58,6.65,6.85
1996-05-22,5.04,6.03,6.38,6.55,6.63,6.81
1996-05-23,5.04,6.05,6.44,6.6,6.68,6.87
1996-05-24,5.04,6.03,6.42,6.58,6.65,6.84
1996-05-28,5.04,6.05,6.44,6.58,6.67,6.85
1996-05-29,5.04,6.16,6.56,6.69,6.77,6.94
1996-05-30,5.04,6.18,6.55,6.7,6.78,6.92
1996-05-31,5.04,6.27,6.64,6.78,6.85,7
1996-06-03,5.08,6.26,6.64,6.8,6.87,7.01
1996-06-04,5.08,6.24,6.62,6.78,6.86,7
1996-06-05,5.08,6.24,6.6,6.75,6.82,6.96
1996-06-06,5.07,6.16,6.52,6.67,6.76,6.91
1996-06-07,5.12,6.4,6.75,6.87,6.93,7.05
1996-06-10,5.15,6.4,6.77,6.91,6.97,7.1
1996-06-11,5.13,6.37,6.77,6.94,6.99,7.13
1996-06-12,5.12,6.39,6.81,6.99,7.03,7.18
1996-06-13,5.1,6.36,6.8,6.95,7.01,7.15
1996-06-14,5.07,6.29,6.72,6.87,6.95,7.1
1996-06-17,5.05,6.27,6.68,6.82,6.9,7.06
1996-06-18,5.07,6.28,6.71,6.87,6.93,7.09
1996-06-19,5.09,6.31,6.74,6.89,6.96,7.12
1996-06-20,5.12,6.38,6.77,6.89,6.98,7.12
1996-06-21,5.12,6.35,6.74,6.87,6.96,7.11
1996-06-24,5.13,6.32,6.72,6.86,6.94,7.09
1996-06-25,5.1,6.3,6.7,6.82,6.91,7.06
1996-06-26,5.1,6.3,6.67,6.8,6.91,7.05
1996-06-27,5.06,6.21,6.59,6.72,6.83,6.99
1996-06-28,5.04,6.11,6.47,6.61,6.73,6.9
1996-07-01,5.08,6.15,6.49,6.61,6.74,6.91
1996-07-02,5.18,6.22,6.56,6.67,6.8,6.94
1996-07-03,5.1,6.2,6.53,6.67,6.78,6.94
1996-07-05,5.16,6.44,6.82,6.95,7.06,7.19
1996-07-08,5.16,6.43,6.81,6.95,7.05,7.19
1996-07-09,5.2,6.41,6.78,6.92,7,7.15
1996-07-10,5.15,6.34,6.71,6.85,6.95,7.1
1996-07-11,5.12,6.28,6.67,6.81,6.9,7.07
1996-07-12,5.14,6.26,6.65,6.76,6.85,7.03
1996-07-15,5.15,6.32,6.67,6.79,6.89,7.07
1996-07-16,5.13,6.23,6.61,6.74,6.84,7.03
1996-07-17,5.12,6.23,6.61,6.75,6.83,7.02
1996-07-18,5.11,6.16,6.5,6.61,6.72,6.92
1996-07-19,5.14,6.18,6.55,6.67,6.78,6.97
1996-07-22,5.15,6.23,6.62,6.73,6.84,7.01
1996-07-23,5.16,6.23,6.6,6.7,6.8,6.97
1996-07-24,5.17,6.26,6.63,6.76,6.87,7.04
1996-07-25,5.15,6.28,6.65,6.74,6.87,7.04
1996-07-26,5.15,6.25,6.62,6.74,6.85,7.02
1996-07-29,5.21,6.32,6.69,6.81,6.93,7.09
1996-07-30,5.2,6.3,6.65,6.77,6.89,7.05
1996-07-31,5.18,6.22,6.57,6.68,6.8,6.98
1996-08-01,5.11,6.08,6.41,6.52,6.65,6.84
1996-08-02,5.07,5.91,6.26,6.38,6.51,6.74
1996-08-05,5.05,5.93,6.28,6.4,6.53,6.75
1996-08-06,5.05,5.93,6.29,6.42,6.54,6.76
1996-08-07,5.04,5.97,6.3,6.43,6.55,6.78
1996-08-08,5.01,5.97,6.29,6.43,6.56,6.76
1996-08-09,5.01,5.93,6.25,6.37,6.5,6.7
1996-08-12,5.01,5.92,6.24,6.37,6.49,6.7
1996-08-13,5.03,5.97,6.32,6.44,6.57,6.78
1996-08-14,5.02,5.97,6.33,6.46,6.58,6.78
1996-08-15,5.05,6,6.37,6.49,6.62,6.82
1996-08-16,5.04,5.95,6.31,6.43,6.56,6.77
1996-08-19,5.05,5.97,6.34,6.47,6.59,6.8
1996-08-20,5.04,5.97,6.34,6.47,6.59,6.8
1996-08-21,5.01,5.99,6.35,6.49,6.61,6.83
1996-08-22,5,6,6.38,6.51,6.62,6.84
1996-08-23,5.01,6.09,6.48,6.61,6.72,6.93
1996-08-26,5.06,6.18,6.57,6.69,6.8,7
1996-08-27,5.06,6.17,6.55,6.67,6.78,6.97
1996-08-28,5.06,6.17,6.56,6.68,6.79,6.99
1996-08-29,5.1,6.23,6.61,6.74,6.86,7.05
1996-08-30,5.15,6.34,6.73,6.86,6.96,7.13
1996-09-03,5.17,6.35,6.71,6.83,6.92,7.07
1996-09-04,5.18,6.38,6.74,6.85,6.94,7.1
1996-09-05,5.2,6.38,6.76,6.88,6.98,7.15
1996-09-06,5.19,6.33,6.72,6.84,6.94,7.12
1996-09-09,5.13,6.32,6.67,6.8,6.9,7.08
1996-09-10,5.15,6.34,6.7,6.84,6.94,7.13
1996-09-11,5.17,6.34,6.7,6.84,6.94,7.12
1996-09-12,5.14,6.27,6.64,6.79,6.88,7.08
1996-09-13,5.07,6.1,6.48,6.64,6.74,6.95
1996-09-16,5.05,6.14,6.49,6.63,6.73,6.95
1996-09-17,5.17,6.22,6.57,6.71,6.81,7
1996-09-18,5.14,6.26,6.61,6.73,6.83,7.02
1996-09-19,5.11,6.29,6.65,6.77,6.87,7.05
1996-09-20,5.15,6.26,6.62,6.75,6.85,7.04
1996-09-23,5.15,6.24,6.6,6.73,6.83,7.02
1996-09-24,5.03,6.16,6.52,6.67,6.77,6.99
1996-09-25,4.94,6.08,6.46,6.59,6.71,6.93
1996-09-26,4.87,6.05,6.41,6.54,6.66,6.88
1996-09-27,4.91,6.07,6.43,6.57,6.68,6.91
1996-09-30,4.91,6.1,6.46,6.6,6.72,6.93
1996-10-01,4.97,6.03,6.39,6.54,6.65,6.88
1996-10-02,4.9,5.98,6.35,6.49,6.61,6.84
1996-10-03,4.91,6,6.35,6.49,6.61,6.84
1996-10-04,4.88,5.85,6.2,6.36,6.48,6.74
1996-10-07,4.93,5.89,6.25,6.41,6.53,6.78
1996-10-08,4.99,5.9,6.26,6.42,6.53,6.79
1996-10-09,4.99,5.96,6.31,6.46,6.55,6.83
1996-10-10,5.01,6.01,6.37,6.51,6.61,6.89
1996-10-11,5,5.92,6.29,6.46,6.55,6.84
1996-10-15,5.03,5.93,6.3,6.46,6.56,6.85
1996-10-16,5.01,5.94,6.31,6.46,6.57,6.86
1996-10-17,4.98,5.89,6.25,6.4,6.51,6.81
1996-10-18,4.98,5.89,6.25,6.39,6.5,6.79
1996-10-21,4.99,5.91,6.27,6.41,6.52,6.81
1996-10-22,5.02,5.95,6.31,6.45,6.56,6.85
1996-10-23,5,5.94,6.31,6.45,6.56,6.84
1996-10-24,5,5.94,6.29,6.45,6.57,6.85
1996-10-25,5,5.9,6.26,6.42,6.54,6.82
1996-10-28,5.05,5.92,6.29,6.43,6.56,6.83
1996-10-29,5.01,5.77,6.12,6.27,6.4,6.7
1996-10-30,5.01,5.79,6.12,6.27,6.4,6.69
1996-10-31,5.03,5.77,6.1,6.24,6.37,6.66
1996-11-01,5.03,5.79,6.11,6.26,6.38,6.68
1996-11-04,5.02,5.78,6.1,6.23,6.36,6.67
1996-11-05,5.03,5.74,6.03,6.16,6.28,6.6
1996-11-06,5.03,5.76,6.05,6.18,6.3,6.61
1996-11-07,5.02,5.75,6.01,6.12,6.26,6.48
1996-11-08,5.04,5.76,6.04,6.16,6.29,6.51
1996-11-12,5.04,5.73,5.98,6.09,6.19,6.44
1996-11-13,5.03,5.71,5.99,6.1,6.2,6.46
1996-11-14,5.03,5.66,5.93,6.05,6.15,6.42
1996-11-15,5.02,5.68,5.96,6.09,6.19,6.46
1996-11-18,5.03,5.7,5.97,6.1,6.2,6.46
1996-11-19,5.03,5.68,5.94,6.07,6.17,6.44
1996-11-20,5.03,5.65,5.92,6.04,6.14,6.41
1996-11-21,5.04,5.67,5.94,6.05,6.15,6.42
1996-11-22,5.04,5.69,5.94,6.05,6.15,6.44
1996-11-25,5.03,5.67,5.92,6.04,6.13,6.42
1996-11-26,5.03,5.66,5.91,6.04,6.13,6.43
1996-11-27,5.02,5.66,5.91,6.05,6.14,6.44
1996-11-29,5,5.59,5.84,5.97,6.06,6.36
1996-12-02,4.95,5.61,5.85,5.97,6.08,6.36
1996-12-03,4.92,5.61,5.84,5.95,6.06,6.35
1996-12-04,4.9,5.64,5.89,6.01,6.11,6.4
1996-12-05,4.91,5.71,5.99,6.12,6.22,6.5
1996-12-06,4.9,5.73,6.02,6.16,6.26,6.53
1996-12-09,4.86,5.7,5.97,6.11,6.21,6.48
1996-12-10,4.83,5.71,5.99,6.12,6.23,6.49
1996-12-11,4.83,5.82,6.14,6.28,6.38,6.61
1996-12-12,4.84,5.84,6.14,6.3,6.4,6.64
1996-12-13,4.8,5.77,6.06,6.22,6.33,6.58
1996-12-16,4.86,5.82,6.13,6.27,6.39,6.63
1996-12-17,4.87,5.87,6.17,6.31,6.42,6.66
1996-12-18,4.9,5.89,6.21,6.36,6.46,6.69
1996-12-19,4.88,5.83,6.13,6.25,6.36,6.6
1996-12-20,4.89,5.83,6.12,6.25,6.35,6.59
1996-12-23,4.97,5.85,6.12,6.24,6.34,6.58
1996-12-24,4.96,5.85,6.13,6.25,6.36,6.59
1996-12-26,4.97,5.85,6.13,6.25,6.35,6.59
1996-12-27,4.98,5.81,6.09,6.21,6.3,6.54
1996-12-30,5.04,5.8,6.1,6.21,6.31,6.54
1996-12-31,5.07,5.88,6.21,6.34,6.43,6.65
1997-01-02,5.05,5.97,6.3,6.45,6.54,6.75
1997-01-03,5.04,5.95,6.28,6.42,6.52,6.74
1997-01-06,5.05,5.97,6.3,6.44,6.54,6.77
1997-01-07,5.02,5.98,6.32,6.47,6.57,6.8
1997-01-08,5.02,6.01,6.34,6.49,6.6,6.83
1997-01-09,5,5.94,6.27,6.41,6.52,6.76
1997-01-10,5.04,6.06,6.4,6.52,6.63,6.86
1997-01-13,5.04,6.07,6.4,6.52,6.63,6.85
1997-01-14,5.05,5.98,6.3,6.43,6.53,6.77
1997-01-15,5.02,5.98,6.3,6.43,6.53,6.79
1997-01-16,5.03,6,6.33,6.47,6.57,6.83
1997-01-17,5.01,6,6.32,6.46,6.56,6.83
1997-01-21,5.03,5.99,6.29,6.41,6.52,6.78
1997-01-22,5.04,6,6.32,6.45,6.56,6.83
1997-01-23,5.04,6.06,6.35,6.49,6.6,6.85
1997-01-24,5.03,6.07,6.39,6.53,6.64,6.89
1997-01-27,5.06,6.11,6.42,6.57,6.69,6.94
1997-01-28,5.04,6.04,6.38,6.53,6.64,6.91
1997-01-29,5.04,6.04,6.38,6.52,6.63,6.9
1997-01-30,5.04,6.01,6.35,6.49,6.61,6.88
1997-01-31,5.02,5.94,6.26,6.4,6.53,6.8
1997-02-03,4.98,5.89,6.21,6.34,6.47,6.74
1997-02-04,4.97,5.88,6.19,6.32,6.45,6.72
1997-02-05,5,5.91,6.21,6.35,6.47,6.75
1997-02-06,5.01,5.91,6.22,6.36,6.49,6.76
1997-02-07,5.01,5.86,6.17,6.32,6.43,6.72
1997-02-10,5.01,5.87,6.16,6.29,6.43,6.71
1997-02-11,5.01,5.88,6.18,6.3,6.43,6.71
1997-02-12,5.02,5.9,6.19,6.31,6.39,6.72
1997-02-13,5,5.83,6.12,6.23,6.32,6.58
1997-02-14,4.97,5.79,6.07,6.18,6.28,6.53
1997-02-18,4.98,5.8,6.08,6.19,6.28,6.55
1997-02-19,4.98,5.82,6.1,6.21,6.3,6.57
1997-02-20,4.97,5.85,6.17,6.3,6.38,6.64
1997-02-21,4.96,5.85,6.16,6.27,6.36,6.63
1997-02-24,4.99,5.89,6.19,6.3,6.39,6.66
1997-02-25,5,5.9,6.2,6.31,6.4,6.66
1997-02-26,5.08,6.06,6.37,6.48,6.56,6.8
1997-02-27,5.08,6.09,6.4,6.5,6.58,6.82
1997-02-28,5.09,6.09,6.39,6.5,6.56,6.8
1997-03-03,5.1,6.11,6.41,6.53,6.58,6.83
1997-03-04,5.11,6.11,6.44,6.55,6.6,6.86
1997-03-05,5.07,6.13,6.43,6.55,6.6,6.85
1997-03-06,5.09,6.15,6.45,6.58,6.62,6.89
1997-03-07,5.08,6.1,6.39,6.52,6.57,6.83
1997-03-10,5.06,6.1,6.4,6.52,6.56,6.83
1997-03-11,5.04,6.09,6.4,6.53,6.57,6.84
1997-03-12,5.07,6.12,6.43,6.56,6.6,6.87
1997-03-13,5.12,6.21,6.55,6.68,6.72,6.98
1997-03-14,5.1,6.18,6.53,6.66,6.71,6.95
1997-03-17,5.13,6.22,6.55,6.67,6.72,6.96
1997-03-18,5.11,6.22,6.56,6.68,6.72,6.96
1997-03-19,5.15,6.24,6.58,6.7,6.74,6.99
1997-03-20,5.2,6.27,6.61,6.7,6.75,6.97
1997-03-21,5.26,6.29,6.61,6.7,6.74,6.96
1997-03-24,5.25,6.29,6.58,6.69,6.72,6.94
1997-03-25,5.29,6.33,6.63,6.72,6.75,6.95
1997-03-26,5.21,6.38,6.66,6.76,6.8,7
1997-03-27,5.23,6.45,6.76,6.88,6.9,7.09
1997-03-31,5.21,6.45,6.77,6.89,6.92,7.1
1997-04-01,5.18,6.42,6.74,6.87,6.9,7.09
1997-04-02,5.16,6.42,6.73,6.85,6.88,7.08
1997-04-03,5.13,6.4,6.72,6.84,6.86,7.08
1997-04-04,5.15,6.44,6.78,6.9,6.92,7.14
1997-04-07,5.15,6.41,6.73,6.84,6.87,7.08
1997-04-08,5.11,6.44,6.76,6.87,6.91,7.11
1997-04-09,5.1,6.44,6.77,6.88,6.91,7.11
1997-04-10,5.15,6.46,6.78,6.88,6.91,7.11
1997-04-11,5.17,6.53,6.85,6.95,6.98,7.17
1997-04-14,5.17,6.54,6.86,6.95,6.98,7.17
1997-04-15,5.17,6.45,6.76,6.87,6.88,7.1
1997-04-16,5.15,6.49,6.79,6.88,6.9,7.11
1997-04-17,5.15,6.44,6.75,6.84,6.86,7.07
1997-04-18,5.15,6.42,6.73,6.81,6.84,7.06
1997-04-21,5.15,6.46,6.76,6.85,6.87,7.09
1997-04-22,5.22,6.43,6.73,6.81,6.84,7.05
1997-04-23,5.23,6.47,6.78,6.86,6.89,7.09
1997-04-24,5.18,6.52,6.83,6.92,6.93,7.13
1997-04-25,5.17,6.54,6.83,6.92,6.94,7.14
1997-04-28,5.19,6.51,6.81,6.9,6.92,7.12
1997-04-29,5.2,6.34,6.64,6.75,6.77,6.99
1997-04-30,5.14,6.29,6.57,6.68,6.72,6.95
1997-05-01,5.1,6.27,6.55,6.65,6.69,6.93
1997-05-02,5.1,6.26,6.54,6.63,6.68,6.9
1997-05-05,5.05,6.28,6.54,6.63,6.67,6.9
1997-05-06,5.07,6.29,6.56,6.63,6.67,6.89
1997-05-07,5.08,6.36,6.63,6.72,6.76,6.96
1997-05-08,5.07,6.33,6.59,6.68,6.72,6.92
1997-05-09,5.05,6.24,6.51,6.62,6.67,6.89
1997-05-12,5.04,6.23,6.5,6.6,6.65,6.88
1997-05-13,5.1,6.3,6.6,6.67,6.71,6.92
1997-05-14,5.05,6.26,6.54,6.64,6.68,6.9
1997-05-15,4.99,6.25,6.52,6.61,6.67,6.88
1997-05-16,5.06,6.28,6.55,6.64,6.7,6.91
1997-05-19,5.16,6.28,6.57,6.66,6.71,6.92
1997-05-20,5.25,6.25,6.54,6.64,6.7,6.92
1997-05-21,4.99,6.25,6.57,6.67,6.74,6.97
1997-05-22,5.04,6.27,6.61,6.69,6.76,7
1997-05-23,5.04,6.25,6.59,6.68,6.74,6.99
1997-05-27,5.02,6.3,6.64,6.73,6.79,7.03
1997-05-28,5.04,6.34,6.65,6.74,6.8,7.03
1997-05-29,4.89,6.3,6.61,6.69,6.75,6.99
1997-05-30,4.82,6.22,6.51,6.61,6.67,6.92
1997-06-02,4.79,6.23,6.52,6.59,6.66,6.9
1997-06-03,4.92,6.2,6.49,6.56,6.63,6.88
1997-06-04,4.96,6.2,6.49,6.56,6.62,6.88
1997-06-05,4.97,6.2,6.49,6.57,6.62,6.88
1997-06-06,4.93,6.12,6.39,6.46,6.51,6.78
1997-06-09,4.92,6.15,6.44,6.51,6.55,6.83
1997-06-10,4.92,6.17,6.46,6.54,6.57,6.84
1997-06-11,4.85,6.19,6.45,6.52,6.56,6.83
1997-06-12,4.84,6.07,6.35,6.44,6.48,6.77
1997-06-13,4.86,6.03,6.3,6.39,6.43,6.73
1997-06-16,4.85,6.02,6.28,6.38,6.4,6.7
1997-06-17,4.92,6.05,6.31,6.39,6.43,6.72
1997-06-18,4.9,6.02,6.29,6.38,6.4,6.69
1997-06-19,4.95,6.04,6.29,6.38,6.4,6.68
1997-06-20,4.94,6.02,6.27,6.37,6.37,6.65
1997-06-23,5.04,6.04,6.3,6.37,6.4,6.69
1997-06-24,4.94,6.03,6.31,6.38,6.42,6.7
1997-06-25,4.94,6.05,6.34,6.44,6.45,6.74
1997-06-26,5.03,6.05,6.36,6.47,6.5,6.78
1997-06-27,5.02,6.03,6.35,6.43,6.46,6.75
1997-06-30,5.06,6.08,6.4,6.49,6.51,6.8
1997-07-01,5.04,6.02,6.33,6.42,6.45,6.74
1997-07-02,5.06,6.02,6.3,6.4,6.42,6.72
1997-07-03,5.01,5.93,6.2,6.29,6.31,6.63
1997-07-07,4.96,5.92,6.17,6.26,6.27,6.58
1997-07-08,4.99,5.92,6.17,6.26,6.27,6.59
1997-07-09,4.98,5.9,6.15,6.23,6.25,6.56
1997-07-10,5.01,5.91,6.15,6.24,6.26,6.56
1997-07-11,5,5.89,6.13,6.22,6.23,6.53
1997-07-14,5.02,5.94,6.16,6.24,6.26,6.55
1997-07-15,5.08,5.92,6.16,6.25,6.26,6.55
1997-07-16,5.03,5.87,6.11,6.18,6.2,6.48
1997-07-17,5.04,5.87,6.11,6.18,6.19,6.49
1997-07-18,5.1,5.91,6.16,6.23,6.24,6.52
1997-07-21,5.13,5.94,6.18,6.25,6.27,6.55
1997-07-22,5.04,5.9,6.07,6.13,6.15,6.43
1997-07-23,5.06,5.85,6.06,6.13,6.14,6.42
1997-07-24,5.09,5.87,6.06,6.13,6.16,6.43
1997-07-25,5.1,5.87,6.08,6.16,6.18,6.45
1997-07-28,5.1,5.86,6.06,6.14,6.16,6.43
1997-07-29,5.1,5.79,6,6.08,6.11,6.38
1997-07-30,5.1,5.76,5.95,6.03,6.05,6.33
1997-07-31,5.11,5.74,5.9,5.99,6.02,6.3
1997-08-01,5.14,5.89,6.08,6.17,6.2,6.46
1997-08-04,5.14,5.91,6.12,6.2,6.23,6.48
1997-08-05,5.15,5.93,6.13,6.22,6.23,6.49
1997-08-06,5.15,5.91,6.11,6.2,6.21,6.48
1997-08-07,5.16,5.93,6.14,6.24,6.24,6.51
1997-08-08,5.15,6.02,6.23,6.37,6.38,6.64
1997-08-11,5.17,5.99,6.2,6.35,6.36,6.64
1997-08-12,5.17,6,6.22,6.39,6.39,6.66
1997-08-13,5.18,5.95,6.19,6.36,6.36,6.64
1997-08-14,5.2,5.92,6.13,6.27,6.27,6.56
1997-08-15,5.15,5.87,6.1,6.27,6.27,6.57
1997-08-18,5.13,5.82,6.06,6.21,6.21,6.53
1997-08-19,5.11,5.85,6.07,6.21,6.21,6.51
1997-08-20,5.1,5.88,6.1,6.24,6.24,6.54
1997-08-21,5.13,5.95,6.15,6.3,6.3,6.6
1997-08-22,5.11,5.98,6.21,6.36,6.38,6.67
1997-08-25,5.16,6.01,6.25,6.38,6.39,6.67
1997-08-26,5.14,5.99,6.24,6.37,6.38,6.66
1997-08-27,5.14,6.01,6.23,6.37,6.38,6.66
1997-08-28,5.1,5.94,6.18,6.29,6.3,6.57
1997-08-29,5.1,5.97,6.22,6.33,6.34,6.61
1997-09-02,5.07,5.94,6.2,6.3,6.31,6.58
1997-09-03,5.01,5.96,6.21,6.33,6.33,6.6
1997-09-04,5.01,5.98,6.22,6.33,6.33,6.61
1997-09-05,5.03,5.98,6.24,6.36,6.37,6.65
1997-09-08,5.02,5.98,6.23,6.33,6.33,6.62
1997-09-09,5.02,5.98,6.24,6.33,6.34,6.63
1997-09-10,4.98,6,6.26,6.36,6.37,6.66
1997-09-11,5,6,6.27,6.38,6.39,6.68
1997-09-12,4.97,5.93,6.17,6.28,6.29,6.59
1997-09-15,5,5.93,6.17,6.28,6.28,6.58
1997-09-16,4.96,5.81,6,6.09,6.11,6.41
1997-09-17,4.97,5.79,5.99,6.08,6.1,6.39
1997-09-18,4.97,5.81,6.02,6.1,6.11,6.4
1997-09-19,4.93,5.81,6.01,6.08,6.09,6.38
1997-09-22,4.91,5.79,5.99,6.05,6.06,6.35
1997-09-23,4.89,5.8,6.02,6.09,6.1,6.38
1997-09-24,4.81,5.78,5.97,6.04,6.04,6.32
1997-09-25,4.8,5.85,6.04,6.13,6.13,6.4
1997-09-26,4.86,5.8,5.99,6.08,6.08,6.37
1997-09-29,4.87,5.8,5.99,6.09,6.1,6.39
1997-09-30,4.93,5.8,6,6.11,6.12,6.41
1997-10-01,4.97,5.75,5.93,6.05,6.04,6.33
1997-10-02,4.94,5.73,5.91,6.02,6.01,6.31
1997-10-03,4.9,5.72,5.89,6.02,6.01,6.3
1997-10-06,4.87,5.68,5.85,5.97,5.96,6.27
1997-10-07,4.93,5.67,5.82,5.95,5.94,6.24
1997-10-08,4.96,5.79,5.96,6.09,6.08,6.37
1997-10-09,5,5.8,5.98,6.1,6.09,6.38
1997-10-10,5,5.86,6.03,6.17,6.15,6.44
1997-10-14,4.95,5.81,5.97,6.09,6.07,6.36
1997-10-15,4.93,5.84,6,6.13,6.1,6.39
1997-10-16,4.94,5.84,6,6.12,6.09,6.39
1997-10-17,4.92,5.91,6.08,6.19,6.17,6.44
1997-10-20,4.91,5.9,6.07,6.18,6.15,6.42
1997-10-21,4.94,5.92,6.07,6.18,6.14,6.42
1997-10-22,5.02,5.91,6.06,6.17,6.12,6.41
1997-10-23,4.99,5.79,5.95,6.07,6.04,6.33
1997-10-24,5.01,5.79,5.94,6.05,6.01,6.3
1997-10-27,4.96,5.62,5.79,5.94,5.91,6.24
1997-10-28,5.11,5.74,5.89,6,5.98,6.29
1997-10-29,5.05,5.67,5.78,5.95,5.91,6.23
1997-10-30,5.03,5.61,5.73,5.88,5.84,6.17
1997-10-31,5.07,5.63,5.72,5.87,5.84,6.15
1997-11-03,5.11,5.69,5.79,5.94,5.91,6.21
1997-11-04,5.11,5.73,5.83,5.98,5.95,6.25
1997-11-05,5.13,5.73,5.84,5.97,5.95,6.24
1997-11-06,5.17,5.7,5.79,5.92,5.9,6.15
1997-11-07,5.17,5.71,5.81,5.92,5.9,6.14
1997-11-10,5.21,5.73,5.82,5.94,5.91,6.15
1997-11-12,5.16,5.7,5.81,5.92,5.89,6.13
1997-11-13,5.13,5.7,5.79,5.9,5.87,6.11
1997-11-14,5.13,5.7,5.8,5.9,5.86,6.09
1997-11-17,5.18,5.7,5.79,5.88,5.85,6.07
1997-11-18,5.17,5.71,5.8,5.88,5.85,6.07
1997-11-19,5.14,5.7,5.77,5.84,5.82,6.03
1997-11-20,5.14,5.73,5.8,5.87,5.84,6.05
1997-11-21,5.11,5.68,5.77,5.84,5.82,6.04
1997-11-24,5.16,5.71,5.81,5.88,5.86,6.08
1997-11-25,5.16,5.71,5.8,5.87,5.85,6.06
1997-11-26,5.12,5.74,5.82,5.89,5.86,6.06
1997-11-28,5.08,5.76,5.83,5.89,5.86,6.04
1997-12-01,5.1,5.78,5.83,5.88,5.86,6.04
1997-12-02,5.12,5.78,5.83,5.88,5.86,6.03
1997-12-03,5.12,5.74,5.8,5.85,5.83,6.02
1997-12-04,5.13,5.71,5.78,5.86,5.84,6.04
1997-12-05,5.16,5.8,5.87,5.94,5.92,6.09
1997-12-08,5.2,5.85,5.92,5.98,5.96,6.14
1997-12-09,5.13,5.81,5.9,5.97,5.95,6.14
1997-12-10,5.07,5.75,5.85,5.92,5.9,6.1
1997-12-11,5.06,5.68,5.77,5.84,5.82,6.02
1997-12-12,5.05,5.63,5.71,5.76,5.74,5.94
1997-12-15,5.1,5.68,5.74,5.8,5.78,5.97
1997-12-16,5.09,5.68,5.74,5.8,5.77,5.96
1997-12-17,5.11,5.7,5.77,5.82,5.81,5.99
1997-12-18,5.1,5.68,5.74,5.78,5.76,5.94
1997-12-19,5.19,5.66,5.7,5.74,5.72,5.92
1997-12-22,5.3,5.69,5.71,5.73,5.72,5.89
1997-12-23,5.31,5.69,5.71,5.74,5.73,5.9
1997-12-24,5.24,5.67,5.72,5.76,5.76,5.91
1997-12-26,5.21,5.69,5.72,5.75,5.75,5.9
1997-12-29,5.26,5.69,5.73,5.76,5.76,5.93
1997-12-30,5.3,5.71,5.76,5.82,5.8,5.98
1997-12-31,5.22,5.66,5.71,5.77,5.75,5.93
1998-01-02,5.18,5.59,5.63,5.68,5.67,5.86
1998-01-05,5.09,5.47,5.46,5.52,5.52,5.74
1998-01-06,5.08,5.39,5.41,5.49,5.49,5.73
1998-01-07,5.09,5.42,5.45,5.55,5.55,5.8
1998-01-08,5,5.31,5.34,5.46,5.49,5.75
1998-01-09,4.92,5.17,5.22,5.37,5.4,5.71
1998-01-12,4.91,5.2,5.24,5.38,5.39,5.7
1998-01-13,5.03,5.25,5.28,5.42,5.41,5.71
1998-01-14,5.04,5.29,5.33,5.45,5.45,5.74
1998-01-15,5,5.29,5.34,5.46,5.48,5.74
1998-01-16,5.02,5.35,5.42,5.53,5.54,5.81
1998-01-20,5.02,5.37,5.45,5.56,5.57,5.83
1998-01-21,5,5.33,5.41,5.52,5.54,5.81
1998-01-22,5,5.3,5.39,5.53,5.56,5.85
1998-01-23,5.04,5.42,5.53,5.67,5.7,5.98
1998-01-26,5.01,5.39,5.49,5.61,5.63,5.9
1998-01-27,5.1,5.46,5.57,5.68,5.7,5.95
1998-01-28,5.09,5.46,5.54,5.67,5.69,5.94
1998-01-29,5.06,5.36,5.43,5.55,5.58,5.85
1998-01-30,5.06,5.32,5.39,5.51,5.53,5.82
1998-02-02,5.1,5.36,5.43,5.55,5.57,5.87
1998-02-03,5.12,5.34,5.41,5.56,5.56,5.86
1998-02-04,4.98,5.32,5.41,5.55,5.57,5.87
1998-02-05,5.01,5.36,5.46,5.61,5.62,5.92
1998-02-06,5.04,5.38,5.48,5.61,5.62,5.92
1998-02-09,5.01,5.41,5.51,5.65,5.65,5.94
1998-02-10,5.07,5.41,5.49,5.63,5.64,5.93
1998-02-11,5.08,5.39,5.46,5.57,5.53,5.86
1998-02-12,5.08,5.39,5.46,5.56,5.52,5.87
1998-02-13,5.09,5.36,5.44,5.53,5.49,5.85
1998-02-17,5.04,5.34,5.41,5.5,5.44,5.8
1998-02-18,5.06,5.37,5.44,5.54,5.49,5.84
1998-02-19,5.07,5.39,5.47,5.57,5.51,5.85
1998-02-20,5.08,5.41,5.49,5.58,5.54,5.87
1998-02-23,5.12,5.46,5.53,5.62,5.58,5.91
1998-02-24,5.13,5.57,5.66,5.75,5.69,5.97
1998-02-25,5.17,5.55,5.6,5.7,5.63,5.93
1998-02-26,5.2,5.58,5.62,5.71,5.65,5.95
1998-02-27,5.18,5.55,5.59,5.67,5.62,5.92
1998-03-02,5.18,5.6,5.67,5.77,5.72,6.03
1998-03-03,5.09,5.64,5.72,5.82,5.77,6.07
1998-03-04,5.05,5.63,5.71,5.81,5.76,6.05
1998-03-05,5.04,5.62,5.71,5.84,5.78,6.07
1998-03-06,5.02,5.58,5.65,5.78,5.73,6.02
1998-03-09,5.03,5.57,5.61,5.74,5.67,5.97
1998-03-10,4.96,5.55,5.62,5.73,5.67,5.97
1998-03-11,4.96,5.53,5.57,5.69,5.63,5.93
1998-03-12,4.95,5.5,5.52,5.62,5.56,5.87
1998-03-13,4.96,5.5,5.54,5.65,5.58,5.89
1998-03-16,4.97,5.47,5.52,5.6,5.54,5.86
1998-03-17,5.01,5.5,5.53,5.63,5.56,5.89
1998-03-18,5.03,5.52,5.55,5.65,5.58,5.91
1998-03-19,5.04,5.52,5.56,5.65,5.58,5.9
1998-03-20,5.05,5.52,5.56,5.64,5.57,5.89
1998-03-23,5.02,5.52,5.56,5.63,5.57,5.88
1998-03-24,5.03,5.5,5.57,5.63,5.58,5.88
1998-03-25,5.04,5.58,5.62,5.7,5.64,5.94
1998-03-26,5.08,5.62,5.66,5.74,5.68,5.96
1998-03-27,5.08,5.63,5.67,5.75,5.68,5.96
1998-03-30,5.09,5.65,5.7,5.79,5.72,5.98
1998-03-31,5.02,5.6,5.64,5.74,5.67,5.94
1998-04-01,4.99,5.55,5.59,5.68,5.62,5.9
1998-04-02,4.97,5.52,5.54,5.64,5.56,5.85
1998-04-03,4.95,5.42,5.44,5.54,5.47,5.78
1998-04-06,4.97,5.45,5.49,5.58,5.51,5.82
1998-04-07,4.94,5.45,5.5,5.59,5.53,5.84
1998-04-08,4.93,5.49,5.54,5.64,5.58,5.9
1998-04-09,4.94,5.5,5.56,5.64,5.59,5.88
1998-04-13,5.05,5.59,5.64,5.72,5.66,5.94
1998-04-14,5.02,5.57,5.6,5.69,5.63,5.91
1998-04-15,4.95,5.55,5.59,5.66,5.6,5.89
1998-04-16,4.91,5.53,5.57,5.64,5.59,5.87
1998-04-17,4.92,5.54,5.57,5.64,5.59,5.88
1998-04-20,4.91,5.57,5.61,5.7,5.65,5.92
1998-04-21,4.94,5.6,5.66,5.73,5.68,5.96
1998-04-22,4.96,5.6,5.66,5.73,5.68,5.96
1998-04-23,4.96,5.61,5.66,5.74,5.69,5.98
1998-04-24,4.95,5.61,5.65,5.72,5.67,5.95
1998-04-27,4.94,5.71,5.77,5.86,5.8,6.07
1998-04-28,4.93,5.69,5.78,5.86,5.8,6.07
1998-04-29,4.94,5.71,5.78,5.87,5.81,6.08
1998-04-30,4.87,5.59,5.65,5.74,5.68,5.95
1998-05-01,4.89,5.59,5.63,5.72,5.67,5.94
1998-05-04,4.91,5.59,5.63,5.73,5.67,5.94
1998-05-05,4.98,5.61,5.66,5.76,5.7,5.98
1998-05-06,4.98,5.56,5.6,5.72,5.67,5.94
1998-05-07,4.98,5.56,5.6,5.72,5.67,5.95
1998-05-08,5,5.61,5.65,5.75,5.71,5.98
1998-05-11,5,5.66,5.72,5.82,5.79,6.04
1998-05-12,4.99,5.59,5.65,5.74,5.7,5.96
1998-05-13,4.99,5.59,5.63,5.72,5.64,5.95
1998-05-14,5.04,5.63,5.66,5.76,5.67,5.98
1998-05-15,5.04,5.63,5.67,5.76,5.68,5.97
1998-05-18,5.05,5.59,5.63,5.72,5.64,5.92
1998-05-19,5.09,5.59,5.63,5.73,5.65,5.94
1998-05-20,5.07,5.57,5.6,5.68,5.61,5.89
1998-05-21,5.1,5.63,5.66,5.73,5.65,5.93
1998-05-22,5.08,5.63,5.65,5.72,5.64,5.9
1998-05-26,5,5.61,5.6,5.67,5.59,5.85
1998-05-27,4.96,5.53,5.57,5.64,5.56,5.83
1998-05-28,4.93,5.57,5.56,5.65,5.58,5.83
1998-05-29,4.89,5.53,5.56,5.63,5.56,5.81
1998-06-01,4.85,5.52,5.53,5.59,5.53,5.78
1998-06-02,4.95,5.53,5.56,5.62,5.56,5.8
1998-06-03,5,5.55,5.57,5.63,5.57,5.8
1998-06-04,4.98,5.58,5.6,5.65,5.59,5.82
1998-06-05,4.98,5.58,5.6,5.63,5.58,5.79
1998-06-08,5,5.58,5.6,5.63,5.58,5.79
1998-06-09,5.03,5.6,5.61,5.64,5.59,5.79
1998-06-10,5.01,5.55,5.55,5.58,5.51,5.7
1998-06-11,4.97,5.45,5.46,5.49,5.44,5.65
1998-06-12,4.99,5.43,5.43,5.48,5.43,5.66
1998-06-15,4.98,5.43,5.42,5.45,5.38,5.61
1998-06-16,5.06,5.5,5.49,5.52,5.45,5.65
1998-06-17,5.09,5.55,5.57,5.61,5.54,5.74
1998-06-18,5.05,5.53,5.55,5.58,5.5,5.7
1998-06-19,5.03,5.52,5.52,5.54,5.47,5.67
1998-06-22,4.99,5.52,5.52,5.54,5.46,5.66
1998-06-23,4.97,5.49,5.51,5.53,5.45,5.64
1998-06-24,4.91,5.49,5.48,5.54,5.46,5.66
1998-06-25,4.89,5.53,5.5,5.54,5.46,5.66
1998-06-26,4.87,5.51,5.49,5.53,5.46,5.64
1998-06-29,4.89,5.51,5.5,5.55,5.47,5.65
1998-06-30,4.97,5.49,5.47,5.52,5.44,5.62
1998-07-01,4.96,5.46,5.43,5.5,5.44,5.63
1998-07-02,4.94,5.44,5.43,5.47,5.42,5.6
1998-07-06,4.93,5.43,5.4,5.45,5.39,5.57
1998-07-07,4.95,5.44,5.43,5.48,5.42,5.6
1998-07-08,4.96,5.44,5.43,5.49,5.43,5.63
1998-07-09,4.94,5.43,5.4,5.46,5.41,5.6
1998-07-10,4.93,5.41,5.4,5.47,5.42,5.63
1998-07-13,4.96,5.44,5.45,5.52,5.46,5.68
1998-07-14,5.02,5.46,5.47,5.54,5.49,5.72
1998-07-15,5.01,5.46,5.46,5.53,5.48,5.7
1998-07-16,5.03,5.46,5.48,5.56,5.5,5.72
1998-07-17,5.01,5.46,5.49,5.57,5.51,5.75
1998-07-20,5,5.46,5.47,5.53,5.48,5.71
1998-07-21,4.96,5.46,5.46,5.52,5.45,5.67
1998-07-22,4.94,5.48,5.47,5.52,5.46,5.68
1998-07-23,4.96,5.46,5.46,5.52,5.45,5.66
1998-07-24,4.95,5.48,5.48,5.52,5.45,5.68
1998-07-27,4.96,5.48,5.49,5.54,5.47,5.7
1998-07-28,4.94,5.46,5.49,5.56,5.5,5.74
1998-07-29,4.94,5.49,5.52,5.59,5.52,5.77
1998-07-30,4.94,5.49,5.52,5.56,5.5,5.73
1998-07-31,4.97,5.49,5.52,5.56,5.5,5.72
1998-08-03,4.98,5.46,5.46,5.51,5.46,5.67
1998-08-04,4.97,5.43,5.44,5.49,5.43,5.65
1998-08-05,4.95,5.39,5.43,5.48,5.43,5.66
1998-08-06,4.9,5.39,5.43,5.49,5.44,5.67
1998-08-07,4.86,5.34,5.39,5.44,5.4,5.63
1998-08-10,4.86,5.34,5.39,5.44,5.41,5.63
1998-08-11,4.9,5.31,5.33,5.4,5.37,5.6
1998-08-12,4.89,5.32,5.34,5.43,5.4,5.62
1998-08-13,4.91,5.37,5.38,5.46,5.44,5.6
1998-08-14,4.9,5.34,5.34,5.42,5.4,5.55
1998-08-17,4.93,5.34,5.33,5.41,5.4,5.56
1998-08-18,4.93,5.36,5.35,5.42,5.41,5.56
1998-08-19,4.94,5.34,5.35,5.42,5.42,5.56
1998-08-20,4.91,5.32,5.32,5.39,5.38,5.52
1998-08-21,4.88,5.25,5.24,5.33,5.32,5.46
1998-08-24,4.94,5.22,5.19,5.3,5.3,5.48
1998-08-25,4.96,5.18,5.13,5.24,5.25,5.44
1998-08-26,4.93,5.12,5.11,5.23,5.26,5.44
1998-08-27,4.86,4.98,4.97,5.11,5.12,5.38
1998-08-28,4.78,4.93,4.94,5.09,5.09,5.37
1998-08-31,4.77,4.91,4.91,5.03,5.05,5.3
1998-09-01,4.79,4.86,4.91,5.06,5.05,5.34
1998-09-02,4.78,4.96,4.96,5.08,5.1,5.34
1998-09-03,4.71,4.91,4.91,5.02,5.03,5.31
1998-09-04,4.74,4.91,4.9,5.01,5.02,5.29
1998-09-08,4.74,4.91,4.89,5.03,5.04,5.34
1998-09-09,4.76,4.79,4.79,4.92,4.95,5.28
1998-09-10,4.66,4.57,4.55,4.72,4.76,5.18
1998-09-11,4.75,4.68,4.65,4.81,4.85,5.23
1998-09-14,4.72,4.72,4.65,4.82,4.87,5.23
1998-09-15,4.67,4.73,4.68,4.84,4.9,5.25
1998-09-16,4.62,4.75,4.69,4.82,4.88,5.23
1998-09-17,4.58,4.7,4.6,4.74,4.8,5.18
1998-09-18,4.51,4.61,4.5,4.64,4.7,5.15
1998-09-21,4.56,4.63,4.51,4.64,4.69,5.12
1998-09-22,4.69,4.66,4.57,4.69,4.73,5.16
1998-09-23,4.55,4.52,4.48,4.64,4.69,5.16
1998-09-24,4.44,4.43,4.43,4.56,4.64,5.15
1998-09-25,4.41,4.43,4.4,4.53,4.6,5.13
1998-09-28,4.36,4.45,4.4,4.53,4.61,5.15
1998-09-29,4.43,4.47,4.4,4.52,4.59,5.1
1998-09-30,4.26,4.3,4.23,4.38,4.44,4.98
1998-10-01,4.13,4.17,4.1,4.26,4.33,4.9
1998-10-02,4.12,4.17,4.08,4.23,4.31,4.85
1998-10-05,4.06,4.04,3.95,4.13,4.16,4.7
1998-10-06,4.08,4.1,4.05,4.22,4.24,4.75
1998-10-07,4.05,4.12,4.13,4.34,4.34,4.83
1998-10-08,3.8,4.1,4.29,4.57,4.56,4.99
1998-10-09,3.79,4.19,4.46,4.78,4.77,5.13
1998-10-13,3.8,4.13,4.37,4.74,4.73,5.1
1998-10-14,3.93,4.08,4.23,4.58,4.58,5
1998-10-15,4.05,4.13,4.23,4.56,4.58,5.02
1998-10-16,3.56,3.86,4.04,4.41,4.44,4.96
1998-10-19,3.71,3.9,4.06,4.38,4.47,4.98
1998-10-20,3.86,3.98,4.14,4.46,4.57,5.06
1998-10-21,3.91,4.12,4.17,4.49,4.59,5.08
1998-10-22,3.88,4.16,4.19,4.51,4.62,5.13
1998-10-23,3.87,4.2,4.28,4.6,4.7,5.16
1998-10-26,4,4.23,4.32,4.58,4.73,5.13
1998-10-27,3.96,4.12,4.23,4.48,4.63,5.08
1998-10-28,4.18,4.01,4.18,4.43,4.6,5.13
1998-10-29,4.22,4,4.13,4.39,4.54,5.09
1998-10-30,4.23,4.12,4.24,4.47,4.64,5.15
1998-11-02,4.31,4.26,4.39,4.63,4.77,5.23
1998-11-03,4.39,4.25,4.33,4.63,4.78,5.22
1998-11-04,4.45,4.43,4.48,4.78,4.83,5.34
1998-11-05,4.47,4.47,4.48,4.78,4.82,5.29
1998-11-06,4.52,4.59,4.58,4.92,4.93,5.37
1998-11-09,4.52,4.57,4.55,4.84,4.88,5.28
1998-11-10,4.43,4.5,4.5,4.78,4.81,5.27
1998-11-12,4.37,4.47,4.47,4.74,4.77,5.25
1998-11-13,4.36,4.54,4.53,4.78,4.82,5.26
1998-11-16,4.41,4.56,4.55,4.79,4.85,5.28
1998-11-17,4.31,4.58,4.57,4.8,4.87,5.3
1998-11-18,4.33,4.63,4.58,4.78,4.85,5.25
1998-11-19,4.35,4.66,4.63,4.81,4.85,5.25
1998-11-20,4.35,4.66,4.6,4.77,4.82,5.22
1998-11-23,4.48,4.63,4.6,4.79,4.84,5.25
1998-11-24,4.51,4.64,4.63,4.81,4.85,5.23
1998-11-25,4.46,4.66,4.63,4.81,4.83,5.19
1998-11-27,4.44,4.62,4.6,4.8,4.81,5.16
1998-11-30,4.42,4.54,4.51,4.7,4.74,5.08
1998-12-01,4.38,4.44,4.43,4.63,4.67,5.06
1998-12-02,4.37,4.36,4.31,4.54,4.59,5.03
1998-12-03,4.34,4.36,4.31,4.54,4.58,5.02
1998-12-04,4.37,4.46,4.38,4.61,4.62,5.05
1998-12-07,4.4,4.54,4.47,4.7,4.69,5.05
1998-12-08,4.32,4.46,4.4,4.61,4.6,5
1998-12-09,4.32,4.42,4.37,4.56,4.56,4.97
1998-12-10,4.37,4.39,4.33,4.51,4.53,4.95
1998-12-11,4.39,4.46,4.39,4.59,4.61,5.02
1998-12-14,4.4,4.42,4.35,4.56,4.58,4.99
1998-12-15,4.38,4.47,4.39,4.62,4.62,5.03
1998-12-16,4.35,4.4,4.34,4.54,4.58,5.01
1998-12-17,4.35,4.42,4.34,4.57,4.58,5.01
1998-12-18,4.38,4.45,4.38,4.58,4.58,5.01
1998-12-21,4.42,4.56,4.45,4.66,4.64,5.07
1998-12-22,4.39,4.59,4.5,4.72,4.7,5.13
1998-12-23,4.47,4.73,4.65,4.84,4.81,5.2
1998-12-24,4.46,4.78,4.74,4.89,4.86,5.23
1998-12-28,4.45,4.73,4.66,4.82,4.78,5.17
1998-12-29,4.48,4.6,4.6,4.75,4.71,5.12
1998-12-30,4.44,4.56,4.55,4.71,4.65,5.09
1998-12-31,4.37,4.54,4.56,4.73,4.65,5.09
1999-01-04,4.38,4.58,4.57,4.75,4.69,5.15
1999-01-05,4.37,4.64,4.62,4.8,4.74,5.21
1999-01-06,4.36,4.62,4.61,4.76,4.73,5.17
1999-01-07,4.33,4.63,4.62,4.82,4.77,5.23
1999-01-08,4.37,4.71,4.72,4.92,4.86,5.26
1999-01-11,4.39,4.74,4.76,4.95,4.9,5.29
1999-01-12,4.37,4.68,4.68,4.89,4.82,5.23
1999-01-13,4.34,4.61,4.6,4.84,4.74,5.16
1999-01-14,4.33,4.47,4.48,4.73,4.63,5.07
1999-01-15,4.33,4.56,4.54,4.76,4.66,5.1
1999-01-19,4.29,4.62,4.6,4.82,4.71,5.14
1999-01-20,4.26,4.66,4.65,4.86,4.76,5.18
1999-01-21,4.22,4.63,4.6,4.79,4.7,5.14
1999-01-22,4.26,4.59,4.54,4.73,4.64,5.09
1999-01-25,4.31,4.59,4.55,4.74,4.67,5.12
1999-01-26,4.35,4.63,4.58,4.76,4.69,5.12
1999-01-27,4.36,4.57,4.57,4.74,4.68,5.14
1999-01-28,4.38,4.58,4.57,4.73,4.67,5.11
1999-01-29,4.37,4.58,4.55,4.72,4.66,5.09
1999-02-01,4.42,4.65,4.65,4.82,4.75,5.19
1999-02-02,4.42,4.7,4.7,4.87,4.79,5.24
1999-02-03,4.37,4.72,4.74,4.91,4.83,5.25
1999-02-04,4.38,4.77,4.82,5,4.89,5.3
1999-02-05,4.39,4.8,4.88,5.04,4.94,5.34
1999-02-08,4.4,4.8,4.86,5.03,4.94,5.35
1999-02-09,4.42,4.79,4.78,4.99,4.91,5.33
1999-02-10,4.37,4.77,4.79,4.99,4.9,5.34
1999-02-11,4.39,4.8,4.83,5.01,4.93,5.29
1999-02-12,4.43,4.91,4.96,5.18,5.06,5.42
1999-02-16,4.41,4.93,4.96,5.14,5.03,5.35
1999-02-17,4.41,4.89,4.91,5.09,4.98,5.32
1999-02-18,4.42,4.93,4.96,5.16,5.04,5.37
1999-02-19,4.45,4.95,4.99,5.19,5.07,5.38
1999-02-22,4.5,4.91,4.95,5.14,5.03,5.36
1999-02-23,4.54,5,5.04,5.2,5.1,5.42
1999-02-24,4.55,5.05,5.12,5.29,5.18,5.51
1999-02-25,4.51,5.15,5.23,5.43,5.32,5.61
1999-02-26,4.55,5.13,5.21,5.39,5.29,5.57
1999-03-01,4.58,5.2,5.32,5.49,5.4,5.67
1999-03-02,4.53,5.18,5.27,5.44,5.35,5.63
1999-03-03,4.49,5.19,5.29,5.48,5.39,5.68
1999-03-04,4.49,5.2,5.32,5.52,5.41,5.69
1999-03-05,4.5,5.14,5.24,5.44,5.34,5.6
1999-03-08,4.51,5.12,5.21,5.42,5.29,5.6
1999-03-09,4.47,5.02,5.11,5.33,5.18,5.54
1999-03-10,4.47,5.04,5.13,5.35,5.2,5.56
1999-03-11,4.49,5.05,5.13,5.35,5.21,5.57
1999-03-12,4.47,5,5.08,5.31,5.16,5.54
1999-03-15,4.46,4.99,5.07,5.29,5.15,5.51
1999-03-16,4.43,4.97,5.03,5.24,5.11,5.48
1999-03-17,4.41,5.01,5.05,5.27,5.14,5.51
1999-03-18,4.39,4.99,5.02,5.24,5.11,5.49
1999-03-19,4.39,5.04,5.07,5.31,5.17,5.53
1999-03-22,4.4,5.08,5.13,5.34,5.21,5.57
1999-03-23,4.38,5.03,5.11,5.34,5.2,5.57
1999-03-24,4.38,4.98,5.07,5.3,5.17,5.54
1999-03-25,4.39,5.02,5.12,5.35,5.21,5.59
1999-03-26,4.39,4.99,5.1,5.35,5.21,5.61
1999-03-29,4.39,5.02,5.15,5.4,5.28,5.65
1999-03-30,4.36,4.97,5.09,5.34,5.21,5.59
1999-03-31,4.37,4.99,5.12,5.38,5.25,5.63
1999-04-01,4.32,5.01,5.15,5.4,5.27,5.67
1999-04-02,4.31,4.96,5.07,5.31,5.2,5.59
1999-04-05,4.29,4.96,5.07,5.33,5.2,5.59
1999-04-06,4.3,4.93,5.01,5.26,5.13,5.52
1999-04-07,4.3,4.93,5.04,5.26,5.14,5.51
1999-04-08,4.28,4.86,4.94,5.16,5.03,5.44
1999-04-09,4.3,4.88,4.96,5.17,5.05,5.46
1999-04-12,4.22,4.93,4.98,5.17,5.06,5.45
1999-04-13,4.2,4.94,5.02,5.23,5.12,5.5
1999-04-14,4.18,4.95,5.04,5.24,5.13,5.51
1999-04-15,4.2,4.97,5.08,5.27,5.18,5.53
1999-04-16,4.22,5.02,5.13,5.32,5.23,5.57
1999-04-19,4.22,4.99,5.08,5.27,5.18,5.55
1999-04-20,4.26,4.95,5.06,5.25,5.16,5.52
1999-04-21,4.24,4.99,5.07,5.24,5.17,5.52
1999-04-22,4.28,5.05,5.15,5.34,5.25,5.61
1999-04-23,4.31,5.04,5.15,5.34,5.26,5.6
1999-04-26,4.35,5.04,5.14,5.31,5.23,5.57
1999-04-27,4.38,5.04,5.12,5.29,5.22,5.55
1999-04-28,4.39,5.02,5.16,5.32,5.27,5.58
1999-04-29,4.39,4.95,5.09,5.26,5.22,5.53
1999-04-30,4.43,5.08,5.24,5.42,5.36,5.68
1999-05-03,4.47,5.08,5.25,5.44,5.38,5.67
1999-05-04,4.5,5.12,5.3,5.48,5.42,5.72
1999-05-05,4.48,5.09,5.27,5.46,5.4,5.71
1999-05-06,4.49,5.19,5.39,5.57,5.52,5.8
1999-05-07,4.49,5.19,5.4,5.6,5.54,5.82
1999-05-10,4.47,5.15,5.38,5.58,5.54,5.79
1999-05-11,4.49,5.19,5.4,5.63,5.59,5.85
1999-05-12,4.47,5.19,5.39,5.6,5.51,5.83
1999-05-13,4.46,5.12,5.29,5.48,5.41,5.75
1999-05-14,4.51,5.3,5.48,5.71,5.62,5.92
1999-05-17,4.55,5.31,5.53,5.75,5.66,5.91
1999-05-18,4.53,5.38,5.58,5.79,5.68,5.9
1999-05-19,4.5,5.37,5.54,5.72,5.6,5.81
1999-05-20,4.48,5.35,5.53,5.74,5.6,5.83
1999-05-21,4.48,5.3,5.46,5.67,5.52,5.78
1999-05-24,4.51,5.28,5.43,5.65,5.5,5.77
1999-05-25,4.51,5.3,5.44,5.66,5.49,5.76
1999-05-26,4.53,5.33,5.49,5.72,5.55,5.8
1999-05-27,4.52,5.43,5.59,5.81,5.62,5.85
1999-05-28,4.53,5.42,5.6,5.83,5.64,5.84
1999-06-01,4.56,5.54,5.74,5.99,5.78,5.94
1999-06-02,4.61,5.55,5.75,5.98,5.8,5.94
1999-06-03,4.52,5.54,5.75,5.95,5.8,5.96
1999-06-04,4.44,5.56,5.75,5.97,5.82,5.97
1999-06-07,4.4,5.56,5.73,5.96,5.81,5.97
1999-06-08,4.49,5.57,5.74,5.97,5.83,6
1999-06-09,4.47,5.61,5.79,6.02,5.87,6.02
1999-06-10,4.54,5.66,5.85,6.07,5.92,6.05
1999-06-11,4.6,5.7,5.92,6.17,6.02,6.13
1999-06-14,4.57,5.66,5.89,6.12,5.98,6.11
1999-06-15,4.61,5.66,5.87,6.12,5.98,6.11
1999-06-16,4.54,5.61,5.84,6.09,5.94,6.08
1999-06-17,4.51,5.49,5.67,5.92,5.79,5.95
1999-06-18,4.55,5.56,5.75,5.95,5.84,5.98
1999-06-21,4.57,5.62,5.81,6.04,5.9,6.03
1999-06-22,4.6,5.65,5.84,6.08,5.94,6.07
1999-06-23,4.6,5.7,5.9,6.15,6,6.13
1999-06-24,4.6,5.75,5.93,6.2,6.05,6.17
1999-06-25,4.66,5.73,5.91,6.18,6.02,6.16
1999-06-28,4.68,5.68,5.86,6.11,5.96,6.1
1999-06-29,4.7,5.68,5.84,6.08,5.93,6.07
1999-06-30,4.65,5.53,5.67,5.93,5.81,5.98
1999-07-01,4.55,5.58,5.73,5.98,5.85,6.02
1999-07-02,4.55,5.58,5.7,5.96,5.82,6
1999-07-06,4.53,5.64,5.77,6.02,5.88,6.05
1999-07-07,4.54,5.64,5.79,6.05,5.92,6.08
1999-07-08,4.55,5.59,5.72,5.98,5.85,6.01
1999-07-09,4.56,5.61,5.72,5.99,5.84,6.01
1999-07-12,4.57,5.53,5.62,5.89,5.74,5.92
1999-07-13,4.58,5.5,5.6,5.86,5.71,5.9
1999-07-14,4.59,5.55,5.63,5.89,5.74,5.92
1999-07-15,4.57,5.53,5.63,5.88,5.72,5.91
1999-07-16,4.55,5.5,5.57,5.83,5.68,5.9
1999-07-19,4.52,5.46,5.56,5.82,5.66,5.9
1999-07-20,4.51,5.43,5.54,5.8,5.65,5.89
1999-07-21,4.46,5.45,5.55,5.81,5.66,5.91
1999-07-22,4.48,5.52,5.66,5.94,5.78,5.97
1999-07-23,4.52,5.58,5.72,6,5.84,6.02
1999-07-26,4.58,5.61,5.73,6.02,5.86,6.04
1999-07-27,4.57,5.56,5.7,5.98,5.82,6.01
1999-07-28,4.58,5.54,5.7,5.97,5.81,6.01
1999-07-29,4.59,5.62,5.79,6.06,5.88,6.07
1999-07-30,4.62,5.63,5.82,6.1,5.92,6.11
1999-08-02,4.65,5.65,5.85,6.11,5.92,6.13
1999-08-03,4.7,5.65,5.86,6.13,5.95,6.15
1999-08-04,4.65,5.64,5.86,6.13,5.96,6.12
1999-08-05,4.61,5.55,5.77,6.07,5.88,6.05
1999-08-06,4.66,5.69,5.94,6.24,6.02,6.16
1999-08-09,4.76,5.79,6.04,6.33,6.13,6.23
1999-08-10,4.81,5.79,6,6.37,6.16,6.25
1999-08-11,4.77,5.76,5.96,6.32,6.05,6.22
1999-08-12,4.66,5.78,5.97,6.33,6.08,6.18
1999-08-13,4.6,5.71,5.88,6.21,5.98,6.09
1999-08-16,4.62,5.75,5.88,6.19,5.98,6.1
1999-08-17,4.69,5.68,5.8,6.1,5.89,6.02
1999-08-18,4.63,5.66,5.79,6.09,5.88,6.01
1999-08-19,4.62,5.66,5.81,6.12,5.9,6.03
1999-08-20,4.7,5.65,5.79,6.1,5.88,5.99
1999-08-23,4.78,5.66,5.79,6.11,5.89,5.98
1999-08-24,4.85,5.65,5.73,6.06,5.85,5.95
1999-08-25,4.79,5.53,5.63,5.94,5.73,5.87
1999-08-26,4.79,5.56,5.67,5.96,5.75,5.88
1999-08-27,4.84,5.65,5.75,6.05,5.85,5.96
1999-08-30,4.85,5.73,5.86,6.16,5.95,6.07
1999-08-31,4.84,5.73,5.88,6.2,5.98,6.07
1999-09-01,4.83,5.74,5.88,6.2,5.99,6.08
1999-09-02,4.78,5.74,5.9,6.23,6.03,6.15
1999-09-03,4.78,5.64,5.78,6.12,5.89,6.03
1999-09-07,4.69,5.69,5.83,6.17,5.95,6.07
1999-09-08,4.69,5.67,5.82,6.15,5.93,6.07
1999-09-09,4.68,5.71,5.85,6.19,5.97,6.1
1999-09-10,4.62,5.64,5.78,6.1,5.89,6.03
1999-09-13,4.64,5.66,5.8,6.12,5.92,6.06
1999-09-14,4.69,5.71,5.85,6.18,5.96,6.11
1999-09-15,4.62,5.67,5.81,6.14,5.94,6.11
1999-09-16,4.57,5.63,5.77,6.09,5.9,6.08
1999-09-17,4.54,5.63,5.76,6.06,5.87,6.05
1999-09-20,4.56,5.67,5.81,6.11,5.91,6.08
1999-09-21,4.66,5.67,5.83,6.14,5.94,6.1
1999-09-22,4.69,5.67,5.81,6.12,5.92,6.1
1999-09-23,4.69,5.63,5.76,6.06,5.87,6.05
1999-09-24,4.65,5.55,5.65,5.94,5.75,5.95
1999-09-27,4.68,5.62,5.73,6.01,5.83,6.02
1999-09-28,4.71,5.65,5.78,6.09,5.89,6.07
1999-09-29,4.69,5.68,5.86,6.18,5.97,6.13
1999-09-30,4.74,5.63,5.78,6.1,5.9,6.06
1999-10-01,4.74,5.73,5.9,6.22,6,6.15
1999-10-04,4.69,5.7,5.85,6.15,5.95,6.1
1999-10-05,4.72,5.78,5.94,6.24,6.02,6.17
1999-10-06,4.68,5.81,5.98,6.27,6.04,6.17
1999-10-07,4.7,5.82,5.99,6.28,6.05,6.19
1999-10-08,4.68,5.8,5.97,6.27,6.04,6.2
1999-10-12,4.73,5.82,5.99,6.29,6.07,6.23
1999-10-13,4.84,5.87,6.04,6.35,6.12,6.29
1999-10-14,4.88,5.9,6.09,6.41,6.17,6.32
1999-10-15,4.9,5.82,5.99,6.33,6.09,6.26
1999-10-18,4.94,5.85,6.03,6.34,6.12,6.3
1999-10-19,5,5.92,6.09,6.39,6.18,6.35
1999-10-20,5,5.94,6.11,6.41,6.19,6.34
1999-10-21,4.99,5.93,6.11,6.43,6.2,6.36
1999-10-22,4.92,5.96,6.13,6.43,6.21,6.36
1999-10-25,4.89,5.98,6.14,6.44,6.22,6.36
1999-10-26,5,6.02,6.17,6.46,6.24,6.38
1999-10-27,4.99,5.94,6.13,6.39,6.19,6.33
1999-10-28,4.96,5.87,6.05,6.3,6.12,6.25
1999-10-29,4.97,5.79,5.97,6.19,6.02,6.16
1999-11-01,4.98,5.83,6,6.23,6.06,6.19
1999-11-02,4.99,5.81,5.98,6.2,6.04,6.15
1999-11-03,4.97,5.79,5.97,6.18,6.01,6.14
1999-11-04,4.95,5.74,5.91,6.11,5.95,6.09
1999-11-05,4.99,5.72,5.88,6.07,5.92,6.05
1999-11-08,5.04,5.74,5.9,6.08,5.95,6.06
1999-11-09,5.04,5.77,5.87,6.1,5.97,6.07
1999-11-10,5.05,5.81,5.9,6.14,6,6.09
1999-11-12,5.08,5.78,5.85,6.06,5.93,6.03
1999-11-15,5.12,5.79,5.87,6.07,5.94,6.04
1999-11-16,5.14,5.85,5.91,6.1,5.97,6.06
1999-11-17,5.09,5.9,5.98,6.18,6.04,6.13
1999-11-18,5.08,5.9,5.99,6.2,6.06,6.17
1999-11-19,5.08,5.92,6,6.21,6.07,6.17
1999-11-22,5.08,5.95,6.02,6.23,6.09,6.2
1999-11-23,5.13,5.93,6.02,6.23,6.08,6.2
1999-11-24,5.14,5.97,6.02,6.22,6.09,6.22
1999-11-26,5.14,5.99,6.06,6.25,6.12,6.24
1999-11-29,5.17,6.04,6.14,6.32,6.21,6.31
1999-11-30,5.15,6.01,6.11,6.28,6.18,6.29
1999-12-01,5.12,6.04,6.14,6.32,6.21,6.3
1999-12-02,5.1,6.06,6.16,6.35,6.24,6.31
1999-12-03,5.1,5.99,6.08,6.27,6.17,6.27
1999-12-06,5.09,5.98,6.07,6.24,6.16,6.25
1999-12-07,5.07,5.95,6.03,6.2,6.11,6.21
1999-12-08,5.07,5.98,6.06,6.24,6.15,6.23
1999-12-09,5.1,5.96,6.03,6.22,6.14,6.22
1999-12-10,5.14,5.93,5.98,6.15,6.08,6.17
1999-12-13,5.22,5.96,6.01,6.18,6.11,6.2
1999-12-14,5.23,6.07,6.12,6.3,6.22,6.31
1999-12-15,5.19,6.1,6.14,6.34,6.25,6.34
1999-12-16,5.23,6.15,6.2,6.41,6.31,6.39
1999-12-17,5.28,6.15,6.22,6.42,6.3,6.38
1999-12-20,5.39,6.21,6.28,6.49,6.36,6.44
1999-12-21,5.42,6.21,6.29,6.5,6.38,6.46
1999-12-22,5.39,6.24,6.31,6.52,6.39,6.47
1999-12-23,5.31,6.24,6.33,6.54,6.41,6.48
1999-12-27,5.3,6.21,6.32,6.52,6.4,6.46
1999-12-28,5.25,6.23,6.35,6.55,6.43,6.48
1999-12-29,5.08,6.21,6.32,6.5,6.4,6.45
1999-12-30,5.07,6.19,6.3,6.48,6.39,6.43
1999-12-31,5.17,6.24,6.36,6.55,6.45,6.48
2000-01-03,5.27,6.38,6.5,6.65,6.58,6.61
2000-01-04,5.27,6.3,6.4,6.56,6.49,6.53
2000-01-05,5.28,6.38,6.51,6.68,6.62,6.64
2000-01-06,5.25,6.35,6.46,6.63,6.57,6.58
2000-01-07,5.22,6.31,6.42,6.58,6.52,6.55
2000-01-10,5.24,6.38,6.49,6.62,6.57,6.59
2000-01-11,5.27,6.45,6.57,6.72,6.67,6.68
2000-01-12,5.29,6.49,6.63,6.76,6.72,6.71
2000-01-13,5.25,6.4,6.54,6.67,6.63,6.65
2000-01-14,5.25,6.44,6.59,6.71,6.69,6.69
2000-01-18,5.24,6.47,6.65,6.78,6.75,6.75
2000-01-19,5.35,6.46,6.62,6.75,6.73,6.72
2000-01-20,5.32,6.49,6.67,6.8,6.79,6.74
2000-01-21,5.31,6.48,6.67,6.8,6.79,6.71
2000-01-24,5.32,6.43,6.59,6.71,6.69,6.65
2000-01-25,5.4,6.44,6.6,6.72,6.7,6.64
2000-01-26,5.41,6.45,6.62,6.72,6.69,6.6
2000-01-27,5.42,6.51,6.67,6.72,6.68,6.53
2000-01-28,5.48,6.58,6.68,6.72,6.66,6.45
2000-01-31,5.53,6.61,6.71,6.75,6.68,6.49
2000-02-01,5.54,6.6,6.68,6.71,6.62,6.43
2000-02-02,5.49,6.63,6.69,6.71,6.6,6.32
2000-02-03,5.46,6.56,6.56,6.63,6.49,6.17
2000-02-04,5.5,6.63,6.64,6.68,6.53,6.23
2000-02-07,5.47,6.68,6.76,6.8,6.64,6.34
2000-02-08,5.52,6.69,6.74,6.73,6.59,6.22
2000-02-09,5.49,6.69,6.77,6.78,6.56,6.32
2000-02-10,5.5,6.67,6.78,6.87,6.67,6.35
2000-02-11,5.49,6.65,6.77,6.81,6.63,6.29
2000-02-14,5.47,6.62,6.72,6.74,6.56,6.22
2000-02-15,5.58,6.66,6.74,6.76,6.56,6.26
2000-02-16,5.56,6.63,6.75,6.77,6.56,6.27
2000-02-17,5.57,6.69,6.76,6.81,6.58,6.23
2000-02-18,5.58,6.66,6.72,6.72,6.49,6.16
2000-02-22,5.6,6.57,6.62,6.6,6.36,6.08
2000-02-23,5.64,6.61,6.66,6.7,6.44,6.14
2000-02-24,5.63,6.52,6.56,6.61,6.36,6.13
2000-02-25,5.62,6.45,6.5,6.61,6.36,6.17
2000-02-28,5.63,6.47,6.53,6.62,6.37,6.16
2000-02-29,5.62,6.53,6.61,6.67,6.42,6.15
2000-03-01,5.6,6.52,6.59,6.63,6.39,6.16
2000-03-02,5.6,6.52,6.59,6.64,6.4,6.15
2000-03-03,5.63,6.5,6.6,6.62,6.39,6.13
2000-03-06,5.66,6.55,6.64,6.65,6.42,6.16
2000-03-07,5.67,6.48,6.6,6.62,6.39,6.16
2000-03-08,5.67,6.5,6.59,6.61,6.38,6.17
2000-03-09,5.66,6.48,6.56,6.59,6.35,6.16
2000-03-10,5.7,6.55,6.61,6.63,6.39,6.19
2000-03-13,5.71,6.52,6.57,6.6,6.36,6.17
2000-03-14,5.71,6.48,6.52,6.55,6.31,6.11
2000-03-15,5.69,6.5,6.5,6.52,6.29,6.07
2000-03-16,5.7,6.5,6.47,6.48,6.26,6.05
2000-03-17,5.72,6.5,6.45,6.43,6.2,6.01
2000-03-20,5.74,6.52,6.45,6.44,6.18,5.99
2000-03-21,5.74,6.5,6.44,6.39,6.13,5.97
2000-03-22,5.74,6.5,6.41,6.41,6.13,5.97
2000-03-23,5.73,6.52,6.39,6.37,6.08,5.92
2000-03-24,5.74,6.64,6.51,6.49,6.2,6
2000-03-27,5.69,6.66,6.51,6.49,6.21,5.99
2000-03-28,5.72,6.6,6.46,6.45,6.17,5.98
2000-03-29,5.73,6.59,6.46,6.45,6.18,5.99
2000-03-30,5.71,6.52,6.35,6.31,6.06,5.89
2000-03-31,5.72,6.5,6.32,6.28,6.03,5.84
2000-04-03,5.69,6.45,6.3,6.25,6,5.84
2000-04-04,5.67,6.35,6.16,6.15,5.9,5.77
2000-04-05,5.7,6.35,6.17,6.16,5.9,5.81
2000-04-06,5.72,6.38,6.2,6.19,5.93,5.8
2000-04-07,5.73,6.38,6.18,6.13,5.86,5.71
2000-04-10,5.7,6.31,6.11,6.08,5.8,5.69
2000-04-11,5.67,6.36,6.19,6.2,5.89,5.77
2000-04-12,5.67,6.4,6.27,6.29,5.97,5.84
2000-04-13,5.65,6.4,6.24,6.25,5.94,5.81
2000-04-14,5.65,6.27,6.11,6.16,5.85,5.79
2000-04-17,5.65,6.33,6.23,6.31,6.01,5.92
2000-04-18,5.65,6.33,6.27,6.33,6.05,5.92
2000-04-19,5.65,6.33,6.23,6.26,5.99,5.85
2000-04-20,5.63,6.38,6.24,6.25,5.99,5.83
2000-04-24,5.61,6.36,6.23,6.25,6,5.86
2000-04-25,5.63,6.48,6.39,6.4,6.14,5.95
2000-04-26,5.59,6.5,6.4,6.4,6.14,5.95
2000-04-27,5.59,6.63,6.51,6.5,6.23,6
2000-04-28,5.66,6.68,6.56,6.49,6.23,5.97
2000-05-01,5.67,6.73,6.59,6.55,6.29,5.98
2000-05-02,5.75,6.72,6.6,6.58,6.32,6.03
2000-05-03,5.74,6.73,6.66,6.66,6.4,6.11
2000-05-04,5.73,6.77,6.7,6.71,6.46,6.19
2000-05-05,5.79,6.84,6.77,6.75,6.51,6.2
2000-05-08,5.87,6.87,6.83,6.82,6.57,6.25
2000-05-09,5.96,6.86,6.75,6.77,6.53,6.22
2000-05-10,5.96,6.84,6.69,6.7,6.47,6.18
2000-05-11,5.96,6.82,6.67,6.68,6.43,6.16
2000-05-12,5.96,6.91,6.76,6.77,6.51,6.2
2000-05-15,5.94,6.88,6.73,6.72,6.47,6.17
2000-05-16,6.02,6.89,6.72,6.69,6.43,6.12
2000-05-17,5.88,6.9,6.74,6.74,6.48,6.18
2000-05-18,5.75,6.93,6.79,6.83,6.56,6.24
2000-05-19,5.71,6.86,6.71,6.76,6.51,6.22
2000-05-22,5.71,6.81,6.66,6.69,6.44,6.18
2000-05-23,5.84,6.83,6.68,6.7,6.45,6.17
2000-05-24,5.75,6.79,6.71,6.72,6.47,6.19
2000-05-25,5.68,6.71,6.64,6.63,6.39,6.11
2000-05-26,5.65,6.69,6.57,6.57,6.33,6.06
2000-05-30,5.6,6.74,6.62,6.61,6.38,6.09
2000-05-31,5.48,6.69,6.54,6.52,6.29,6.02
2000-06-01,5.57,6.61,6.44,6.44,6.2,5.95
2000-06-02,5.7,6.52,6.37,6.39,6.15,5.94
2000-06-05,5.72,6.49,6.33,6.36,6.12,5.91
2000-06-06,5.82,6.51,6.35,6.37,6.14,5.91
2000-06-07,5.75,6.52,6.35,6.35,6.13,5.89
2000-06-08,5.74,6.56,6.37,6.36,6.13,5.89
2000-06-09,5.75,6.56,6.36,6.36,6.13,5.89
2000-06-12,5.69,6.52,6.33,6.32,6.09,5.88
2000-06-13,5.72,6.49,6.32,6.35,6.11,5.94
2000-06-14,5.66,6.44,6.26,6.28,6.06,5.91
2000-06-15,5.67,6.44,6.26,6.27,6.05,5.93
2000-06-16,5.66,6.38,6.19,6.21,5.99,5.88
2000-06-19,5.64,6.4,6.2,6.23,6,5.89
2000-06-20,5.63,6.43,6.23,6.26,6.03,5.9
2000-06-21,5.65,6.5,6.32,6.35,6.11,5.96
2000-06-22,5.67,6.5,6.32,6.35,6.12,5.98
2000-06-23,5.69,6.55,6.37,6.42,6.19,6.04
2000-06-26,5.66,6.5,6.29,6.34,6.11,5.99
2000-06-27,5.67,6.5,6.29,6.33,6.1,5.95
2000-06-28,5.65,6.43,6.28,6.33,6.11,5.97
2000-06-29,5.68,6.37,6.21,6.27,6.04,5.88
2000-06-30,5.71,6.38,6.18,6.25,6.03,5.9
2000-07-03,5.75,6.31,6.12,6.19,6,5.87
2000-07-05,5.82,6.29,6.12,6.18,5.99,5.86
2000-07-06,5.85,6.34,6.16,6.24,6.05,5.91
2000-07-07,5.87,6.29,6.11,6.17,6.01,5.87
2000-07-10,5.9,6.31,6.13,6.21,6.04,5.88
2000-07-11,5.93,6.32,6.16,6.22,6.06,5.89
2000-07-12,5.99,6.34,6.2,6.26,6.09,5.89
2000-07-13,6,6.31,6.15,6.17,6.01,5.81
2000-07-14,5.99,6.41,6.25,6.29,6.1,5.88
2000-07-17,5.98,6.46,6.31,6.35,6.17,5.93
2000-07-18,5.98,6.44,6.3,6.34,6.16,5.92
2000-07-19,6,6.46,6.31,6.35,6.16,5.92
2000-07-20,6,6.32,6.15,6.18,6.01,5.81
2000-07-21,5.95,6.32,6.14,6.17,6.01,5.79
2000-07-24,5.98,6.35,6.18,6.21,6.04,5.81
2000-07-25,6.02,6.35,6.17,6.2,6.04,5.81
2000-07-26,6,6.29,6.16,6.19,6.04,5.82
2000-07-27,6.04,6.27,6.14,6.17,6.02,5.78
2000-07-28,6.02,6.3,6.16,6.19,6.04,5.78
2000-07-31,6.03,6.3,6.16,6.19,6.04,5.79
2000-08-01,6.07,6.27,6.12,6.14,6,5.74
2000-08-02,6.07,6.23,6.09,6.1,5.98,5.77
2000-08-03,6.05,6.22,6.07,6.08,5.95,5.74
2000-08-04,6.05,6.15,6.02,6.03,5.91,5.72
2000-08-07,6.06,6.2,6.07,6.09,5.97,5.76
2000-08-08,6.08,6.16,6.03,6.04,5.93,5.73
2000-08-09,6.07,6.18,6.03,6.03,5.81,5.73
2000-08-10,6.07,6.16,6,6,5.76,5.68
2000-08-11,6.11,6.25,6.07,6.06,5.79,5.72
2000-08-14,6.09,6.25,6.07,6.05,5.78,5.7
2000-08-15,6.1,6.28,6.11,6.08,5.81,5.72
2000-08-16,6.09,6.3,6.13,6.1,5.83,5.73
2000-08-17,6.09,6.3,6.13,6.09,5.81,5.72
2000-08-18,6.09,6.27,6.09,6.05,5.78,5.69
2000-08-21,6.09,6.28,6.1,6.06,5.79,5.71
2000-08-22,6.1,6.27,6.07,6.05,5.78,5.71
2000-08-23,6.11,6.2,6.02,5.99,5.73,5.68
2000-08-24,6.11,6.19,6,5.98,5.73,5.67
2000-08-25,6.13,6.19,6,5.98,5.73,5.67
2000-08-28,6.14,6.23,6.05,6.04,5.78,5.72
2000-08-29,6.13,6.26,6.08,6.07,5.81,5.75
2000-08-30,6.14,6.24,6.07,6.07,5.81,5.74
2000-08-31,6.13,6.18,5.98,5.98,5.73,5.67
2000-09-01,6.09,6.09,5.92,5.91,5.68,5.67
2000-09-05,6.07,6.09,5.92,5.91,5.69,5.67
2000-09-06,6.03,6.11,5.95,5.96,5.72,5.71
2000-09-07,6.02,6.14,5.97,5.99,5.76,5.72
2000-09-08,5.97,6.11,5.95,5.97,5.73,5.7
2000-09-11,5.95,6.12,5.97,6,5.77,5.73
2000-09-12,5.92,6.12,5.97,6,5.78,5.76
2000-09-13,5.92,6.09,5.94,5.95,5.74,5.73
2000-09-14,5.97,6.11,5.96,5.99,5.79,5.81
2000-09-15,5.97,6.07,5.93,6.02,5.84,5.9
2000-09-18,5.97,6.04,5.93,6.03,5.88,5.96
2000-09-19,5.99,6.05,5.93,6.01,5.86,5.92
2000-09-20,5.98,6.11,5.98,6.06,5.91,5.97
2000-09-21,5.98,6.11,5.96,6.03,5.88,5.93
2000-09-22,5.99,6.09,5.93,5.99,5.85,5.92
2000-09-25,5.99,6.11,5.94,5.99,5.84,5.9
2000-09-26,6,6.07,5.9,5.95,5.81,5.86
2000-09-27,6.02,6,5.89,5.96,5.83,5.9
2000-09-28,6.07,6.02,5.9,5.96,5.82,5.89
2000-09-29,6.05,5.98,5.85,5.93,5.8,5.88
2000-10-02,6.03,5.98,5.86,5.95,5.83,5.93
2000-10-03,6.06,6,5.88,5.99,5.87,5.94
2000-10-04,6.06,6.03,5.94,6.01,5.9,5.95
2000-10-05,6.07,6.02,5.92,5.98,5.87,5.91
2000-10-06,6.06,5.98,5.88,5.92,5.82,5.85
2000-10-10,6.05,5.98,5.86,5.91,5.8,5.83
2000-10-11,6.05,5.93,5.82,5.88,5.77,5.83
2000-10-12,6.01,5.86,5.74,5.82,5.73,5.82
2000-10-13,6.02,5.84,5.73,5.82,5.73,5.8
2000-10-16,6.06,5.89,5.77,5.84,5.74,5.81
2000-10-17,6.12,5.83,5.68,5.77,5.68,5.77
2000-10-18,6.12,5.82,5.68,5.76,5.66,5.77
2000-10-19,6.14,5.86,5.69,5.76,5.66,5.76
2000-10-20,6.13,5.84,5.69,5.73,5.64,5.73
2000-10-23,6.16,5.82,5.66,5.67,5.59,5.68
2000-10-24,6.17,5.86,5.7,5.71,5.63,5.71
2000-10-25,6.2,5.87,5.74,5.76,5.67,5.75
2000-10-26,6.18,5.9,5.75,5.77,5.69,5.74
2000-10-27,6.17,5.94,5.79,5.82,5.72,5.74
2000-10-30,6.19,5.97,5.83,5.84,5.74,5.76
2000-10-31,6.19,5.94,5.83,5.87,5.77,5.79
2000-11-01,6.18,5.88,5.79,5.83,5.74,5.78
2000-11-02,6.19,5.87,5.78,5.82,5.74,5.79
2000-11-03,6.2,5.94,5.86,5.91,5.83,5.86
2000-11-06,6.24,5.99,5.91,5.96,5.87,5.89
2000-11-07,6.23,5.99,5.84,5.96,5.87,5.9
2000-11-08,6.22,5.99,5.83,5.95,5.87,5.89
2000-11-09,6.21,5.94,5.76,5.89,5.82,5.85
2000-11-10,6.19,5.92,5.76,5.87,5.82,5.88
2000-11-13,6.19,5.9,5.72,5.84,5.77,5.85
2000-11-14,6.18,5.92,5.72,5.81,5.76,5.81
2000-11-15,6.19,5.9,5.69,5.78,5.72,5.77
2000-11-16,6.17,5.87,5.66,5.74,5.68,5.75
2000-11-17,6.17,5.88,5.67,5.76,5.71,5.78
2000-11-20,6.18,5.87,5.65,5.73,5.68,5.76
2000-11-21,6.18,5.86,5.65,5.73,5.67,5.74
2000-11-22,6.18,5.85,5.6,5.68,5.62,5.68
2000-11-24,6.18,5.86,5.63,5.7,5.63,5.67
2000-11-27,6.14,5.86,5.63,5.71,5.64,5.71
2000-11-28,6.1,5.79,5.57,5.64,5.59,5.67
2000-11-29,6.06,5.69,5.51,5.6,5.55,5.66
2000-11-30,6.03,5.61,5.42,5.5,5.48,5.6
2000-12-01,6.05,5.62,5.46,5.56,5.52,5.64
2000-12-04,6,5.59,5.45,5.56,5.53,5.66
2000-12-05,5.91,5.49,5.36,5.45,5.43,5.59
2000-12-06,5.92,5.42,5.26,5.33,5.32,5.52
2000-12-07,5.94,5.45,5.26,5.34,5.32,5.51
2000-12-08,5.92,5.5,5.32,5.39,5.35,5.55
2000-12-11,5.91,5.52,5.33,5.42,5.37,5.54
2000-12-12,5.89,5.54,5.33,5.42,5.36,5.53
2000-12-13,5.89,5.45,5.24,5.33,5.29,5.48
2000-12-14,5.89,5.43,5.19,5.28,5.23,5.45
2000-12-15,5.85,5.38,5.15,5.24,5.2,5.44
2000-12-18,5.78,5.33,5.1,5.19,5.17,5.44
2000-12-19,5.76,5.35,5.12,5.22,5.19,5.47
2000-12-20,5.66,5.24,5,5.13,5.08,5.42
2000-12-21,5.24,5.14,4.94,5.1,5.03,5.41
2000-12-22,5.13,5.1,4.93,5.07,5.02,5.4
2000-12-26,5.61,5.1,4.92,5.09,5.04,5.41
2000-12-27,5.59,5.1,4.99,5.17,5.11,5.45
2000-12-28,5.71,5.18,5.02,5.21,5.13,5.44
2000-12-29,5.73,5.11,4.99,5.16,5.12,5.46
2001-01-02,5.69,4.87,4.76,4.97,4.92,5.35
2001-01-03,5.53,4.92,4.94,5.18,5.14,5.49
2001-01-04,5.23,4.77,4.82,5.07,5.03,5.44
2001-01-05,4.99,4.56,4.66,4.93,4.93,5.41
2001-01-08,5.06,4.54,4.65,4.94,4.94,5.42
2001-01-09,5.1,4.64,4.73,4.98,4.98,5.43
2001-01-10,5.15,4.76,4.83,5.09,5.1,5.49
2001-01-11,5.17,4.77,4.85,5.12,5.14,5.55
2001-01-12,5.19,4.9,4.97,5.24,5.25,5.63
2001-01-16,5.22,4.89,4.96,5.22,5.24,5.6
2001-01-17,5.22,4.84,4.87,5.14,5.19,5.52
2001-01-18,5.14,4.72,4.74,5.06,5.12,5.47
2001-01-19,5.1,4.75,4.84,5.14,5.19,5.56
2001-01-22,5.11,4.75,4.87,5.19,5.25,5.61
2001-01-23,5.1,4.82,4.96,5.24,5.3,5.65
2001-01-24,5.14,4.81,4.98,5.27,5.33,5.67
2001-01-25,5.14,4.78,4.94,5.23,5.29,5.61
2001-01-26,5.04,4.78,4.93,5.23,5.29,5.64
2001-01-29,4.99,4.77,4.97,5.25,5.32,5.69
2001-01-30,4.89,4.7,4.91,5.17,5.24,5.59
2001-01-31,4.86,4.62,4.85,5.08,5.19,5.54
2001-02-01,4.87,4.55,4.78,5.01,5.1,5.46
2001-02-02,4.93,4.65,4.86,5.09,5.17,5.51
2001-02-05,4.96,4.68,4.88,5.09,5.18,5.48
2001-02-06,4.94,4.72,4.92,5.13,5.22,5.51
2001-02-07,4.94,4.7,4.91,5.12,5.1,5.52
2001-02-08,4.95,4.73,4.93,5.13,5.1,5.44
2001-02-09,4.93,4.67,4.85,5.05,5.03,5.38
2001-02-12,4.93,4.67,4.86,5.08,5.05,5.42
2001-02-13,4.92,4.75,4.9,5.11,5.07,5.43
2001-02-14,4.94,4.84,4.99,5.16,5.13,5.44
2001-02-15,4.95,4.89,5.06,5.23,5.19,5.5
2001-02-16,4.89,4.75,4.94,5.14,5.11,5.46
2001-02-20,4.92,4.73,4.94,5.13,5.11,5.46
2001-02-21,4.89,4.68,4.96,5.16,5.14,5.49
2001-02-22,4.88,4.63,4.94,5.16,5.15,5.52
2001-02-23,4.77,4.53,4.86,5.11,5.1,5.49
2001-02-26,4.71,4.46,4.81,5.05,5.05,5.45
2001-02-27,4.7,4.44,4.75,4.97,4.96,5.34
2001-02-28,4.73,4.41,4.7,4.93,4.92,5.34
2001-03-01,4.72,4.41,4.67,4.88,4.87,5.29
2001-03-02,4.72,4.48,4.75,4.98,4.95,5.38
2001-03-05,4.7,4.49,4.78,5,4.98,5.36
2001-03-06,4.67,4.49,4.78,5,4.99,5.38
2001-03-07,4.57,4.43,4.72,4.94,4.92,5.32
2001-03-08,4.56,4.43,4.7,4.9,4.89,5.3
2001-03-09,4.61,4.47,4.75,4.96,4.95,5.32
2001-03-12,4.54,4.46,4.72,4.94,4.92,5.31
2001-03-13,4.54,4.46,4.75,4.97,4.95,5.34
2001-03-14,4.43,4.32,4.62,4.86,4.84,5.28
2001-03-15,4.41,4.22,4.55,4.82,4.81,5.29
2001-03-16,4.43,4.26,4.54,4.79,4.78,5.28
2001-03-19,4.42,4.32,4.58,4.83,4.82,5.3
2001-03-20,4.38,4.24,4.52,4.78,4.78,5.27
2001-03-21,4.21,4.21,4.49,4.76,4.77,5.28
2001-03-22,4.16,4.17,4.44,4.71,4.73,5.25
2001-03-23,4.19,4.24,4.52,4.78,4.8,5.3
2001-03-26,4.19,4.27,4.56,4.82,4.85,5.36
2001-03-27,4.24,4.41,4.73,4.97,5,5.45
2001-03-28,4.23,4.3,4.68,4.94,4.97,5.47
2001-03-29,4.22,4.27,4.67,4.93,4.98,5.48
2001-03-30,4.2,4.18,4.62,4.86,4.93,5.46
2001-04-02,4.12,4.22,4.66,4.92,4.98,5.49
2001-04-03,4.05,4.15,4.6,4.87,4.94,5.48
2001-04-04,4,4.12,4.58,4.86,4.94,5.5
2001-04-05,4.01,4.19,4.63,4.91,4.98,5.53
2001-04-06,3.85,4.07,4.52,4.8,4.89,5.46
2001-04-09,3.84,4.1,4.56,4.83,4.93,5.5
2001-04-10,3.85,4.24,4.7,4.99,5.09,5.63
2001-04-11,3.98,4.29,4.75,5.02,5.12,5.6
2001-04-12,3.92,4.36,4.83,5.09,5.17,5.61
2001-04-16,4.05,4.49,4.94,5.2,5.28,5.7
2001-04-17,4.02,4.41,4.87,5.12,5.21,5.65
2001-04-18,3.82,4.26,4.75,5.02,5.14,5.65
2001-04-19,3.78,4.29,4.86,5.15,5.27,5.77
2001-04-20,3.68,4.26,4.88,5.16,5.29,5.79
2001-04-23,3.66,4.15,4.78,5.06,5.2,5.73
2001-04-24,3.71,4.16,4.78,5.07,5.22,5.75
2001-04-25,3.75,4.2,4.88,5.14,5.28,5.78
2001-04-26,3.74,4.14,4.79,5.06,5.2,5.71
2001-04-27,3.76,4.28,4.94,5.2,5.34,5.81
2001-04-30,3.86,4.3,4.97,5.22,5.35,5.78
2001-05-01,3.83,4.23,4.94,5.17,5.3,5.75
2001-05-02,3.8,4.27,4.95,5.18,5.31,5.71
2001-05-03,3.75,4.22,4.87,5.09,5.22,5.64
2001-05-04,3.65,4.14,4.83,5.06,5.21,5.65
2001-05-07,3.65,4.12,4.82,5.06,5.21,5.68
2001-05-08,3.62,4.1,4.68,5.07,5.24,5.72
2001-05-09,3.64,4.07,4.65,5.01,5.2,5.67
2001-05-10,3.66,4.17,4.76,5.13,5.31,5.75
2001-05-11,3.69,4.36,4.99,5.34,5.51,5.88
2001-05-14,3.63,4.29,4.94,5.28,5.46,5.85
2001-05-15,3.55,4.28,4.95,5.33,5.5,5.89
2001-05-16,3.49,4.25,4.95,5.3,5.48,5.86
2001-05-17,3.49,4.33,4.99,5.29,5.46,5.8
2001-05-18,3.53,4.37,4.99,5.28,5.41,5.76
2001-05-21,3.57,4.37,4.99,5.29,5.41,5.75
2001-05-22,3.56,4.34,4.99,5.29,5.42,5.78
2001-05-23,3.56,4.29,4.96,5.29,5.41,5.79
2001-05-24,3.62,4.32,5.05,5.38,5.52,5.87
2001-05-25,3.58,4.31,5.04,5.38,5.52,5.86
2001-05-29,3.63,4.33,5.06,5.4,5.54,5.86
2001-05-30,3.6,4.34,5.07,5.39,5.54,5.86
2001-05-31,3.55,4.22,4.94,5.27,5.43,5.78
2001-06-01,3.59,4.22,4.94,5.24,5.39,5.71
2001-06-04,3.6,4.19,4.93,5.22,5.35,5.69
2001-06-05,3.55,4.12,4.84,5.15,5.29,5.66
2001-06-06,3.54,4.12,4.83,5.15,5.27,5.65
2001-06-07,3.55,4.14,4.88,5.21,5.33,5.72
2001-06-08,3.56,4.17,4.93,5.25,5.38,5.73
2001-06-11,3.52,4.11,4.87,5.19,5.32,5.69
2001-06-12,3.48,4.09,4.82,5.14,5.27,5.65
2001-06-13,3.47,4.08,4.81,5.15,5.28,5.66
2001-06-14,3.48,4.04,4.76,5.11,5.26,5.65
2001-06-15,3.44,4.01,4.74,5.12,5.27,5.68
2001-06-18,3.44,3.98,4.73,5.1,5.27,5.7
2001-06-19,3.43,3.99,4.72,5.08,5.26,5.69
2001-06-20,3.41,3.98,4.72,5.06,5.24,5.67
2001-06-21,3.43,3.99,4.7,5.05,5.22,5.64
2001-06-22,3.37,3.93,4.63,4.98,5.14,5.58
2001-06-25,3.38,3.96,4.65,5,5.16,5.59
2001-06-26,3.38,4.03,4.74,5.08,5.24,5.65
2001-06-27,3.44,4.06,4.82,5.11,5.26,5.62
2001-06-28,3.56,4.22,4.92,5.23,5.35,5.68
2001-06-29,3.57,4.25,4.97,5.28,5.42,5.75
2001-07-02,3.59,4.21,4.88,5.21,5.37,5.7
2001-07-03,3.58,4.24,4.91,5.25,5.41,5.73
2001-07-05,3.57,4.24,4.95,5.29,5.44,5.76
2001-07-06,3.55,4.16,4.9,5.24,5.41,5.75
2001-07-09,3.57,4.15,4.88,5.21,5.37,5.7
2001-07-10,3.55,4.08,4.82,5.15,5.32,5.68
2001-07-11,3.5,4.07,4.81,5.14,5.31,5.69
2001-07-12,3.52,4.07,4.8,5.1,5.27,5.65
2001-07-13,3.54,4.12,4.82,5.11,5.27,5.64
2001-07-16,3.56,4.07,4.76,5.05,5.21,5.59
2001-07-17,3.53,4.09,4.78,5.06,5.22,5.59
2001-07-18,3.46,3.96,4.66,4.94,5.12,5.52
2001-07-19,3.47,3.98,4.69,4.96,5.13,5.53
2001-07-20,3.45,3.98,4.7,4.98,5.15,5.54
2001-07-23,3.48,3.98,4.68,4.95,5.13,5.53
2001-07-24,3.48,3.97,4.67,4.94,5.13,5.52
2001-07-25,3.48,3.98,4.74,5.01,5.2,5.58
2001-07-26,3.48,3.94,4.71,4.99,5.19,5.59
2001-07-27,3.47,3.87,4.64,4.93,5.13,5.55
2001-07-30,3.49,3.86,4.63,4.91,5.11,5.53
2001-07-31,3.46,3.79,4.57,4.86,5.07,5.51
2001-08-01,3.45,3.83,4.62,4.9,5.11,5.53
2001-08-02,3.45,3.89,4.69,4.97,5.17,5.57
2001-08-03,3.44,3.91,4.72,4.99,5.2,5.59
2001-08-06,3.44,3.88,4.71,4.99,5.19,5.59
2001-08-07,3.44,3.9,4.72,5,5.2,5.6
2001-08-08,3.41,3.77,4.61,4.87,4.99,5.52
2001-08-09,3.38,3.77,4.66,4.93,5.04,5.54
2001-08-10,3.36,3.73,4.61,4.88,4.99,5.52
2001-08-13,3.37,3.7,4.57,4.86,4.97,5.52
2001-08-14,3.35,3.74,4.59,4.87,4.97,5.51
2001-08-15,3.35,3.8,4.62,4.9,5,5.52
2001-08-16,3.32,3.75,4.58,4.84,4.95,5.48
2001-08-17,3.29,3.67,4.49,4.75,4.84,5.43
2001-08-20,3.34,3.74,4.55,4.81,4.91,5.46
2001-08-21,3.31,3.69,4.5,4.79,4.87,5.44
2001-08-22,3.31,3.76,4.53,4.81,4.91,5.44
2001-08-23,3.33,3.72,4.52,4.79,4.89,5.41
2001-08-24,3.35,3.76,4.55,4.82,4.93,5.45
2001-08-27,3.37,3.78,4.57,4.83,4.94,5.47
2001-08-28,3.33,3.71,4.48,4.73,4.85,5.41
2001-08-29,3.34,3.67,4.43,4.67,4.78,5.36
2001-08-30,3.29,3.61,4.42,4.68,4.79,5.37
2001-08-31,3.3,3.64,4.46,4.72,4.85,5.39
2001-09-04,3.36,3.83,4.63,4.88,4.99,5.5
2001-09-05,3.33,3.79,4.61,4.86,4.97,5.48
2001-09-06,3.27,3.65,4.48,4.73,4.86,5.41
2001-09-07,3.2,3.53,4.39,4.67,4.8,5.39
2001-09-10,3.19,3.53,4.41,4.69,4.84,5.43
2001-09-13,2.68,2.99,4.03,4.41,4.64,5.39
2001-09-14,2.59,2.87,3.92,4.31,4.57,5.35
2001-09-17,2.54,2.96,3.99,4.38,4.63,5.41
2001-09-18,2.43,2.96,4.01,4.46,4.72,5.55
2001-09-19,2.15,2.81,3.9,4.41,4.69,5.56
2001-09-20,2.18,2.91,3.97,4.47,4.75,5.62
2001-09-21,2.21,2.91,3.94,4.43,4.7,5.59
2001-09-24,2.33,2.94,4,4.47,4.73,5.58
2001-09-25,2.35,2.88,3.97,4.45,4.72,5.58
2001-09-26,2.33,2.82,3.91,4.39,4.65,5.5
2001-09-27,2.33,2.78,3.87,4.33,4.58,5.45
2001-09-28,2.35,2.86,3.93,4.37,4.6,5.42
2001-10-01,2.32,2.82,3.9,4.33,4.55,5.38
2001-10-02,2.22,2.77,3.87,4.31,4.53,5.34
2001-10-03,2.19,2.77,3.86,4.29,4.5,5.32
2001-10-04,2.17,2.75,3.88,4.29,4.53,5.31
2001-10-05,2.15,2.71,3.87,4.26,4.52,5.31
2001-10-09,2.18,2.74,3.96,4.35,4.62,5.39
2001-10-10,2.18,2.78,3.96,4.35,4.61,5.36
2001-10-11,2.23,2.88,4.03,4.43,4.69,5.41
2001-10-12,2.21,2.81,4.01,4.41,4.68,5.42
2001-10-15,2.21,2.78,3.97,4.36,4.62,5.38
2001-10-16,2.18,2.77,3.93,4.32,4.59,5.35
2001-10-17,2.18,2.8,3.93,4.32,4.59,5.32
2001-10-18,2.15,2.77,3.93,4.32,4.58,5.32
2001-10-19,2.15,2.77,3.96,4.37,4.63,5.36
2001-10-22,2.18,2.79,3.98,4.37,4.63,5.36
2001-10-23,2.16,2.81,4.01,4.4,4.66,5.38
2001-10-24,2.13,2.72,3.96,4.34,4.61,5.32
2001-10-25,2.1,2.63,3.89,4.29,4.56,5.28
2001-10-26,2.1,2.63,3.88,4.26,4.53,5.27
2001-10-29,2.05,2.55,3.82,4.22,4.5,5.25
2001-10-30,2.01,2.48,3.76,4.14,4.44,5.22
2001-10-31,2.01,2.44,3.66,4.03,4.3,4.89
2001-11-01,2.02,2.49,3.66,4.01,4.24,4.79
2001-11-02,1.97,2.48,3.77,4.12,4.37,4.96
2001-11-05,1.97,2.46,3.71,4.07,4.31,4.86
2001-11-06,1.82,2.37,3.54,4.03,4.3,4.86
2001-11-07,1.77,2.32,3.47,3.95,4.22,4.79
2001-11-08,1.81,2.42,3.58,4.05,4.32,4.87
2001-11-09,1.8,2.45,3.62,4.09,4.34,4.88
2001-11-13,1.81,2.54,3.69,4.17,4.41,4.92
2001-11-14,1.84,2.7,3.83,4.31,4.54,5.02
2001-11-15,1.88,2.98,4.1,4.58,4.79,5.22
2001-11-16,1.91,3.09,4.24,4.72,4.91,5.3
2001-11-19,1.9,2.92,4.12,4.58,4.8,5.22
2001-11-20,1.91,2.96,4.17,4.66,4.88,5.3
2001-11-21,1.92,3.11,4.31,4.78,4.98,5.35
2001-11-23,1.91,3.2,4.4,4.83,5.04,5.39
2001-11-26,1.94,3.22,4.41,4.85,5.05,5.39
2001-11-27,1.88,3.11,4.32,4.77,4.98,5.37
2001-11-28,1.84,3.12,4.33,4.76,4.98,5.36
2001-11-29,1.77,2.87,4.1,4.56,4.79,5.24
2001-11-30,1.75,2.84,4.08,4.55,4.78,5.27
2001-12-03,1.75,2.82,4.04,4.51,4.75,5.26
2001-12-04,1.71,2.81,3.99,4.46,4.7,5.22
2001-12-05,1.74,3.07,4.24,4.7,4.92,5.35
2001-12-06,1.72,3.19,4.38,4.83,5.04,5.47
2001-12-07,1.66,3.19,4.5,4.98,5.2,5.6
2001-12-10,1.68,3.1,4.46,4.95,5.17,5.58
2001-12-11,1.63,3.03,4.38,4.89,5.13,5.55
2001-12-12,1.64,2.97,4.29,4.78,5.02,5.47
2001-12-13,1.66,3.09,4.4,4.9,5.13,5.53
2001-12-14,1.7,3.2,4.52,5.01,5.24,5.59
2001-12-17,1.71,3.21,4.54,5.03,5.26,5.61
2001-12-18,1.68,3.13,4.46,4.93,5.16,5.52
2001-12-19,1.66,3.11,4.38,4.84,5.08,5.45
2001-12-20,1.66,3.15,4.42,4.86,5.08,5.43
2001-12-21,1.68,3.17,4.45,4.89,5.12,5.45
2001-12-24,1.69,3.22,4.49,4.95,5.18,5.49
2001-12-26,1.72,3.26,4.55,5,5.22,5.52
2001-12-27,1.71,3.19,4.46,4.9,5.13,5.49
2001-12-28,1.69,3.16,4.46,4.93,5.15,5.54
2001-12-31,1.71,3.07,4.38,4.84,5.07,5.48
2002-01-02,1.71,3.22,4.52,4.97,5.2,5.56
2002-01-03,1.7,3.19,4.48,4.93,5.16,5.54
2002-01-04,1.69,3.19,4.5,4.97,5.18,5.57
2002-01-07,1.66,3.08,4.39,4.86,5.09,5.49
2002-01-08,1.65,3.07,4.39,4.86,5.1,5.51
2002-01-09,1.65,3.03,4.38,4.86,5.1,5.51
2002-01-10,1.65,2.94,4.27,4.74,5,5.42
2002-01-11,1.55,2.76,4.14,4.65,4.92,5.37
2002-01-14,1.55,2.79,4.15,4.64,4.91,5.38
2002-01-15,1.57,2.79,4.14,4.62,4.88,5.34
2002-01-16,1.58,2.84,4.16,4.62,4.88,5.36
2002-01-17,1.61,2.96,4.28,4.73,4.98,5.41
2002-01-18,1.59,2.91,4.23,4.69,4.94,5.36
2002-01-22,1.66,2.97,4.27,4.72,4.96,5.39
2002-01-23,1.68,3.07,4.36,4.81,5.05,5.48
2002-01-24,1.69,3.15,4.4,4.82,5.07,5.47
2002-01-25,1.69,3.17,4.46,4.86,5.1,5.47
2002-01-28,1.7,3.19,4.48,4.88,5.12,5.47
2002-01-29,1.69,3.05,4.35,4.76,5.02,5.4
2002-01-30,1.72,3.06,4.37,4.77,5.02,5.41
2002-01-31,1.73,3.16,4.42,4.82,5.07,5.44
2002-02-01,1.73,3.08,4.37,4.78,5.02,5.4
2002-02-04,1.74,2.99,4.29,4.69,4.94,5.35
2002-02-05,1.73,2.99,4.29,4.66,4.92,5.35
2002-02-06,1.71,2.98,4.3,4.71,4.92,5.38
2002-02-07,1.7,2.99,4.33,4.73,4.93,5.42
2002-02-08,1.7,2.95,4.28,4.69,4.9,5.39
2002-02-11,1.7,2.95,4.29,4.7,4.91,5.41
2002-02-12,1.72,3.04,4.36,4.76,4.97,5.45
2002-02-13,1.73,3.09,4.4,4.8,5.01,5.47
2002-02-14,1.72,3.07,4.35,4.76,4.95,5.42
2002-02-15,1.71,2.97,4.27,4.66,4.86,5.37
2002-02-19,1.71,2.98,4.28,4.71,4.88,5.54
2002-02-20,1.73,3,4.28,4.71,4.88,5.53
2002-02-21,1.73,3,4.27,4.72,4.88,5.53
2002-02-22,1.73,2.97,4.23,4.67,4.84,5.48
2002-02-25,1.74,3.01,4.26,4.69,4.86,5.51
2002-02-26,1.74,3.08,4.33,4.77,4.93,5.53
2002-02-27,1.74,3.09,4.22,4.67,4.84,5.51
2002-02-28,1.76,3.06,4.27,4.7,4.88,5.54
2002-03-01,1.74,3.18,4.43,4.82,4.98,5.6
2002-03-04,1.76,3.24,4.43,4.86,5.02,5.61
2002-03-05,1.77,3.25,4.44,4.86,5.02,5.6
2002-03-06,1.75,3.26,4.45,4.89,5.06,5.67
2002-03-07,1.75,3.36,4.65,5.07,5.22,5.76
2002-03-08,1.77,3.6,4.77,5.17,5.33,5.83
2002-03-11,1.8,3.59,4.77,5.18,5.33,5.81
2002-03-12,1.81,3.56,4.75,5.17,5.32,5.84
2002-03-13,1.79,3.49,4.69,5.11,5.28,5.83
2002-03-14,1.82,3.63,4.83,5.24,5.4,5.9
2002-03-15,1.82,3.63,4.8,5.2,5.35,5.86
2002-03-18,1.83,3.67,4.79,5.17,5.32,5.83
2002-03-19,1.82,3.64,4.78,5.18,5.33,5.86
2002-03-20,1.81,3.71,4.87,5.25,5.4,5.89
2002-03-21,1.8,3.73,4.88,5.26,5.39,5.87
2002-03-22,1.8,3.77,4.9,5.28,5.4,5.89
2002-03-25,1.79,3.78,4.92,5.28,5.41,5.91
2002-03-26,1.78,3.68,4.85,5.23,5.35,5.84
2002-03-27,1.78,3.66,4.85,5.22,5.35,5.86
2002-03-28,1.76,3.72,4.91,5.29,5.42,5.91
2002-04-01,1.75,3.74,4.93,5.29,5.44,5.92
2002-04-02,1.77,3.63,4.84,5.21,5.36,5.86
2002-04-03,1.76,3.55,4.76,5.13,5.3,5.82
2002-04-04,1.75,3.57,4.76,5.12,5.28,5.82
2002-04-05,1.73,3.49,4.68,5.04,5.22,5.79
2002-04-08,1.72,3.51,4.7,5.07,5.25,5.82
2002-04-09,1.7,3.48,4.67,5.03,5.22,5.79
2002-04-10,1.68,3.48,4.68,5.05,5.24,5.78
2002-04-11,1.69,3.47,4.66,5.03,5.22,5.78
2002-04-12,1.68,3.41,4.6,4.99,5.18,5.79
2002-04-15,1.68,3.38,4.57,4.95,5.15,5.76
2002-04-16,1.71,3.43,4.62,5,5.2,5.78
2002-04-17,1.7,3.41,4.64,5.03,5.24,5.85
2002-04-18,1.69,3.38,4.64,5.02,5.23,5.86
2002-04-19,1.7,3.36,4.62,5,5.21,5.8
2002-04-22,1.69,3.37,4.62,4.98,5.19,5.78
2002-04-23,1.7,3.39,4.62,4.98,5.18,5.78
2002-04-24,1.69,3.28,4.53,4.9,5.11,5.72
2002-04-25,1.71,3.25,4.52,4.89,5.1,5.72
2002-04-26,1.72,3.22,4.49,4.86,5.08,5.73
2002-04-29,1.74,3.26,4.55,4.91,5.13,5.75
2002-04-30,1.74,3.24,4.53,4.88,5.11,5.72
2002-05-01,1.74,3.21,4.49,4.86,5.08,5.69
2002-05-02,1.74,3.25,4.54,4.91,5.13,5.72
2002-05-03,1.73,3.17,4.48,4.85,5.08,5.65
2002-05-06,1.73,3.19,4.5,4.87,5.1,5.66
2002-05-07,1.73,3.14,4.43,4.85,5.09,5.66
2002-05-08,1.73,3.32,4.58,4.99,5.24,5.77
2002-05-09,1.74,3.27,4.53,4.96,5.2,5.78
2002-05-10,1.74,3.19,4.46,4.89,5.15,5.72
2002-05-13,1.74,3.28,4.54,4.98,5.23,5.79
2002-05-14,1.75,3.4,4.64,5.06,5.32,5.84
2002-05-15,1.73,3.37,4.59,5.02,5.28,5.82
2002-05-16,1.72,3.28,4.52,4.94,5.2,5.8
2002-05-17,1.73,3.41,4.6,5.01,5.27,5.84
2002-05-20,1.72,3.33,4.53,4.94,5.21,5.78
2002-05-21,1.72,3.28,4.49,4.9,5.18,5.79
2002-05-22,1.71,3.23,4.43,4.85,5.13,5.75
2002-05-23,1.71,3.28,4.46,4.87,5.16,5.78
2002-05-24,1.71,3.28,4.47,4.87,5.16,5.78
2002-05-28,1.73,3.3,4.46,4.87,5.16,5.78
2002-05-29,1.72,3.24,4.41,4.81,5.11,5.77
2002-05-30,1.72,3.17,4.36,4.74,5.06,5.74
2002-05-31,1.71,3.22,4.37,4.77,5.08,5.75
2002-06-03,1.72,3.19,4.36,4.75,5.06,5.76
2002-06-04,1.73,3.13,4.31,4.72,5.04,5.75
2002-06-05,1.72,3.16,4.35,4.76,5.08,5.79
2002-06-06,1.71,3.13,4.3,4.72,5.04,5.77
2002-06-07,1.71,3.16,4.36,4.78,5.1,5.81
2002-06-10,1.72,3.15,4.34,4.75,5.07,5.76
2002-06-11,1.72,3.09,4.29,4.69,5.02,5.71
2002-06-12,1.71,3.05,4.24,4.65,4.98,5.68
2002-06-13,1.69,3,4.2,4.61,4.94,5.65
2002-06-14,1.68,2.92,4.1,4.51,4.83,5.59
2002-06-17,1.7,2.96,4.14,4.57,4.89,5.63
2002-06-18,1.7,2.93,4.13,4.55,4.88,5.62
2002-06-19,1.68,2.81,4.01,4.43,4.76,5.58
2002-06-20,1.7,2.93,4.11,4.53,4.85,5.64
2002-06-21,1.69,2.88,4.06,4.47,4.79,5.56
2002-06-24,1.7,2.93,4.13,4.55,4.87,5.62
2002-06-25,1.7,2.92,4.13,4.55,4.88,5.64
2002-06-26,1.67,2.77,3.99,4.4,4.75,5.6
2002-06-27,1.67,2.85,4.08,4.51,4.84,5.68
2002-06-28,1.67,2.9,4.09,4.52,4.86,5.7
2002-07-01,1.68,2.88,4.08,4.54,4.85,5.67
2002-07-02,1.69,2.78,3.99,4.45,4.77,5.64
2002-07-03,1.69,2.78,4,4.47,4.78,5.62
2002-07-05,1.69,2.9,4.13,4.6,4.9,5.7
2002-07-08,1.7,2.84,4.07,4.53,4.84,5.66
2002-07-09,1.69,2.74,3.98,4.47,4.78,5.6
2002-07-10,1.69,2.61,3.85,4.33,4.66,5.53
2002-07-11,1.69,2.61,3.86,4.33,4.66,5.57
2002-07-12,1.68,2.56,3.82,4.3,4.63,5.55
2002-07-15,1.68,2.55,3.85,4.33,4.66,5.57
2002-07-16,1.69,2.66,3.93,4.42,4.75,5.63
2002-07-17,1.69,2.63,3.89,4.36,4.71,5.62
2002-07-18,1.69,2.55,3.82,4.29,4.66,5.62
2002-07-19,1.68,2.48,3.76,4.25,4.61,5.55
2002-07-22,1.68,2.4,3.65,4.15,4.51,5.5
2002-07-23,1.67,2.34,3.59,4.11,4.47,5.49
2002-07-24,1.66,2.38,3.6,4.13,4.49,5.57
2002-07-25,1.67,2.28,3.51,4.05,4.43,5.54
2002-07-26,1.66,2.2,3.46,4.03,4.43,5.52
2002-07-29,1.69,2.41,3.68,4.22,4.62,5.62
2002-07-30,1.69,2.44,3.71,4.24,4.65,5.59
2002-07-31,1.68,2.23,3.53,4.09,4.51,5.51
2002-08-01,1.65,2.15,3.46,4.04,4.47,5.51
2002-08-02,1.6,1.99,3.27,3.88,4.33,5.44
2002-08-05,1.61,1.93,3.21,3.83,4.29,5.41
2002-08-06,1.62,2.11,3.36,3.98,4.42,5.45
2002-08-07,1.56,1.98,3.24,3.89,4.35,5.44
2002-08-08,1.59,2.1,3.35,3.96,4.4,5.44
2002-08-09,1.59,2.1,3.28,3.85,4.27,5.35
2002-08-12,1.64,2.1,3.24,3.81,4.22,5.29
2002-08-13,1.6,2,3.15,3.72,4.12,5.22
2002-08-14,1.61,2.12,3.19,3.74,4.06,5.08
2002-08-15,1.59,2.22,3.28,3.85,4.17,5.17
2002-08-16,1.59,2.28,3.41,3.99,4.32,5.24
2002-08-19,1.63,2.25,3.4,3.97,4.29,5.21
2002-08-20,1.59,2.12,3.25,3.84,4.17,5.14
2002-08-21,1.6,2.12,3.28,3.85,4.2,5.19
2002-08-22,1.62,2.22,3.37,3.95,4.3,5.27
2002-08-23,1.62,2.19,3.31,3.88,4.25,5.25
2002-08-26,1.64,2.19,3.29,3.85,4.22,5.22
2002-08-27,1.65,2.26,3.37,3.93,4.29,5.25
2002-08-28,1.64,2.23,3.31,3.86,4.22,5.21
2002-08-29,1.65,2.14,3.24,3.8,4.16,5.18
2002-08-30,1.66,2.14,3.22,3.78,4.14,5.11
2002-09-03,1.61,2.01,3.04,3.63,3.98,5.02
2002-09-04,1.6,2.02,3.02,3.58,3.96,4.98
2002-09-05,1.58,1.95,2.95,3.52,3.91,4.98
2002-09-06,1.63,2.08,3.1,3.66,4.05,5.07
2002-09-09,1.66,2.13,3.11,3.66,4.05,5.04
2002-09-10,1.65,2.12,3.08,3.63,4,5.03
2002-09-11,1.66,2.18,3.15,3.71,4.07,5.08
2002-09-12,1.66,2.12,3.07,3.61,3.98,5.03
2002-09-13,1.66,2.07,3,3.55,3.92,4.97
2002-09-16,1.68,2.07,3,3.53,3.9,4.95
2002-09-17,1.67,2.06,2.97,3.49,3.87,4.96
2002-09-18,1.65,2.04,2.96,3.5,3.86,4.95
2002-09-19,1.62,1.93,2.87,3.42,3.79,4.9
2002-09-20,1.62,1.94,2.86,3.42,3.79,4.95
2002-09-23,1.62,1.93,2.76,3.32,3.7,4.88
2002-09-24,1.62,1.93,2.76,3.31,3.69,4.84
2002-09-25,1.63,2,2.83,3.4,3.77,4.91
2002-09-26,1.62,1.97,2.86,3.42,3.79,4.93
2002-09-27,1.6,1.82,2.74,3.31,3.69,4.91
2002-09-30,1.54,1.72,2.63,3.25,3.63,4.88
2002-10-01,1.56,1.8,2.75,3.34,3.72,5.01
2002-10-02,1.55,1.75,2.74,3.33,3.71,4.98
2002-10-03,1.54,1.75,2.74,3.33,3.7,4.99
2002-10-04,1.58,1.78,2.73,3.31,3.69,5
2002-10-07,1.6,1.77,2.67,3.27,3.64,4.98
2002-10-08,1.58,1.8,2.7,3.29,3.65,4.99
2002-10-09,1.54,1.72,2.65,3.24,3.61,4.95
2002-10-10,1.55,1.75,2.68,3.3,3.68,4.98
2002-10-11,1.55,1.85,2.83,3.45,3.83,5.06
2002-10-15,1.65,2.08,3.11,3.7,4.07,5.22
2002-10-16,1.63,2.02,3.11,3.68,4.06,5.23
2002-10-17,1.64,2.1,3.2,3.77,4.16,5.31
2002-10-18,1.64,2.09,3.17,3.73,4.14,5.32
2002-10-21,1.68,2.23,3.28,3.83,4.24,5.36
2002-10-22,1.66,2.21,3.29,3.85,4.27,5.36
2002-10-23,1.65,2.2,3.26,3.82,4.26,5.39
2002-10-24,1.62,2.09,3.18,3.74,4.16,5.35
2002-10-25,1.61,1.98,3.1,3.69,4.12,5.31
2002-10-28,1.56,1.88,3.03,3.65,4.1,5.35
2002-10-29,1.48,1.79,2.89,3.51,3.97,5.28
2002-10-30,1.48,1.74,2.87,3.53,3.99,5.3
2002-10-31,1.42,1.68,2.81,3.45,3.93,5.28
2002-11-01,1.41,1.76,2.92,3.54,4.01,5.3
2002-11-04,1.41,1.79,3,3.59,4.07,5.31
2002-11-05,1.4,1.82,3,3.62,4.1,5.33
2002-11-06,1.21,1.87,3.01,3.62,4.09,5.35
2002-11-07,1.2,1.86,2.86,3.46,3.88,5.17
2002-11-08,1.2,1.87,2.87,3.44,3.85,5.05
2002-11-12,1.2,1.79,2.83,3.42,3.84,5.05
2002-11-13,1.19,1.76,2.82,3.4,3.84,5.01
2002-11-14,1.2,1.89,3.01,3.6,4.03,5.16
2002-11-15,1.2,1.91,3.05,3.63,4.05,5.12
2002-11-18,1.21,1.91,3.04,3.61,4.02,5.1
2002-11-19,1.19,1.91,3.02,3.58,3.99,5.06
2002-11-20,1.2,1.98,3.13,3.72,4.08,5.14
2002-11-21,1.2,2.05,3.2,3.8,4.14,5.2
2002-11-22,1.21,2.1,3.26,3.84,4.18,5.22
2002-11-25,1.22,2.09,3.26,3.85,4.19,5.23
2002-11-26,1.2,1.97,3.14,3.71,4.08,5.15
2002-11-27,1.21,2.13,3.34,3.93,4.26,5.28
2002-11-29,1.2,2.08,3.28,3.88,4.22,5.23
2002-12-02,1.22,2.07,3.31,3.89,4.22,5.22
2002-12-03,1.21,2.08,3.33,3.92,4.24,5.23
2002-12-04,1.2,2.02,3.25,3.85,4.18,5.19
2002-12-05,1.2,1.97,3.19,3.79,4.13,5.16
2002-12-06,1.19,1.89,3.13,3.73,4.09,5.15
2002-12-09,1.21,1.88,3.08,3.68,4.06,5.12
2002-12-10,1.19,1.9,3.07,3.67,4.06,5.09
2002-12-11,1.19,1.85,3.02,3.61,4.01,5.04
2002-12-12,1.19,1.85,3.03,3.62,4.01,5.07
2002-12-13,1.19,1.87,3.08,3.68,4.07,5.15
2002-12-16,1.21,1.94,3.14,3.75,4.15,5.21
2002-12-17,1.2,1.89,3.11,3.71,4.13,5.24
2002-12-18,1.19,1.81,3.03,3.63,4.06,5.2
2002-12-19,1.19,1.74,2.91,3.52,3.96,5.15
2002-12-20,1.19,1.76,2.93,3.53,3.97,5.12
2002-12-23,1.17,1.79,2.95,3.54,3.98,5.13
2002-12-24,1.17,1.73,2.92,3.51,3.95,5.11
2002-12-26,1.16,1.7,2.89,3.47,3.93,5.11
2002-12-27,1.14,1.6,2.79,3.36,3.83,5.06
2002-12-30,1.2,1.61,2.76,3.34,3.82,5.02
2002-12-31,1.2,1.61,2.78,3.36,3.83,5.03
2003-01-02,1.2,1.8,3.05,3.62,4.07,5.18
2003-01-03,1.2,1.79,3.03,3.6,4.05,5.18
2003-01-06,1.19,1.84,3.1,3.64,4.09,5.2
2003-01-07,1.17,1.77,3.04,3.6,4.04,5.18
2003-01-08,1.17,1.71,3.01,3.56,4,5.13
2003-01-09,1.18,1.87,3.23,3.77,4.19,5.27
2003-01-10,1.18,1.79,3.2,3.74,4.16,5.24
2003-01-13,1.19,1.81,3.17,3.72,4.15,5.23
2003-01-14,1.17,1.76,3.1,3.66,4.1,5.19
2003-01-15,1.18,1.75,3.1,3.65,4.1,5.17
2003-01-16,1.16,1.75,3.11,3.65,4.1,5.16
2003-01-17,1.16,1.7,3.05,3.6,4.05,5.13
2003-01-21,1.17,1.67,3,3.55,4.01,5.11
2003-01-22,1.15,1.66,2.94,3.49,3.95,5.07
2003-01-23,1.15,1.69,2.97,3.52,3.98,5.08
2003-01-24,1.14,1.66,2.93,3.48,3.94,5.05
2003-01-27,1.15,1.7,2.97,3.53,3.98,5.06
2003-01-28,1.16,1.7,2.99,3.54,4,5.06
2003-01-29,1.16,1.77,3.07,3.61,4.06,5.11
2003-01-30,1.16,1.7,3.02,3.56,4,5.06
2003-01-31,1.16,1.72,3.02,3.55,4,5.03
2003-02-03,1.16,1.72,3.05,3.58,4.01,5.01
2003-02-04,1.14,1.68,2.99,3.53,3.96,4.99
2003-02-05,1.16,1.73,3.07,3.6,4.02,5.02
2003-02-06,1.15,1.68,3.02,3.55,3.97,4.99
2003-02-07,1.15,1.63,2.97,3.51,3.96,4.98
2003-02-10,1.15,1.68,3.03,3.57,3.99,5.04
2003-02-11,1.16,1.65,3,3.55,3.98,5.06
2003-02-12,1.16,1.62,2.92,3.48,3.93,5.08
2003-02-13,1.15,1.57,2.85,3.42,3.89,5.04
2003-02-14,1.16,1.62,2.91,3.48,3.95,5.09
2003-02-18,1.17,1.66,2.92,3.48,3.94,5.1
2003-02-19,1.16,1.61,2.87,3.41,3.88,5.04
2003-02-20,1.17,1.59,2.82,3.38,3.85,5.04
2003-02-21,1.17,1.63,2.86,3.42,3.9,5.08
2003-02-24,1.19,1.6,2.82,3.38,3.86,5.05
2003-02-25,1.18,1.58,2.77,3.34,3.81,5.01
2003-02-26,1.19,1.57,2.75,3.3,3.78,4.97
2003-02-27,1.19,1.58,2.75,3.29,3.76,4.98
2003-02-28,1.18,1.53,2.69,3.24,3.71,4.9
2003-03-03,1.18,1.52,2.66,3.21,3.68,4.92
2003-03-04,1.17,1.49,2.62,3.17,3.65,4.91
2003-03-05,1.16,1.46,2.58,3.14,3.63,4.9
2003-03-06,1.16,1.47,2.63,3.18,3.67,4.93
2003-03-07,1.1,1.39,2.56,3.14,3.63,4.9
2003-03-10,1.06,1.35,2.51,3.08,3.59,4.9
2003-03-11,1.08,1.38,2.54,3.11,3.6,4.9
2003-03-12,1.08,1.45,2.57,3.13,3.6,4.85
2003-03-13,1.1,1.59,2.75,3.31,3.74,4.95
2003-03-14,1.11,1.56,2.72,3.27,3.72,4.93
2003-03-17,1.13,1.63,2.82,3.37,3.82,5
2003-03-18,1.12,1.72,2.93,3.46,3.91,5.07
2003-03-19,1.14,1.72,2.98,3.53,3.98,5.14
2003-03-20,1.15,1.75,3.02,3.56,4.01,5.17
2003-03-21,1.16,1.8,3.12,3.67,4.11,5.23
2003-03-24,1.15,1.71,2.98,3.55,3.98,5.15
2003-03-25,1.16,1.69,2.97,3.54,3.97,5.15
2003-03-26,1.16,1.68,2.94,3.52,3.96,5.17
2003-03-27,1.14,1.62,2.92,3.5,3.95,5.17
2003-03-28,1.12,1.56,2.86,3.45,3.92,5.16
2003-03-31,1.12,1.51,2.78,3.35,3.83,5.07
2003-04-01,1.1,1.5,2.78,3.35,3.84,5.06
2003-04-02,1.11,1.6,2.89,3.48,3.94,5.15
2003-04-03,1.09,1.55,2.87,3.45,3.93,5.16
2003-04-04,1.09,1.55,2.88,3.48,3.96,5.2
2003-04-07,1.15,1.65,2.99,3.55,4.03,5.24
2003-04-08,1.13,1.59,2.91,3.47,3.95,5.16
2003-04-09,1.11,1.55,2.87,3.44,3.93,5.15
2003-04-10,1.12,1.6,2.89,3.46,3.95,5.17
2003-04-11,1.15,1.65,2.95,3.49,4,5.19
2003-04-14,1.18,1.74,3.02,3.55,4.04,5.2
2003-04-15,1.16,1.69,2.96,3.49,3.98,5.19
2003-04-16,1.15,1.67,2.95,3.48,3.96,5.13
2003-04-17,1.16,1.71,2.99,3.5,3.98,5.12
2003-04-21,1.16,1.71,3.03,3.54,4,5.13
2003-04-22,1.16,1.7,3.01,3.53,4.01,5.12
2003-04-23,1.15,1.7,3.02,3.54,4.02,5.1
2003-04-24,1.13,1.62,2.92,3.45,3.93,5.05
2003-04-25,1.12,1.57,2.88,3.42,3.91,5.04
2003-04-28,1.12,1.59,2.9,3.43,3.92,5.04
2003-04-29,1.13,1.62,2.94,3.47,3.96,5.07
2003-04-30,1.11,1.51,2.85,3.39,3.89,5
2003-05-01,1.08,1.5,2.82,3.37,3.88,5.01
2003-05-02,1.1,1.56,2.9,3.45,3.94,5.05
2003-05-05,1.11,1.55,2.87,3.41,3.92,5.03
2003-05-06,1.08,1.45,2.76,3.31,3.84,5.02
2003-05-07,1.09,1.45,2.64,3.19,3.72,4.96
2003-05-08,1.07,1.49,2.62,3.17,3.7,4.96
2003-05-09,1.09,1.45,2.61,3.17,3.69,4.95
2003-05-12,1.08,1.46,2.58,3.12,3.64,4.91
2003-05-13,1.07,1.47,2.58,3.12,3.63,4.92
2003-05-14,1.04,1.41,2.47,3.02,3.53,4.76
2003-05-15,1.04,1.46,2.52,3.07,3.53,4.69
2003-05-16,1.03,1.38,2.43,3,3.46,4.67
2003-05-19,1.03,1.35,2.41,2.98,3.46,4.67
2003-05-20,1.02,1.31,2.34,2.89,3.38,4.59
2003-05-21,1.04,1.38,2.37,2.91,3.39,4.54
2003-05-22,1.06,1.36,2.32,2.87,3.34,4.5
2003-05-23,1.06,1.38,2.33,2.87,3.34,4.44
2003-05-27,1.07,1.33,2.34,2.93,3.41,4.57
2003-05-28,1.1,1.35,2.35,2.94,3.44,4.63
2003-05-29,1.08,1.3,2.27,2.84,3.34,4.56
2003-05-30,1.09,1.33,2.3,2.87,3.37,4.59
2003-06-02,1.12,1.33,2.37,2.94,3.43,4.64
2003-06-03,1.06,1.2,2.25,2.82,3.34,4.59
2003-06-04,1.03,1.2,2.19,2.78,3.3,4.58
2003-06-05,1.02,1.25,2.25,2.83,3.34,4.63
2003-06-06,1.03,1.27,2.29,2.87,3.37,4.66
2003-06-09,1.01,1.19,2.2,2.79,3.29,4.6
2003-06-10,0.95,1.13,2.12,2.69,3.2,4.51
2003-06-11,0.92,1.16,2.16,2.72,3.21,4.49
2003-06-12,0.9,1.13,2.1,2.68,3.18,4.47
2003-06-13,0.84,1.1,2.08,2.63,3.13,4.42
2003-06-16,0.85,1.18,2.14,2.71,3.18,4.47
2003-06-17,0.88,1.25,2.26,2.81,3.27,4.55
2003-06-18,0.87,1.27,2.34,2.9,3.37,4.64
2003-06-19,0.8,1.17,2.28,2.87,3.35,4.66
2003-06-20,0.81,1.22,2.31,2.9,3.4,4.7
2003-06-23,0.83,1.17,2.24,2.82,3.32,4.64
2003-06-24,0.81,1.14,2.21,2.78,3.29,4.6
2003-06-25,0.9,1.3,2.32,2.9,3.38,4.69
2003-06-26,0.89,1.41,2.49,3.07,3.55,4.81
2003-06-27,0.85,1.38,2.52,3.09,3.58,4.83
2003-06-30,0.89,1.32,2.46,3.03,3.54,4.81
2003-07-01,0.87,1.3,2.48,3.06,3.56,4.86
2003-07-02,0.85,1.3,2.47,3.05,3.56,4.83
2003-07-03,0.85,1.32,2.55,3.15,3.67,4.93
2003-07-07,0.9,1.36,2.63,3.22,3.74,4.98
2003-07-08,0.9,1.39,2.65,3.23,3.75,4.95
2003-07-09,0.88,1.37,2.63,3.21,3.73,4.93
2003-07-10,0.87,1.33,2.59,3.17,3.7,4.94
2003-07-11,0.87,1.29,2.52,3.12,3.66,4.94
2003-07-14,0.89,1.35,2.6,3.2,3.74,4.98
2003-07-15,0.9,1.45,2.81,3.4,3.94,5.12
2003-07-16,0.89,1.49,2.87,3.44,3.97,5.1
2003-07-17,0.88,1.47,2.88,3.45,3.98,5.08
2003-07-18,0.89,1.51,2.93,3.49,4,5.09
2003-07-21,0.91,1.61,3.1,3.67,4.19,5.25
2003-07-22,0.91,1.57,3.07,3.64,4.17,5.23
2003-07-23,0.91,1.54,3.04,3.6,4.12,5.2
2003-07-24,0.91,1.54,3.08,3.66,4.2,5.25
2003-07-25,0.91,1.52,3.1,3.69,4.22,5.31
2003-07-28,0.95,1.61,3.21,3.79,4.31,5.39
2003-07-29,0.97,1.67,3.33,3.9,4.42,5.46
2003-07-30,0.96,1.64,3.27,3.85,4.34,5.43
2003-07-31,0.94,1.8,3.38,3.98,4.49,5.56
2003-08-01,0.93,1.85,3.37,4.01,4.44,5.47
2003-08-04,0.95,1.71,3.24,3.86,4.35,5.47
2003-08-05,0.94,1.88,3.37,3.98,4.47,5.51
2003-08-06,0.93,1.78,3.25,3.82,4.32,5.42
2003-08-07,0.93,1.74,3.19,3.78,4.3,5.4
2003-08-08,0.94,1.72,3.17,3.76,4.27,5.4
2003-08-11,0.94,1.81,3.26,3.86,4.38,5.47
2003-08-12,0.93,1.71,3.23,3.85,4.37,5.49
2003-08-13,0.94,1.86,3.43,4.06,4.58,5.6
2003-08-14,0.94,1.86,3.42,4.05,4.55,5.57
2003-08-15,0.93,1.85,3.42,4.04,4.55,5.57
2003-08-18,0.94,1.87,3.37,3.99,4.49,5.5
2003-08-19,0.94,1.81,3.27,3.89,4.38,5.41
2003-08-20,0.94,1.84,3.35,3.96,4.45,5.42
2003-08-21,0.95,1.98,3.51,4.07,4.53,5.43
2003-08-22,0.96,1.97,3.47,4.03,4.48,5.4
2003-08-25,1,2.02,3.52,4.08,4.53,5.4
2003-08-26,0.99,1.96,3.5,4.05,4.5,5.39
2003-08-27,0.98,2.05,3.55,4.11,4.54,5.4
2003-08-28,0.97,1.93,3.42,3.96,4.42,5.34
2003-08-29,0.96,1.95,3.46,4,4.45,5.3
2003-09-02,0.96,2.04,3.63,4.17,4.61,5.38
2003-09-03,0.95,2.02,3.61,4.15,4.6,5.41
2003-09-04,0.95,1.91,3.5,4.04,4.52,5.4
2003-09-05,0.94,1.72,3.28,3.83,4.35,5.32
2003-09-08,0.95,1.75,3.32,3.88,4.41,5.36
2003-09-09,0.94,1.71,3.28,3.85,4.37,5.36
2003-09-10,0.94,1.64,3.18,3.73,4.28,5.3
2003-09-11,0.94,1.71,3.24,3.79,4.35,5.35
2003-09-12,0.94,1.66,3.15,3.72,4.27,5.33
2003-09-15,0.94,1.63,3.12,3.71,4.28,5.35
2003-09-16,0.91,1.63,3.12,3.72,4.29,5.34
2003-09-17,0.93,1.63,3.06,3.64,4.2,5.26
2003-09-18,0.94,1.68,3.09,3.66,4.19,5.23
2003-09-19,0.93,1.7,3.11,3.66,4.17,5.2
2003-09-22,0.94,1.7,3.16,3.73,4.26,5.28
2003-09-23,0.92,1.68,3.13,3.7,4.24,5.24
2003-09-24,0.93,1.66,3.07,3.62,4.16,5.17
2003-09-25,0.92,1.65,3.05,3.59,4.12,5.17
2003-09-26,0.92,1.6,2.95,3.49,4.04,5.11
2003-09-29,0.95,1.61,2.98,3.54,4.09,5.16
2003-09-30,0.93,1.5,2.85,3.41,3.96,5.07
2003-10-01,0.93,1.47,2.84,3.4,3.96,5.05
2003-10-02,0.92,1.48,2.9,3.48,4.03,5.1
2003-10-03,0.92,1.65,3.12,3.69,4.21,5.23
2003-10-06,0.92,1.6,3.06,3.63,4.17,5.21
2003-10-07,0.9,1.67,3.15,3.73,4.27,5.29
2003-10-08,0.89,1.65,3.14,3.72,4.27,5.33
2003-10-09,0.89,1.69,3.17,3.77,4.32,5.35
2003-10-10,0.9,1.65,3.15,3.72,4.29,5.34
2003-10-14,0.91,1.73,3.23,3.82,4.37,5.4
2003-10-15,0.91,1.79,3.3,3.88,4.43,5.41
2003-10-16,0.91,1.96,3.4,3.97,4.47,5.41
2003-10-17,0.91,1.9,3.33,3.9,4.41,5.37
2003-10-20,0.93,1.88,3.33,3.89,4.41,5.35
2003-10-21,0.91,1.89,3.31,3.86,4.38,5.33
2003-10-22,0.94,1.8,3.21,3.77,4.29,5.3
2003-10-23,0.94,1.84,3.24,3.81,4.34,5.36
2003-10-24,0.93,1.76,3.13,3.68,4.24,5.27
2003-10-27,0.96,1.83,3.21,3.75,4.3,5.3
2003-10-28,0.94,1.71,3.11,3.67,4.23,5.27
2003-10-29,0.94,1.79,3.2,3.76,4.31,5.32
2003-10-30,0.94,1.86,3.29,3.83,4.36,5.33
2003-10-31,0.94,1.85,3.27,3.8,4.33,5.28
2003-11-03,0.94,1.9,3.34,3.88,4.4,5.3
2003-11-04,0.93,1.86,3.28,3.81,4.33,5.27
2003-11-05,0.94,1.94,3.35,3.88,4.38,5.32
2003-11-06,0.94,2.01,3.43,3.96,4.45,5.37
2003-11-07,0.94,2.04,3.47,3.99,4.48,5.38
2003-11-10,0.95,2.06,3.49,4,4.49,5.39
2003-11-12,0.93,2.05,3.45,3.95,4.44,5.34
2003-11-13,0.92,1.92,3.29,3.79,4.3,5.24
2003-11-14,0.93,1.84,3.19,3.7,4.22,5.21
2003-11-17,0.94,1.8,3.14,3.68,4.18,5.17
2003-11-18,0.94,1.83,3.14,3.66,4.17,5.15
2003-11-19,0.93,1.9,3.22,3.75,4.24,5.22
2003-11-20,0.93,1.83,3.14,3.67,4.16,5.16
2003-11-21,0.92,1.84,3.15,3.67,4.15,5.13
2003-11-24,0.94,1.94,3.24,3.76,4.23,5.19
2003-11-25,0.93,1.89,3.2,3.72,4.19,5.17
2003-11-26,0.92,1.97,3.27,3.79,4.25,5.2
2003-11-28,0.91,2.06,3.38,3.89,4.34,5.23
2003-12-01,0.93,2.12,3.46,3.98,4.4,5.28
2003-12-02,0.92,2.07,3.43,3.95,4.38,5.25
2003-12-03,0.92,2.09,3.46,3.98,4.41,5.28
2003-12-04,0.91,2.06,3.42,3.93,4.38,5.27
2003-12-05,0.9,1.88,3.23,3.76,4.23,5.2
2003-12-08,0.91,1.94,3.28,3.81,4.29,5.26
2003-12-09,0.91,1.97,3.33,3.85,4.32,5.26
2003-12-10,0.91,1.94,3.28,3.82,4.3,5.28
2003-12-11,0.88,1.83,3.21,3.76,4.27,5.27
2003-12-12,0.89,1.84,3.23,3.75,4.26,5.23
2003-12-15,0.89,1.88,3.26,3.79,4.28,5.24
2003-12-16,0.89,1.83,3.21,3.74,4.24,5.23
2003-12-17,0.88,1.83,3.18,3.7,4.19,5.16
2003-12-18,0.87,1.85,3.17,3.67,4.16,5.1
2003-12-19,0.86,1.82,3.16,3.67,4.15,5.11
2003-12-22,0.89,1.84,3.19,3.7,4.18,5.13
2003-12-23,0.88,1.96,3.3,3.81,4.28,5.2
2003-12-24,0.88,1.83,3.2,3.72,4.2,5.15
2003-12-26,0.85,1.82,3.17,3.67,4.17,5.15
2003-12-29,0.89,1.86,3.23,3.76,4.24,5.18
2003-12-30,0.92,1.86,3.26,3.8,4.29,5.23
2003-12-31,0.93,1.84,3.25,3.77,4.27,5.23
2004-01-02,0.91,1.94,3.36,3.9,4.38,5.3
2004-01-05,0.9,1.95,3.39,3.92,4.41,5.28
2004-01-06,0.9,1.84,3.26,3.8,4.29,5.26
2004-01-07,0.89,1.84,3.25,3.76,4.27,5.22
2004-01-08,0.86,1.85,3.24,3.76,4.27,5.2
2004-01-09,0.85,1.68,3.05,3.58,4.11,5.14
2004-01-12,0.88,1.68,3.04,3.58,4.11,5.12
2004-01-13,0.87,1.63,2.98,3.51,4.05,5.11
2004-01-14,0.86,1.65,2.96,3.49,4.01,5.06
2004-01-15,0.86,1.67,2.97,3.48,3.99,5.03
2004-01-16,0.87,1.7,3.03,3.54,4.04,5.04
2004-01-20,0.88,1.69,3.05,3.58,4.08,5.09
2004-01-21,0.87,1.69,3.02,3.55,4.05,5.06
2004-01-22,0.86,1.66,2.96,3.49,3.99,5.02
2004-01-23,0.88,1.71,3.06,3.59,4.09,5.08
2004-01-26,0.89,1.75,3.13,3.66,4.16,5.14
2004-01-27,0.89,1.7,3.07,3.6,4.11,5.09
2004-01-28,0.92,1.87,3.22,3.72,4.22,5.14
2004-01-29,0.92,1.88,3.22,3.74,4.22,5.13
2004-01-30,0.9,1.84,3.17,3.68,4.16,5.11
2004-02-02,0.93,1.83,3.18,3.7,4.18,5.13
2004-02-03,0.92,1.78,3.12,3.65,4.13,5.11
2004-02-04,0.92,1.8,3.15,3.67,4.15,5.11
2004-02-05,0.92,1.85,3.21,3.72,4.2,5.13
2004-02-06,0.91,1.77,3.12,3.63,4.12,5.08
2004-02-09,0.93,1.76,3.08,3.6,4.09,5.06
2004-02-10,0.93,1.82,3.13,3.64,4.13,5.08
2004-02-11,0.91,1.73,3.03,3.56,4.05,5.06
2004-02-12,0.91,1.75,3.07,3.58,4.1,5.1
2004-02-13,0.9,1.7,3.01,3.54,4.05,5.08
2004-02-17,0.93,1.7,3.02,3.54,4.05,5.07
2004-02-18,0.92,1.72,3.03,3.55,4.05,5.07
2004-02-19,0.92,1.7,3.02,3.54,4.05,5.04
2004-02-20,0.92,1.75,3.08,3.59,4.1,5.09
2004-02-23,0.95,1.69,3.03,3.55,4.05,5.11
2004-02-24,0.95,1.69,3.01,3.53,4.04,5.06
2004-02-25,0.94,1.67,2.98,3.51,4.02,5.02
2004-02-26,0.94,1.69,3.01,3.54,4.05,5.05
2004-02-27,0.94,1.66,3.01,3.48,3.99,5.01
2004-03-01,0.95,1.67,2.98,3.49,4,4.99
2004-03-02,0.95,1.74,3.04,3.55,4.05,5.06
2004-03-03,0.95,1.74,3.06,3.57,4.07,5.02
2004-03-04,0.94,1.73,3.02,3.53,4.04,4.99
2004-03-05,0.93,1.57,2.81,3.32,3.85,4.91
2004-03-08,0.95,1.52,2.74,3.26,3.78,4.87
2004-03-09,0.94,1.51,2.68,3.2,3.73,4.85
2004-03-10,0.94,1.54,2.71,3.21,3.74,4.83
2004-03-11,0.95,1.52,2.72,3.23,3.74,4.87
2004-03-12,0.94,1.54,2.73,3.24,3.78,4.89
2004-03-15,0.95,1.56,2.74,3.25,3.78,4.88
2004-03-16,0.94,1.51,2.65,3.17,3.7,4.82
2004-03-17,0.92,1.53,2.66,3.18,3.71,4.83
2004-03-18,0.92,1.55,2.72,3.25,3.76,4.87
2004-03-19,0.92,1.56,2.75,3.28,3.8,4.89
2004-03-22,0.94,1.52,2.69,3.22,3.74,4.84
2004-03-23,0.93,1.52,2.69,3.21,3.73,4.83
2004-03-24,0.92,1.5,2.68,3.21,3.73,4.83
2004-03-25,0.92,1.51,2.7,3.23,3.75,4.86
2004-03-26,0.93,1.59,2.81,3.33,3.85,4.91
2004-03-29,0.95,1.63,2.86,3.39,3.91,4.96
2004-03-30,0.94,1.63,2.86,3.39,3.91,4.96
2004-03-31,0.93,1.6,2.8,3.33,3.86,4.93
2004-04-01,0.92,1.65,2.87,3.38,3.91,5.01
2004-04-02,0.93,1.86,3.15,3.66,4.15,5.13
2004-04-05,0.93,1.91,3.24,3.76,4.24,5.18
2004-04-06,0.92,1.86,3.19,3.7,4.19,5.17
2004-04-07,0.93,1.87,3.19,3.71,4.19,5.18
2004-04-08,0.92,1.88,3.22,3.73,4.21,5.17
2004-04-12,0.93,1.91,3.26,3.78,4.25,5.19
2004-04-13,0.93,2.01,3.37,3.89,4.35,5.25
2004-04-14,0.94,2.13,3.44,3.95,4.4,5.26
2004-04-15,0.93,2.1,3.45,3.96,4.42,5.33
2004-04-16,0.92,2.03,3.39,3.9,4.37,5.31
2004-04-19,0.95,2.07,3.42,3.93,4.39,5.33
2004-04-20,0.96,2.11,3.45,3.97,4.43,5.35
2004-04-21,0.98,2.22,3.52,4.01,4.45,5.36
2004-04-22,0.95,2.15,3.46,3.95,4.4,5.33
2004-04-23,0.96,2.29,3.58,4.07,4.48,5.38
2004-04-26,0.98,2.28,3.57,4.05,4.46,5.36
2004-04-27,0.97,2.21,3.52,4.01,4.43,5.35
2004-04-28,0.96,2.3,3.6,4.08,4.5,5.39
2004-04-29,0.95,2.34,3.66,4.14,4.55,5.41
2004-04-30,0.96,2.31,3.63,4.11,4.53,5.39
2004-05-03,0.99,2.34,3.63,4.11,4.53,5.41
2004-05-04,0.99,2.32,3.66,4.15,4.56,5.45
2004-05-05,0.97,2.34,3.71,4.18,4.61,5.46
2004-05-06,0.98,2.39,3.72,4.2,4.63,5.46
2004-05-07,1.05,2.64,3.96,4.41,4.79,5.53
2004-05-10,1.07,2.61,3.95,4.41,4.81,5.54
2004-05-11,1.04,2.61,3.94,4.39,4.79,5.53
2004-05-12,1.02,2.62,3.96,4.41,4.83,5.57
2004-05-13,0.98,2.67,4.01,4.46,4.85,5.61
2004-05-14,0.97,2.59,3.92,4.39,4.79,5.59
2004-05-17,1.05,2.51,3.83,4.29,4.7,5.52
2004-05-18,1.04,2.58,3.87,4.34,4.74,5.56
2004-05-19,1.02,2.61,3.93,4.39,4.79,5.57
2004-05-20,1.01,2.55,3.86,4.33,4.72,5.52
2004-05-21,1.01,2.6,3.91,4.37,4.76,5.53
2004-05-24,1.06,2.59,3.9,4.36,4.75,5.53
2004-05-25,1.06,2.58,3.89,4.34,4.73,5.5
2004-05-26,1.06,2.52,3.81,4.27,4.67,5.46
2004-05-27,1.04,2.46,3.74,4.2,4.6,5.45
2004-05-28,1.06,2.54,3.81,4.26,4.66,5.42
2004-06-01,1.15,2.6,3.86,4.31,4.71,5.48
2004-06-02,1.15,2.65,3.91,4.35,4.74,5.5
2004-06-03,1.15,2.63,3.89,4.34,4.71,5.49
2004-06-04,1.18,2.7,3.97,4.41,4.78,5.54
2004-06-07,1.23,2.67,3.95,4.39,4.78,5.5
2004-06-08,1.25,2.73,3.96,4.4,4.78,5.53
2004-06-09,1.25,2.79,4.01,4.44,4.82,5.53
2004-06-10,1.27,2.81,4,4.43,4.81,5.51
2004-06-14,1.4,2.97,4.1,4.51,4.89,5.58
2004-06-15,1.32,2.77,3.9,4.31,4.69,5.45
2004-06-16,1.28,2.84,3.96,4.36,4.74,5.45
2004-06-17,1.25,2.81,3.93,4.33,4.71,5.41
2004-06-18,1.26,2.81,3.94,4.34,4.72,5.46
2004-06-21,1.32,2.8,3.91,4.33,4.7,5.45
2004-06-22,1.3,2.8,3.92,4.34,4.72,5.47
2004-06-23,1.27,2.78,3.9,4.33,4.71,5.45
2004-06-24,1.26,2.74,3.85,4.27,4.66,5.44
2004-06-25,1.28,2.74,3.85,4.27,4.66,5.41
2004-06-28,1.36,2.86,3.97,4.37,4.76,5.49
2004-06-29,1.36,2.83,3.92,4.33,4.7,5.44
2004-06-30,1.31,2.7,3.81,4.24,4.62,5.41
2004-07-01,1.2,2.64,3.74,4.18,4.57,5.35
2004-07-02,1.27,2.54,3.62,4.08,4.48,5.3
2004-07-06,1.32,2.56,3.65,4.1,4.49,5.32
2004-07-07,1.28,2.56,3.67,4.1,4.5,5.32
2004-07-08,1.25,2.55,3.65,4.09,4.49,5.32
2004-07-09,1.25,2.55,3.64,4.08,4.49,5.31
2004-07-12,1.32,2.53,3.62,4.06,4.46,5.26
2004-07-13,1.32,2.58,3.66,4.1,4.5,5.29
2004-07-14,1.32,2.62,3.68,4.1,4.5,5.32
2004-07-15,1.32,2.64,3.69,4.1,4.5,5.28
2004-07-16,1.32,2.54,3.56,3.99,4.38,5.22
2004-07-19,1.33,2.56,3.57,3.99,4.38,5.22
2004-07-20,1.34,2.67,3.68,4.09,4.47,5.25
2004-07-21,1.33,2.71,3.72,4.13,4.5,5.31
2004-07-22,1.34,2.69,3.71,4.11,4.48,5.3
2004-07-23,1.35,2.69,3.69,4.08,4.45,5.27
2004-07-26,1.43,2.75,3.73,4.13,4.49,5.27
2004-07-27,1.44,2.82,3.85,4.25,4.62,5.42
2004-07-28,1.43,2.78,3.82,4.23,4.61,5.42
2004-07-29,1.42,2.75,3.8,4.23,4.6,5.37
2004-07-30,1.42,2.68,3.71,4.13,4.5,5.31
2004-08-02,1.48,2.66,3.68,4.1,4.48,5.26
2004-08-03,1.46,2.66,3.67,4.08,4.45,5.24
2004-08-04,1.46,2.66,3.66,4.08,4.45,5.24
2004-08-05,1.45,2.64,3.64,4.05,4.43,5.22
2004-08-06,1.41,2.4,3.4,3.84,4.24,5.13
2004-08-09,1.49,2.45,3.45,3.88,4.28,5.15
2004-08-10,1.48,2.55,3.52,3.94,4.32,5.17
2004-08-11,1.42,2.54,3.51,3.92,4.3,5.16
2004-08-12,1.41,2.52,3.47,3.89,4.27,5.17
2004-08-13,1.41,2.47,3.42,3.85,4.22,5.11
2004-08-16,1.47,2.51,3.45,3.89,4.26,5.13
2004-08-17,1.46,2.44,3.39,3.83,4.21,5.13
2004-08-18,1.46,2.44,3.41,3.85,4.23,5.11
2004-08-19,1.45,2.43,3.39,3.84,4.22,5.14
2004-08-20,1.46,2.46,3.42,3.86,4.24,5.14
2004-08-23,1.52,2.5,3.46,3.9,4.28,5.15
2004-08-24,1.52,2.5,3.46,3.91,4.28,5.15
2004-08-25,1.52,2.51,3.46,3.89,4.26,5.13
2004-08-26,1.52,2.48,3.42,3.85,4.22,5.1
2004-08-27,1.53,2.48,3.43,3.86,4.23,5.1
2004-08-30,1.59,2.47,3.4,3.82,4.19,5.07
2004-08-31,1.57,2.41,3.33,3.76,4.13,5.01
2004-09-01,1.55,2.41,3.32,3.76,4.13,5.01
2004-09-02,1.57,2.46,3.4,3.83,4.2,5.07
2004-09-03,1.62,2.61,3.52,3.93,4.3,5.14
2004-09-07,1.64,2.58,3.48,3.89,4.26,5.1
2004-09-08,1.62,2.5,3.4,3.8,4.18,5.04
2004-09-09,1.61,2.5,3.41,3.84,4.22,5.07
2004-09-10,1.63,2.5,3.4,3.79,4.19,5.05
2004-09-13,1.64,2.5,3.38,3.78,4.16,5.02
2004-09-14,1.63,2.47,3.35,3.76,4.15,5.01
2004-09-15,1.64,2.51,3.39,3.8,4.18,5.04
2004-09-16,1.64,2.44,3.29,3.69,4.08,4.95
2004-09-17,1.68,2.53,3.35,3.75,4.14,4.99
2004-09-20,1.7,2.46,3.28,3.68,4.07,4.94
2004-09-21,1.69,2.49,3.28,3.66,4.05,4.94
2004-09-22,1.68,2.5,3.26,3.62,4,4.88
2004-09-23,1.69,2.57,3.3,3.66,4.02,4.86
2004-09-24,1.7,2.62,3.33,3.69,4.04,4.87
2004-09-27,1.72,2.59,3.29,3.65,4.01,4.84
2004-09-28,1.69,2.55,3.28,3.66,4.02,4.9
2004-09-29,1.69,2.61,3.37,3.75,4.1,4.97
2004-09-30,1.68,2.63,3.38,3.79,4.14,4.97
2004-10-01,1.67,2.63,3.44,3.85,4.21,5.06
2004-10-04,1.69,2.65,3.44,3.84,4.19,5.04
2004-10-05,1.68,2.65,3.44,3.83,4.18,5.04
2004-10-06,1.68,2.7,3.51,3.88,4.23,5.04
2004-10-07,1.67,2.72,3.53,3.92,4.26,5.08
2004-10-08,1.67,2.61,3.39,3.8,4.15,4.98
2004-10-12,1.69,2.56,3.35,3.77,4.12,4.95
2004-10-13,1.69,2.53,3.32,3.74,4.09,4.98
2004-10-14,1.71,2.48,3.26,3.68,4.03,4.93
2004-10-15,1.72,2.53,3.31,3.72,4.07,4.92
2004-10-18,1.78,2.55,3.31,3.72,4.07,4.92
2004-10-19,1.79,2.57,3.32,3.73,4.07,4.91
2004-10-20,1.79,2.53,3.26,3.66,4.01,4.85
2004-10-21,1.81,2.57,3.29,3.68,4.01,4.84
2004-10-22,1.81,2.55,3.26,3.66,4,4.87
2004-10-25,1.87,2.54,3.25,3.63,3.99,4.86
2004-10-26,1.88,2.54,3.26,3.65,4.01,4.87
2004-10-27,1.88,2.63,3.37,3.76,4.11,4.96
2004-10-28,1.87,2.59,3.34,3.74,4.09,4.91
2004-10-29,1.87,2.56,3.3,3.7,4.05,4.87
2004-11-01,1.96,2.61,3.36,3.76,4.11,4.92
2004-11-02,1.94,2.6,3.34,3.75,4.1,4.91
2004-11-03,1.92,2.6,3.35,3.74,4.09,4.9
2004-11-04,1.94,2.63,3.37,3.76,4.1,4.89
2004-11-05,1.99,2.8,3.51,3.88,4.21,4.99
2004-11-08,2.04,2.8,3.51,3.88,4.22,4.98
2004-11-09,2.04,2.8,3.53,3.88,4.22,5.02
2004-11-10,2.04,2.82,3.56,3.89,4.25,5.05
2004-11-12,2.04,2.86,3.53,3.89,4.2,4.96
2004-11-15,2.09,2.89,3.53,3.89,4.2,4.98
2004-11-16,2.1,2.91,3.56,3.91,4.21,4.96
2004-11-17,2.09,2.85,3.47,3.83,4.14,4.89
2004-11-18,2.09,2.86,3.48,3.81,4.12,4.86
2004-11-19,2.1,2.95,3.57,3.91,4.2,4.93
2004-11-22,2.16,2.95,3.56,3.9,4.18,4.89
2004-11-23,2.15,2.98,3.58,3.92,4.19,4.89
2004-11-24,2.14,3.01,3.61,3.93,4.2,4.89
2004-11-26,2.16,3.03,3.64,3.98,4.24,4.94
2004-11-29,2.2,3.07,3.72,4.06,4.34,5.03
2004-11-30,2.19,3.02,3.72,4.07,4.36,5.07
2004-12-01,2.18,3.01,3.72,4.08,4.38,5.08
2004-12-02,2.18,3.04,3.75,4.1,4.4,5.11
2004-12-03,2.17,2.94,3.61,3.96,4.27,4.99
2004-12-06,2.22,2.93,3.59,3.94,4.24,4.96
2004-12-07,2.21,2.95,3.6,3.94,4.23,4.95
2004-12-08,2.2,2.91,3.53,3.85,4.14,4.84
2004-12-09,2.2,2.93,3.54,3.87,4.19,4.88
2004-12-10,2.21,2.95,3.52,3.85,4.16,4.87
2004-12-13,2.21,2.98,3.54,3.85,4.16,4.85
2004-12-14,2.18,2.99,3.53,3.83,4.14,4.83
2004-12-15,2.17,2.97,3.48,3.78,4.09,4.76
2004-12-16,2.16,3.01,3.58,3.89,4.19,4.88
2004-12-17,2.16,3.03,3.59,3.91,4.21,4.89
2004-12-20,2.19,3.06,3.59,3.91,4.21,4.88
2004-12-21,2.17,3.05,3.57,3.89,4.18,4.83
2004-12-22,2.15,3.04,3.57,3.91,4.21,4.86
2004-12-23,2.15,3.02,3.58,3.92,4.23,4.9
2004-12-27,2.24,3.07,3.65,3.99,4.3,4.97
2004-12-28,2.22,3.08,3.66,4,4.31,4.95
2004-12-29,2.19,3.12,3.69,4.03,4.33,4.97
2004-12-30,2.18,3.1,3.64,3.97,4.27,4.94
2004-12-31,2.18,3.08,3.63,3.94,4.24,4.86
2005-01-03,2.29,3.1,3.64,3.94,4.23,4.85
2005-01-04,2.3,3.2,3.72,4.02,4.29,4.91
2005-01-05,2.29,3.22,3.73,4.02,4.29,4.88
2005-01-06,2.27,3.18,3.71,4.01,4.29,4.89
2005-01-07,2.28,3.2,3.73,4.03,4.29,4.88
2005-01-10,2.33,3.23,3.75,4.03,4.29,4.86
2005-01-11,2.31,3.24,3.73,4,4.26,4.84
2005-01-12,2.3,3.22,3.72,4,4.25,4.8
2005-01-13,2.31,3.21,3.68,3.95,4.2,4.77
2005-01-14,2.32,3.24,3.71,3.97,4.23,4.78
2005-01-18,2.36,3.26,3.72,3.97,4.21,4.72
2005-01-19,2.33,3.26,3.73,3.97,4.2,4.7
2005-01-20,2.31,3.21,3.68,3.94,4.17,4.71
2005-01-21,2.31,3.16,3.65,3.92,4.16,4.7
2005-01-24,2.34,3.2,3.65,3.9,4.14,4.63
2005-01-25,2.36,3.23,3.71,3.97,4.2,4.71
2005-01-26,2.37,3.27,3.73,3.98,4.21,4.7
2005-01-27,2.4,3.28,3.75,4,4.22,4.71
2005-01-28,2.41,3.25,3.69,3.93,4.16,4.64
2005-01-31,2.48,3.29,3.71,3.92,4.14,4.62
2005-02-01,2.47,3.29,3.71,3.93,4.15,4.63
2005-02-02,2.47,3.32,3.73,3.93,4.15,4.61
2005-02-03,2.44,3.34,3.76,3.97,4.18,4.58
2005-02-04,2.43,3.29,3.68,3.88,4.09,4.48
2005-02-07,2.48,3.31,3.67,3.87,4.07,4.43
2005-02-08,2.48,3.33,3.68,3.86,4.05,4.39
2005-02-09,2.47,3.24,3.58,3.79,4,4.4
2005-02-10,2.47,3.29,3.65,3.86,4.07,4.5
2005-02-11,2.5,3.34,3.7,3.9,4.1,4.52
2005-02-14,2.55,3.38,3.7,3.88,4.08,4.45
2005-02-15,2.55,3.37,3.71,3.91,4.1,4.48
2005-02-16,2.53,3.41,3.78,3.97,4.16,4.53
2005-02-17,2.53,3.38,3.78,3.99,4.19,4.58
2005-02-18,2.56,3.45,3.86,4.07,4.27,4.65
2005-02-22,2.63,3.46,3.88,4.09,4.29,4.71
2005-02-23,2.63,3.46,3.87,4.08,4.27,4.69
2005-02-24,2.64,3.52,3.91,4.1,4.29,4.67
2005-02-25,2.69,3.54,3.91,4.09,4.27,4.61
2005-02-28,2.72,3.59,4,4.18,4.36,4.71
2005-03-01,2.7,3.59,4.02,4.19,4.38,4.69
2005-03-02,2.68,3.57,4,4.2,4.38,4.71
2005-03-03,2.7,3.59,4.02,4.2,4.39,4.71
2005-03-04,2.7,3.57,3.97,4.15,4.32,4.66
2005-03-07,2.71,3.61,3.99,4.15,4.31,4.63
2005-03-08,2.7,3.62,4.05,4.22,4.38,4.67
2005-03-09,2.7,3.66,4.16,4.35,4.52,4.84
2005-03-10,2.69,3.68,4.13,4.29,4.48,4.74
2005-03-11,2.7,3.73,4.22,4.39,4.56,4.8
2005-03-14,2.75,3.75,4.2,4.36,4.52,4.77
2005-03-15,2.75,3.75,4.22,4.38,4.54,4.8
2005-03-16,2.74,3.72,4.18,4.35,4.52,4.78
2005-03-17,2.73,3.7,4.14,4.3,4.47,4.75
2005-03-18,2.75,3.72,4.18,4.34,4.51,4.8
2005-03-21,2.8,3.72,4.18,4.35,4.53,4.85
2005-03-22,2.83,3.86,4.31,4.45,4.63,4.88
2005-03-23,2.77,3.84,4.3,4.45,4.61,4.86
2005-03-24,2.78,3.88,4.3,4.44,4.6,4.84
2005-03-28,2.79,3.9,4.33,4.48,4.64,4.88
2005-03-29,2.78,3.87,4.3,4.44,4.6,4.85
2005-03-30,2.77,3.86,4.26,4.4,4.56,4.77
2005-03-31,2.73,3.8,4.18,4.33,4.5,4.76
2005-04-01,2.74,3.75,4.13,4.29,4.46,4.72
2005-04-04,2.75,3.74,4.13,4.3,4.47,4.73
2005-04-05,2.74,3.75,4.15,4.31,4.48,4.75
2005-04-06,2.71,3.7,4.09,4.26,4.44,4.73
2005-04-07,2.71,3.72,4.13,4.3,4.49,4.78
2005-04-08,2.73,3.77,4.17,4.32,4.5,4.77
2005-04-11,2.71,3.75,4.13,4.28,4.45,4.73
2005-04-12,2.71,3.71,4.05,4.2,4.38,4.66
2005-04-13,2.72,3.66,4.03,4.2,4.38,4.68
2005-04-14,2.72,3.6,3.99,4.17,4.37,4.73
2005-04-15,2.73,3.54,3.9,4.09,4.27,4.66
2005-04-18,2.85,3.55,3.9,4.08,4.27,4.62
2005-04-19,2.85,3.5,3.85,4.02,4.21,4.53
2005-04-20,2.81,3.52,3.86,4.03,4.22,4.59
2005-04-21,2.82,3.65,3.97,4.13,4.32,4.62
2005-04-22,2.87,3.62,3.92,4.08,4.26,4.6
2005-04-25,2.88,3.64,3.94,4.08,4.26,4.54
2005-04-26,2.86,3.67,3.96,4.1,4.28,4.59
2005-04-27,2.83,3.64,3.92,4.06,4.25,4.57
2005-04-28,2.82,3.59,3.85,3.99,4.19,4.52
2005-04-29,2.84,3.66,3.9,4.03,4.21,4.53
2005-05-02,2.88,3.64,3.88,4.02,4.21,4.53
2005-05-03,2.85,3.68,3.9,4.03,4.21,4.49
2005-05-04,2.81,3.63,3.87,4.01,4.2,4.6
2005-05-05,2.75,3.58,3.82,3.98,4.19,4.6
2005-05-06,2.8,3.73,3.95,4.09,4.28,4.62
2005-05-09,2.86,3.76,3.99,4.11,4.29,4.64
2005-05-10,2.84,3.69,3.93,4.04,4.23,4.6
2005-05-11,2.81,3.68,3.91,4.01,4.21,4.54
2005-05-12,2.82,3.66,3.87,3.99,4.18,4.54
2005-05-13,2.76,3.61,3.83,3.95,4.12,4.48
2005-05-16,2.84,3.61,3.83,3.9,4.13,4.49
2005-05-17,2.82,3.61,3.82,3.88,4.12,4.47
2005-05-18,2.8,3.56,3.77,3.83,4.07,4.42
2005-05-19,2.81,3.64,3.84,3.86,4.11,4.44
2005-05-20,2.83,3.69,3.88,3.89,4.13,4.44
2005-05-23,2.91,3.65,3.83,3.83,4.07,4.38
2005-05-24,2.88,3.61,3.78,3.8,4.04,4.35
2005-05-25,2.89,3.61,3.81,3.85,4.08,4.4
2005-05-26,2.88,3.64,3.82,3.92,4.08,4.45
2005-05-27,2.9,3.64,3.82,3.92,4.08,4.45
2005-05-31,2.93,3.6,3.76,3.86,4,4.36
2005-06-01,2.91,3.5,3.63,3.74,3.91,4.27
2005-06-02,2.91,3.52,3.65,3.74,3.89,4.2
2005-06-03,2.94,3.57,3.73,3.83,3.98,4.26
2005-06-06,2.96,3.59,3.73,3.82,3.96,4.23
2005-06-07,2.96,3.57,3.7,3.78,3.92,4.18
2005-06-08,2.96,3.6,3.73,3.81,3.95,4.24
2005-06-09,2.93,3.64,3.76,3.84,3.98,4.23
2005-06-10,2.94,3.71,3.84,3.92,4.05,4.3
2005-06-13,2.97,3.71,3.87,3.96,4.09,4.39
2005-06-14,2.95,3.71,3.89,3.99,4.13,4.41
2005-06-15,2.94,3.72,3.9,3.99,4.12,4.44
2005-06-16,2.91,3.7,3.87,3.96,4.09,4.36
2005-06-17,2.92,3.72,3.88,3.97,4.09,4.35
2005-06-20,2.96,3.72,3.88,3.98,4.11,4.34
2005-06-21,2.96,3.71,3.84,3.93,4.06,4.32
2005-06-22,2.97,3.62,3.72,3.81,3.95,4.23
2005-06-23,3,3.63,3.74,3.82,3.96,4.27
2005-06-24,3.02,3.59,3.69,3.78,3.92,4.23
2005-06-27,3.09,3.6,3.69,3.77,3.9,4.25
2005-06-28,3.08,3.65,3.76,3.84,3.97,4.22
2005-06-29,3.06,3.65,3.77,3.85,3.99,4.24
2005-06-30,3.06,3.66,3.72,3.8,3.94,4.19
2005-07-01,3.1,3.76,3.84,3.92,4.06,4.28
2005-07-05,3.15,3.79,3.9,3.98,4.11,4.34
2005-07-06,3.12,3.77,3.86,3.95,4.08,4.31
2005-07-07,3.08,3.71,3.83,3.92,4.05,4.28
2005-07-08,3.1,3.78,3.89,3.98,4.11,4.33
2005-07-11,3.13,3.81,3.91,3.99,4.11,4.3
2005-07-12,3.14,3.82,3.94,4.03,4.15,4.36
2005-07-13,3.15,3.84,3.96,4.04,4.17,4.38
2005-07-14,3.16,3.86,3.98,4.06,4.19,4.4
2005-07-15,3.18,3.86,3.98,4.06,4.18,4.39
2005-07-18,3.23,3.89,4.01,4.1,4.22,4.44
2005-07-19,3.24,3.88,3.99,4.07,4.2,4.41
2005-07-20,3.23,3.9,3.99,4.06,4.17,4.37
2005-07-21,3.27,3.96,4.09,4.16,4.28,4.48
2005-07-22,3.3,3.92,4.04,4.11,4.23,4.39
2005-07-25,3.37,3.95,4.06,4.14,4.25,4.44
2005-07-26,3.36,3.95,4.06,4.14,4.24,4.44
2005-07-27,3.33,3.99,4.09,4.16,4.27,4.42
2005-07-28,3.33,3.96,4.04,4.1,4.2,4.38
2005-07-29,3.34,4.02,4.12,4.19,4.28,4.42
2005-08-01,3.41,4.04,4.16,4.22,4.32,4.46
2005-08-02,3.41,4.06,4.17,4.24,4.34,4.52
2005-08-03,3.38,4.02,4.13,4.2,4.3,4.48
2005-08-04,3.39,4.04,4.15,4.22,4.32,4.5
2005-08-05,3.44,4.11,4.24,4.3,4.4,4.56
2005-08-08,3.47,4.16,4.28,4.34,4.42,4.58
2005-08-09,3.44,4.13,4.25,4.31,4.41,4.56
2005-08-10,3.43,4.13,4.24,4.3,4.4,4.56
2005-08-11,3.43,4.1,4.18,4.24,4.32,4.51
2005-08-12,3.44,4.05,4.11,4.16,4.24,4.42
2005-08-15,3.47,4.08,4.15,4.2,4.27,4.45
2005-08-16,3.46,4.03,4.1,4.15,4.23,4.41
2005-08-17,3.44,4.07,4.15,4.2,4.28,4.49
2005-08-18,3.42,4.01,4.08,4.13,4.21,4.4
2005-08-19,3.44,4.03,4.08,4.13,4.21,4.4
2005-08-22,3.46,4.03,4.08,4.14,4.22,4.4
2005-08-23,3.46,4.01,4.07,4.12,4.2,4.39
2005-08-24,3.45,3.99,4.06,4.11,4.19,4.38
2005-08-25,3.46,4,4.06,4.11,4.18,4.37
2005-08-26,3.47,4.06,4.09,4.13,4.2,4.38
2005-08-29,3.47,4.06,4.08,4.13,4.2,4.37
2005-08-30,3.46,3.97,4.03,4.08,4.16,4.34
2005-08-31,3.44,3.84,3.87,3.93,4.02,4.23
2005-09-01,3.4,3.72,3.85,3.91,4.02,4.28
2005-09-02,3.38,3.75,3.85,3.92,4.03,4.26
2005-09-06,3.45,3.8,3.89,3.97,4.09,4.36
2005-09-07,3.41,3.87,3.93,4.01,4.15,4.43
2005-09-08,3.4,3.87,3.94,4.03,4.15,4.43
2005-09-09,3.41,3.88,3.94,4.01,4.14,4.36
2005-09-12,3.44,3.92,3.98,4.06,4.18,4.45
2005-09-13,3.4,3.88,3.93,4.01,4.14,4.38
2005-09-14,3.35,3.9,3.96,4.04,4.17,4.41
2005-09-15,3.37,3.9,3.99,4.08,4.22,4.51
2005-09-16,3.42,3.97,4.05,4.13,4.26,4.56
2005-09-19,3.51,3.93,4.02,4.11,4.25,4.55
2005-09-20,3.54,4,4.06,4.14,4.26,4.49
2005-09-21,3.34,3.96,4.01,4.08,4.19,4.47
2005-09-22,3.39,3.95,3.99,4.07,4.19,4.47
2005-09-23,3.4,4.02,4.07,4.14,4.25,4.47
2005-09-26,3.46,4.07,4.11,4.18,4.3,4.56
2005-09-27,3.42,4.08,4.13,4.2,4.3,4.56
2005-09-28,3.39,4.09,4.11,4.17,4.26,4.46
2005-09-29,3.46,4.13,4.14,4.2,4.29,4.5
2005-09-30,3.47,4.18,4.18,4.23,4.34,4.53
2005-10-03,3.54,4.21,4.25,4.31,4.39,4.58
2005-10-04,3.55,4.22,4.24,4.3,4.38,4.61
2005-10-05,3.5,4.21,4.23,4.28,4.36,4.54
2005-10-06,3.52,4.2,4.23,4.28,4.37,4.55
2005-10-07,3.54,4.18,4.23,4.28,4.35,4.53
2005-10-11,3.65,4.22,4.27,4.32,4.39,4.56
2005-10-12,3.62,4.24,4.32,4.37,4.45,4.62
2005-10-13,3.66,4.24,4.32,4.38,4.48,4.66
2005-10-14,3.69,4.27,4.34,4.4,4.48,4.67
2005-10-17,3.78,4.29,4.36,4.41,4.5,4.68
2005-10-18,3.77,4.27,4.34,4.4,4.49,4.64
2005-10-19,3.77,4.25,4.32,4.38,4.47,4.66
2005-10-20,3.76,4.27,4.33,4.38,4.46,4.62
2005-10-21,3.77,4.22,4.26,4.31,4.39,4.58
2005-10-24,3.84,4.25,4.32,4.37,4.45,4.63
2005-10-25,3.84,4.34,4.41,4.46,4.54,4.7
2005-10-26,3.81,4.38,4.46,4.52,4.6,4.77
2005-10-27,3.79,4.36,4.43,4.49,4.57,4.74
2005-10-28,3.83,4.4,4.46,4.51,4.58,4.74
2005-10-31,3.89,4.4,4.45,4.49,4.57,4.73
2005-11-01,3.87,4.42,4.47,4.51,4.58,4.74
2005-11-02,3.85,4.43,4.5,4.54,4.61,4.74
2005-11-03,3.85,4.47,4.55,4.59,4.65,4.79
2005-11-04,3.88,4.47,4.56,4.6,4.66,4.84
2005-11-07,3.87,4.47,4.55,4.59,4.65,4.82
2005-11-08,3.87,4.43,4.49,4.52,4.57,4.75
2005-11-09,3.9,4.49,4.55,4.58,4.64,4.78
2005-11-10,3.88,4.44,4.49,4.51,4.55,4.74
2005-11-14,3.93,4.5,4.54,4.57,4.61,4.75
2005-11-15,3.92,4.47,4.51,4.52,4.56,4.7
2005-11-16,3.91,4.42,4.43,4.45,4.49,4.63
2005-11-17,3.92,4.37,4.39,4.42,4.46,4.6
2005-11-18,3.91,4.4,4.43,4.45,4.5,4.68
2005-11-21,3.91,4.39,4.39,4.42,4.46,4.62
2005-11-22,3.84,4.32,4.34,4.37,4.43,4.65
2005-11-23,3.86,4.36,4.38,4.41,4.47,4.7
2005-11-25,3.86,4.33,4.34,4.37,4.43,4.66
2005-11-28,3.89,4.33,4.32,4.35,4.41,4.58
2005-11-29,3.89,4.4,4.4,4.42,4.48,4.65
2005-11-30,3.86,4.42,4.42,4.45,4.49,4.66
2005-12-01,3.88,4.45,4.45,4.47,4.52,4.68
2005-12-02,3.9,4.43,4.45,4.48,4.52,4.68
2005-12-05,3.95,4.47,4.5,4.53,4.57,4.72
2005-12-06,3.95,4.42,4.42,4.44,4.49,4.68
2005-12-07,3.94,4.42,4.43,4.46,4.52,4.67
2005-12-08,3.85,4.37,4.36,4.39,4.47,4.62
2005-12-09,3.85,4.43,4.44,4.47,4.54,4.72
2005-12-12,3.83,4.45,4.46,4.49,4.56,4.69
2005-12-13,3.83,4.43,4.44,4.47,4.54,4.68
2005-12-14,3.81,4.37,4.36,4.38,4.45,4.63
2005-12-15,3.84,4.37,4.38,4.41,4.47,4.62
2005-12-16,3.84,4.37,4.36,4.39,4.45,4.63
2005-12-19,3.89,4.38,4.37,4.39,4.45,4.62
2005-12-20,3.88,4.42,4.4,4.41,4.47,4.63
2005-12-21,3.9,4.43,4.42,4.44,4.49,4.65
2005-12-22,3.89,4.4,4.38,4.39,4.44,4.59
2005-12-23,3.9,4.37,4.32,4.33,4.38,4.52
2005-12-27,3.9,4.35,4.3,4.31,4.34,4.48
2005-12-28,3.87,4.37,4.32,4.34,4.38,4.51
2005-12-29,3.92,4.38,4.33,4.34,4.37,4.49
2005-12-30,3.99,4.41,4.35,4.36,4.39,4.51
2006-01-03,4.07,4.34,4.3,4.32,4.37,4.52
2006-01-04,4.09,4.31,4.28,4.31,4.36,4.55
2006-01-05,4.1,4.32,4.29,4.31,4.36,4.51
2006-01-06,4.12,4.36,4.32,4.33,4.38,4.53
2006-01-09,4.14,4.36,4.32,4.34,4.38,4.53
2006-01-10,4.19,4.41,4.36,4.38,4.43,4.62
2006-01-11,4.2,4.44,4.39,4.41,4.46,4.61
2006-01-12,4.22,4.39,4.35,4.37,4.42,4.56
2006-01-13,4.23,4.34,4.28,4.3,4.36,4.49
2006-01-17,4.28,4.33,4.27,4.29,4.34,4.52
2006-01-18,4.25,4.33,4.28,4.3,4.34,4.53
2006-01-19,4.25,4.37,4.31,4.33,4.38,4.51
2006-01-20,4.25,4.37,4.31,4.32,4.37,4.54
2006-01-23,4.28,4.35,4.3,4.31,4.36,4.54
2006-01-24,4.3,4.37,4.32,4.34,4.4,4.53
2006-01-25,4.32,4.46,4.41,4.43,4.49,4.62
2006-01-26,4.34,4.49,4.44,4.46,4.53,4.66
2006-01-27,4.34,4.51,4.45,4.47,4.52,4.7
2006-01-30,4.38,4.52,4.46,4.49,4.54,4.67
2006-01-31,4.37,4.54,4.47,4.49,4.53,4.69
2006-02-01,4.37,4.59,4.51,4.52,4.57,4.69
2006-02-02,4.37,4.59,4.51,4.53,4.57,4.68
2006-02-03,4.37,4.59,4.5,4.51,4.54,4.64
2006-02-06,4.38,4.62,4.51,4.52,4.55,4.61
2006-02-07,4.39,4.61,4.52,4.54,4.57,4.64
2006-02-08,4.4,4.64,4.55,4.55,4.56,4.67
2006-02-09,4.41,4.66,4.55,4.55,4.54,4.51
2006-02-10,4.42,4.69,4.59,4.59,4.59,4.55
2006-02-13,4.45,4.68,4.58,4.58,4.58,4.56
2006-02-14,4.45,4.69,4.61,4.61,4.62,4.6
2006-02-15,4.44,4.71,4.6,4.6,4.61,4.58
2006-02-16,4.44,4.69,4.59,4.59,4.59,4.57
2006-02-17,4.43,4.66,4.55,4.54,4.54,4.51
2006-02-21,4.46,4.71,4.59,4.58,4.57,4.53
2006-02-22,4.46,4.68,4.57,4.55,4.53,4.48
2006-02-23,4.48,4.72,4.63,4.58,4.56,4.51
2006-02-24,4.49,4.74,4.64,4.6,4.58,4.52
2006-02-27,4.51,4.74,4.66,4.61,4.59,4.55
2006-02-28,4.51,4.69,4.61,4.57,4.55,4.51
2006-03-01,4.49,4.71,4.63,4.6,4.59,4.56
2006-03-02,4.5,4.72,4.68,4.66,4.64,4.62
2006-03-03,4.5,4.76,4.71,4.69,4.68,4.66
2006-03-06,4.49,4.77,4.76,4.74,4.74,4.72
2006-03-07,4.49,4.77,4.76,4.75,4.74,4.72
2006-03-08,4.47,4.72,4.75,4.74,4.73,4.72
2006-03-09,4.48,4.72,4.75,4.74,4.74,4.72
2006-03-10,4.5,4.74,4.77,4.76,4.76,4.74
2006-03-13,4.5,4.74,4.78,4.78,4.77,4.77
2006-03-14,4.48,4.66,4.68,4.69,4.71,4.71
2006-03-15,4.51,4.69,4.69,4.7,4.73,4.75
2006-03-16,4.5,4.62,4.6,4.61,4.65,4.7
2006-03-17,4.52,4.65,4.62,4.63,4.68,4.72
2006-03-20,4.55,4.65,4.61,4.62,4.66,4.7
2006-03-21,4.57,4.72,4.68,4.69,4.71,4.74
2006-03-22,4.57,4.74,4.69,4.7,4.7,4.73
2006-03-23,4.55,4.77,4.73,4.73,4.73,4.75
2006-03-24,4.54,4.72,4.66,4.66,4.67,4.7
2006-03-27,4.51,4.72,4.69,4.69,4.7,4.73
2006-03-28,4.53,4.81,4.79,4.79,4.79,4.8
2006-03-29,4.51,4.82,4.79,4.79,4.81,4.84
2006-03-30,4.5,4.84,4.83,4.83,4.86,4.89
2006-03-31,4.52,4.82,4.82,4.83,4.86,4.9
2006-04-03,4.55,4.86,4.85,4.86,4.88,4.9
2006-04-04,4.56,4.84,4.82,4.84,4.87,4.91
2006-04-05,4.55,4.81,4.79,4.8,4.84,4.9
2006-04-06,4.56,4.84,4.84,4.86,4.9,4.96
2006-04-07,4.57,4.89,4.89,4.92,4.97,5.04
2006-04-10,4.58,4.89,4.89,4.92,4.97,5.04
2006-04-11,4.58,4.88,4.86,4.88,4.93,5
2006-04-12,4.58,4.91,4.91,4.93,4.98,5.05
2006-04-13,4.58,4.96,4.97,5,5.05,5.11
2006-04-17,4.61,4.91,4.93,4.96,5.01,5.08
2006-04-18,4.61,4.84,4.87,4.92,4.99,5.07
2006-04-19,4.61,4.86,4.91,4.96,5.04,5.13
2006-04-20,4.61,4.89,4.92,4.97,5.04,5.14
2006-04-21,4.63,4.9,4.92,4.95,5.01,5.1
2006-04-24,4.64,4.89,4.9,4.94,4.99,5.07
2006-04-25,4.67,4.95,4.98,5.02,5.07,5.16
2006-04-26,4.67,4.99,5.02,5.06,5.12,5.18
2006-04-27,4.66,4.91,4.95,5,5.09,5.18
2006-04-28,4.65,4.87,4.92,4.98,5.07,5.17
2006-05-01,4.7,4.94,4.99,5.04,5.14,5.23
2006-05-02,4.69,4.92,4.98,5.03,5.12,5.2
2006-05-03,4.7,4.94,5.01,5.06,5.15,5.24
2006-05-04,4.68,4.97,5.03,5.08,5.16,5.23
2006-05-05,4.7,4.94,4.99,5.03,5.12,5.2
2006-05-08,4.75,4.97,5.01,5.05,5.12,5.19
2006-05-09,4.76,4.97,5.01,5.05,5.13,5.2
2006-05-10,4.76,5.01,5.03,5.06,5.13,5.19
2006-05-11,4.7,4.99,5.04,5.07,5.14,5.23
2006-05-12,4.72,5.01,5.08,5.12,5.19,5.29
2006-05-15,4.74,4.99,5.04,5.08,5.15,5.26
2006-05-16,4.71,4.96,4.99,5.03,5.1,5.22
2006-05-17,4.71,4.97,5.03,5.08,5.16,5.28
2006-05-18,4.71,4.94,4.96,5,5.08,5.18
2006-05-19,4.7,4.96,4.96,4.98,5.05,5.14
2006-05-22,4.71,4.94,4.94,4.96,5.04,5.13
2006-05-23,4.72,4.97,4.98,5,5.07,5.16
2006-05-24,4.7,4.94,4.93,4.96,5.03,5.13
2006-05-25,4.7,4.98,4.97,4.99,5.07,5.17
2006-05-26,4.72,4.96,4.95,4.97,5.06,5.16
2006-05-30,4.72,4.99,4.99,5.01,5.09,5.19
2006-05-31,4.74,5.04,5.04,5.06,5.12,5.21
2006-06-01,4.71,5.04,5.03,5.05,5.11,5.2
2006-06-02,4.69,4.92,4.9,4.92,5,5.1
2006-06-05,4.73,4.99,4.95,4.97,5.02,5.1
2006-06-06,4.74,4.99,4.95,4.96,5.01,5.08
2006-06-07,4.74,5.02,4.97,4.98,5.02,5.09
2006-06-08,4.74,5.01,4.95,4.96,5,5.06
2006-06-09,4.75,5.01,4.95,4.95,4.98,5.03
2006-06-12,4.81,5.02,4.95,4.96,4.99,5.03
2006-06-13,4.77,5.02,4.93,4.94,4.97,5.01
2006-06-14,4.77,5.11,5.03,5.04,5.05,5.09
2006-06-15,4.72,5.14,5.08,5.08,5.1,5.13
2006-06-16,4.75,5.16,5.1,5.1,5.13,5.17
2006-06-19,4.81,5.19,5.12,5.13,5.14,5.18
2006-06-20,4.8,5.19,5.13,5.14,5.15,5.19
2006-06-21,4.79,5.2,5.14,5.14,5.16,5.19
2006-06-22,4.79,5.23,5.18,5.18,5.2,5.23
2006-06-23,4.84,5.27,5.21,5.21,5.23,5.26
2006-06-26,4.91,5.27,5.22,5.23,5.25,5.28
2006-06-27,4.92,5.24,5.19,5.2,5.21,5.24
2006-06-28,4.88,5.29,5.23,5.23,5.25,5.28
2006-06-29,4.88,5.21,5.17,5.18,5.22,5.26
2006-06-30,4.87,5.16,5.1,5.11,5.15,5.19
2006-07-03,4.96,5.17,5.11,5.12,5.15,5.2
2006-07-05,4.88,5.24,5.19,5.19,5.23,5.27
2006-07-06,4.87,5.22,5.15,5.16,5.19,5.23
2006-07-07,4.89,5.17,5.1,5.1,5.14,5.18
2006-07-10,4.93,5.17,5.1,5.1,5.13,5.17
2006-07-11,4.92,5.17,5.07,5.08,5.1,5.14
2006-07-12,4.93,5.17,5.08,5.09,5.1,5.14
2006-07-13,4.92,5.12,5.04,5.05,5.08,5.12
2006-07-14,4.93,5.08,5.02,5.03,5.07,5.11
2006-07-17,4.98,5.12,5.04,5.04,5.07,5.1
2006-07-18,5,5.19,5.1,5.1,5.13,5.16
2006-07-19,4.98,5.12,5.02,5.02,5.06,5.1
2006-07-20,4.95,5.06,4.98,4.99,5.03,5.08
2006-07-21,4.96,5.08,4.99,5,5.05,5.1
2006-07-24,4.97,5.1,4.99,5,5.05,5.11
2006-07-25,5,5.11,5.02,5.03,5.07,5.13
2006-07-26,4.98,5.06,4.99,5,5.04,5.1
2006-07-27,4.97,5.07,4.98,5,5.07,5.11
2006-07-28,4.94,4.98,4.92,4.94,5,5.07
2006-07-31,4.97,4.97,4.91,4.93,4.99,5.07
2006-08-01,4.99,4.97,4.9,4.92,4.99,5.07
2006-08-02,4.97,4.97,4.88,4.9,4.96,5.05
2006-08-03,4.98,4.98,4.9,4.91,4.96,5.04
2006-08-04,4.96,4.91,4.84,4.85,4.91,5
2006-08-07,4.99,4.96,4.86,4.87,4.93,5
2006-08-08,4.97,4.91,4.85,4.86,4.93,5.02
2006-08-09,4.94,4.91,4.86,4.87,4.92,5.05
2006-08-10,4.92,4.93,4.86,4.87,4.93,5.06
2006-08-11,4.94,4.96,4.91,4.92,4.97,5.09
2006-08-14,4.99,5.01,4.95,4.96,5,5.12
2006-08-15,4.97,4.94,4.88,4.89,4.93,5.05
2006-08-16,4.94,4.87,4.81,4.82,4.87,5
2006-08-17,4.96,4.89,4.82,4.82,4.87,5
2006-08-18,4.97,4.87,4.78,4.78,4.84,4.97
2006-08-21,4.98,4.85,4.77,4.77,4.82,4.96
2006-08-22,4.97,4.87,4.77,4.77,4.82,4.95
2006-08-23,4.96,4.87,4.77,4.78,4.82,4.95
2006-08-24,4.96,4.88,4.78,4.78,4.81,4.94
2006-08-25,4.98,4.86,4.76,4.76,4.79,4.93
2006-08-28,4.97,4.88,4.77,4.77,4.8,4.94
2006-08-29,4.94,4.87,4.77,4.77,4.79,4.93
2006-08-30,4.92,4.83,4.72,4.72,4.76,4.91
2006-08-31,4.92,4.79,4.7,4.7,4.74,4.88
2006-09-01,4.89,4.77,4.68,4.69,4.73,4.87
2006-09-05,4.87,4.8,4.73,4.74,4.78,4.93
2006-09-06,4.84,4.82,4.75,4.76,4.8,4.95
2006-09-07,4.84,4.82,4.74,4.75,4.8,4.94
2006-09-08,4.8,4.8,4.71,4.72,4.78,4.92
2006-09-11,4.81,4.83,4.74,4.75,4.8,4.95
2006-09-12,4.78,4.82,4.71,4.73,4.78,4.91
2006-09-13,4.79,4.8,4.7,4.72,4.77,4.9
2006-09-14,4.82,4.83,4.74,4.75,4.79,4.92
2006-09-15,4.83,4.87,4.76,4.77,4.8,4.92
2006-09-18,4.82,4.88,4.77,4.78,4.81,4.93
2006-09-19,4.82,4.79,4.69,4.69,4.74,4.86
2006-09-20,4.81,4.81,4.7,4.7,4.73,4.85
2006-09-21,4.79,4.71,4.6,4.61,4.65,4.78
2006-09-22,4.8,4.67,4.55,4.56,4.6,4.74
2006-09-25,4.76,4.63,4.51,4.51,4.56,4.7
2006-09-26,4.76,4.68,4.55,4.55,4.59,4.71
2006-09-27,4.76,4.66,4.56,4.56,4.6,4.73
2006-09-28,4.75,4.68,4.57,4.58,4.63,4.76
2006-09-29,4.77,4.71,4.59,4.6,4.64,4.77
2006-10-02,4.76,4.66,4.56,4.57,4.62,4.76
2006-10-03,4.78,4.67,4.56,4.57,4.62,4.76
2006-10-04,4.8,4.6,4.5,4.52,4.57,4.72
2006-10-05,4.81,4.65,4.55,4.56,4.61,4.76
2006-10-06,4.82,4.74,4.64,4.65,4.7,4.84
2006-10-10,4.87,4.82,4.71,4.71,4.75,4.88
2006-10-11,4.89,4.85,4.75,4.75,4.78,4.91
2006-10-12,4.93,4.85,4.74,4.74,4.79,4.91
2006-10-13,4.92,4.87,4.77,4.77,4.81,4.94
2006-10-16,4.96,4.85,4.76,4.76,4.79,4.92
2006-10-17,4.96,4.83,4.73,4.74,4.78,4.91
2006-10-18,4.96,4.85,4.74,4.73,4.77,4.89
2006-10-19,4.97,4.85,4.75,4.75,4.79,4.91
2006-10-20,4.96,4.87,4.76,4.76,4.79,4.91
2006-10-23,4.99,4.9,4.8,4.8,4.83,4.95
2006-10-24,5,4.91,4.81,4.81,4.83,4.95
2006-10-25,4.99,4.88,4.75,4.75,4.78,4.89
2006-10-26,4.99,4.81,4.69,4.7,4.73,4.84
2006-10-27,4.98,4.76,4.64,4.64,4.68,4.8
2006-10-30,4.97,4.78,4.64,4.64,4.68,4.78
2006-10-31,4.95,4.71,4.57,4.57,4.61,4.72
2006-11-01,4.94,4.66,4.52,4.52,4.57,4.68
2006-11-02,4.94,4.67,4.55,4.56,4.6,4.72
2006-11-03,4.96,4.82,4.7,4.7,4.72,4.81
2006-11-06,4.96,4.82,4.69,4.69,4.71,4.79
2006-11-07,4.95,4.77,4.63,4.63,4.66,4.76
2006-11-08,4.97,4.75,4.61,4.61,4.64,4.73
2006-11-09,4.96,4.75,4.6,4.6,4.62,4.73
2006-11-10,4.97,4.73,4.57,4.57,4.59,4.69
2006-11-13,4.96,4.76,4.6,4.6,4.61,4.71
2006-11-14,4.96,4.74,4.57,4.57,4.57,4.66
2006-11-15,4.96,4.8,4.62,4.62,4.61,4.69
2006-11-16,4.96,4.85,4.67,4.66,4.66,4.74
2006-11-17,4.96,4.76,4.6,4.6,4.61,4.69
2006-11-20,4.95,4.76,4.6,4.59,4.6,4.68
2006-11-21,4.94,4.75,4.58,4.58,4.58,4.66
2006-11-22,4.92,4.74,4.57,4.57,4.57,4.65
2006-11-24,4.91,4.73,4.55,4.55,4.55,4.63
2006-11-27,4.92,4.71,4.54,4.54,4.54,4.62
2006-11-28,4.91,4.67,4.5,4.5,4.51,4.59
2006-11-29,4.91,4.69,4.51,4.51,4.52,4.61
2006-11-30,4.9,4.62,4.45,4.45,4.46,4.56
2006-12-01,4.9,4.52,4.39,4.39,4.43,4.54
2006-12-04,4.88,4.52,4.39,4.39,4.43,4.55
2006-12-05,4.86,4.52,4.39,4.4,4.45,4.57
2006-12-06,4.86,4.59,4.44,4.44,4.48,4.6
2006-12-07,4.85,4.58,4.45,4.45,4.49,4.6
2006-12-08,4.84,4.68,4.53,4.54,4.56,4.66
2006-12-11,4.81,4.67,4.5,4.5,4.52,4.63
2006-12-12,4.81,4.61,4.45,4.45,4.49,4.6
2006-12-13,4.82,4.7,4.54,4.55,4.58,4.69
2006-12-14,4.83,4.73,4.58,4.58,4.6,4.72
2006-12-15,4.79,4.73,4.57,4.57,4.6,4.72
2006-12-18,4.84,4.71,4.57,4.57,4.6,4.72
2006-12-19,4.84,4.71,4.57,4.57,4.6,4.73
2006-12-20,4.84,4.71,4.57,4.57,4.6,4.73
2006-12-21,4.84,4.66,4.52,4.52,4.55,4.7
2006-12-22,4.86,4.71,4.59,4.6,4.63,4.76
2006-12-26,4.87,4.71,4.58,4.59,4.61,4.73
2006-12-27,4.85,4.77,4.64,4.64,4.66,4.78
2006-12-28,4.87,4.82,4.69,4.69,4.7,4.81
2006-12-29,4.89,4.82,4.7,4.7,4.71,4.81
2007-01-02,4.94,4.8,4.68,4.68,4.68,4.79
2007-01-03,4.92,4.76,4.66,4.66,4.67,4.77
2007-01-04,4.91,4.71,4.61,4.61,4.62,4.72
2007-01-05,4.92,4.76,4.65,4.65,4.65,4.74
2007-01-08,4.95,4.78,4.66,4.66,4.66,4.74
2007-01-09,4.95,4.79,4.65,4.65,4.66,4.74
2007-01-10,4.96,4.81,4.68,4.68,4.69,4.77
2007-01-11,4.98,4.86,4.73,4.73,4.74,4.82
2007-01-12,4.96,4.88,4.76,4.76,4.77,4.86
2007-01-16,4.98,4.86,4.74,4.74,4.75,4.85
2007-01-17,4.99,4.91,4.78,4.78,4.79,4.88
2007-01-18,4.99,4.89,4.75,4.75,4.75,4.85
2007-01-19,5.01,4.93,4.78,4.78,4.78,4.87
2007-01-22,5,4.91,4.77,4.76,4.76,4.84
2007-01-23,5.01,4.94,4.81,4.81,4.81,4.9
2007-01-24,5,4.93,4.81,4.81,4.81,4.91
2007-01-25,5.01,4.98,4.85,4.85,4.87,4.96
2007-01-26,5,4.99,4.87,4.87,4.88,4.98
2007-01-29,5.01,4.99,4.89,4.89,4.9,4.99
2007-01-30,5,4.98,4.86,4.86,4.88,4.98
2007-01-31,4.99,4.94,4.82,4.82,4.83,4.93
2007-02-01,5,4.96,4.84,4.84,4.84,4.93
2007-02-02,5.01,4.94,4.82,4.82,4.83,4.93
2007-02-05,5.02,4.92,4.8,4.8,4.81,4.91
2007-02-06,5.01,4.9,4.76,4.76,4.77,4.87
2007-02-07,5.02,4.87,4.74,4.73,4.74,4.86
2007-02-08,5.03,4.87,4.73,4.73,4.73,4.81
2007-02-09,5.02,4.92,4.78,4.78,4.79,4.87
2007-02-12,5.04,4.94,4.8,4.8,4.8,4.88
2007-02-13,5.03,4.95,4.81,4.81,4.82,4.9
2007-02-14,5.02,4.87,4.72,4.72,4.74,4.83
2007-02-15,5.03,4.83,4.68,4.69,4.7,4.81
2007-02-16,5.04,4.83,4.68,4.68,4.69,4.79
2007-02-20,5.05,4.81,4.67,4.67,4.68,4.78
2007-02-21,5.04,4.82,4.68,4.68,4.69,4.79
2007-02-22,5.05,4.87,4.72,4.72,4.73,4.83
2007-02-23,5.05,4.82,4.67,4.67,4.68,4.79
2007-02-26,5.05,4.77,4.62,4.62,4.63,4.73
2007-02-27,4.99,4.59,4.46,4.46,4.5,4.62
2007-02-28,5.01,4.65,4.52,4.53,4.56,4.68
2007-03-01,5,4.63,4.5,4.51,4.56,4.68
2007-03-02,4.98,4.56,4.46,4.47,4.52,4.65
2007-03-05,4.97,4.53,4.45,4.46,4.51,4.64
2007-03-06,4.99,4.58,4.48,4.49,4.53,4.66
2007-03-07,4.97,4.54,4.45,4.46,4.5,4.64
2007-03-08,4.95,4.56,4.45,4.46,4.51,4.65
2007-03-09,4.96,4.66,4.55,4.55,4.59,4.72
2007-03-12,4.96,4.62,4.5,4.51,4.56,4.69
2007-03-13,4.94,4.52,4.41,4.43,4.5,4.66
2007-03-14,4.92,4.54,4.44,4.46,4.53,4.69
2007-03-15,4.91,4.57,4.46,4.47,4.54,4.69
2007-03-16,4.9,4.58,4.47,4.49,4.55,4.7
2007-03-19,4.93,4.61,4.5,4.51,4.58,4.72
2007-03-20,4.92,4.6,4.47,4.49,4.56,4.71
2007-03-21,4.91,4.51,4.43,4.45,4.53,4.7
2007-03-22,4.92,4.58,4.49,4.52,4.6,4.78
2007-03-23,4.94,4.6,4.52,4.54,4.62,4.8
2007-03-26,4.93,4.56,4.48,4.51,4.6,4.79
2007-03-27,4.93,4.58,4.5,4.53,4.62,4.81
2007-03-28,4.92,4.53,4.5,4.53,4.62,4.83
2007-03-29,4.91,4.58,4.53,4.55,4.64,4.83
2007-03-30,4.9,4.58,4.54,4.58,4.65,4.84
2007-04-02,4.91,4.6,4.54,4.57,4.65,4.84
2007-04-03,4.91,4.63,4.56,4.59,4.67,4.85
2007-04-04,4.92,4.61,4.55,4.58,4.66,4.85
2007-04-05,4.9,4.63,4.57,4.6,4.68,4.87
2007-04-06,4.91,4.75,4.67,4.69,4.76,4.92
2007-04-09,4.89,4.73,4.66,4.68,4.75,4.92
2007-04-10,4.89,4.71,4.63,4.65,4.73,4.91
2007-04-11,4.9,4.73,4.66,4.67,4.74,4.92
2007-04-12,4.89,4.73,4.66,4.67,4.74,4.91
2007-04-13,4.88,4.76,4.68,4.7,4.76,4.93
2007-04-16,4.88,4.74,4.67,4.69,4.74,4.89
2007-04-17,4.87,4.68,4.61,4.62,4.69,4.85
2007-04-18,4.86,4.64,4.56,4.58,4.66,4.81
2007-04-19,4.85,4.64,4.57,4.6,4.68,4.84
2007-04-20,4.85,4.64,4.57,4.6,4.68,4.85
2007-04-23,4.85,4.62,4.55,4.57,4.66,4.83
2007-04-24,4.84,4.58,4.51,4.54,4.63,4.8
2007-04-25,4.83,4.63,4.55,4.57,4.66,4.83
2007-04-26,4.82,4.67,4.59,4.61,4.69,4.87
2007-04-27,4.81,4.67,4.59,4.62,4.71,4.89
2007-04-30,4.79,4.6,4.51,4.55,4.63,4.81
2007-05-01,4.76,4.63,4.54,4.57,4.64,4.81
2007-05-02,4.77,4.65,4.55,4.58,4.65,4.82
2007-05-03,4.76,4.71,4.59,4.61,4.68,4.84
2007-05-04,4.76,4.68,4.55,4.58,4.65,4.8
2007-05-07,4.77,4.68,4.55,4.57,4.64,4.79
2007-05-08,4.76,4.68,4.54,4.56,4.63,4.8
2007-05-09,4.74,4.73,4.58,4.6,4.67,4.83
2007-05-10,4.73,4.7,4.56,4.58,4.65,4.83
2007-05-11,4.73,4.71,4.58,4.6,4.67,4.85
2007-05-14,4.73,4.73,4.61,4.63,4.69,4.86
2007-05-15,4.7,4.75,4.63,4.65,4.71,4.88
2007-05-16,4.62,4.73,4.62,4.64,4.71,4.88
2007-05-17,4.68,4.78,4.68,4.69,4.76,4.91
2007-05-18,4.7,4.82,4.74,4.75,4.81,4.96
2007-05-21,4.76,4.81,4.71,4.73,4.79,4.94
2007-05-22,4.79,4.83,4.76,4.78,4.83,4.98
2007-05-23,4.77,4.85,4.79,4.8,4.86,5.01
2007-05-24,4.77,4.85,4.79,4.8,4.86,5
2007-05-25,4.75,4.85,4.8,4.82,4.86,5.01
2007-05-29,4.76,4.88,4.82,4.83,4.88,5.01
2007-05-30,4.71,4.89,4.83,4.84,4.88,5.01
2007-05-31,4.6,4.92,4.86,4.87,4.9,5.01
2007-06-01,4.66,4.97,4.92,4.92,4.95,5.06
2007-06-04,4.68,4.97,4.91,4.91,4.93,5.02
2007-06-05,4.7,4.99,4.96,4.96,4.98,5.07
2007-06-06,4.67,4.97,4.94,4.94,4.97,5.08
2007-06-07,4.67,5.03,5.05,5.07,5.11,5.2
2007-06-08,4.64,5.01,5.06,5.08,5.12,5.22
2007-06-11,4.6,5.01,5.07,5.1,5.14,5.24
2007-06-12,4.59,5.08,5.18,5.21,5.26,5.35
2007-06-13,4.53,5.08,5.13,5.16,5.2,5.28
2007-06-14,4.52,5.1,5.16,5.19,5.23,5.3
2007-06-15,4.43,5.05,5.1,5.12,5.16,5.26
2007-06-18,4.51,5.01,5.07,5.1,5.15,5.26
2007-06-19,4.52,4.94,5,5.03,5.09,5.2
2007-06-20,4.61,4.97,5.05,5.09,5.14,5.24
2007-06-21,4.57,4.98,5.06,5.1,5.16,5.28
2007-06-22,4.59,4.92,5.02,5.07,5.14,5.25
2007-06-25,4.69,4.87,4.97,5.01,5.09,5.2
2007-06-26,4.69,4.9,4.99,5.03,5.1,5.22
2007-06-27,4.64,4.91,4.97,5.02,5.09,5.2
2007-06-28,4.64,4.96,5.02,5.06,5.12,5.22
2007-06-29,4.68,4.87,4.92,4.96,5.03,5.12
2007-07-02,4.81,4.86,4.9,4.93,5,5.09
2007-07-03,4.81,4.89,4.95,4.99,5.05,5.14
2007-07-05,4.81,4.99,5.05,5.1,5.16,5.24
2007-07-06,4.81,4.99,5.1,5.14,5.19,5.28
2007-07-09,4.83,4.97,5.07,5.11,5.16,5.25
2007-07-10,4.81,4.85,4.93,4.97,5.03,5.14
2007-07-11,4.81,4.89,4.98,5.02,5.09,5.18
2007-07-12,4.83,4.94,5.03,5.08,5.13,5.22
2007-07-13,4.83,4.94,5.01,5.05,5.11,5.19
2007-07-16,4.84,4.89,4.95,4.99,5.05,5.14
2007-07-17,4.82,4.91,4.98,5.02,5.08,5.16
2007-07-18,4.82,4.84,4.91,4.95,5.02,5.1
2007-07-19,4.84,4.87,4.94,4.98,5.04,5.12
2007-07-20,4.83,4.79,4.85,4.9,4.96,5.07
2007-07-23,4.88,4.8,4.86,4.9,4.97,5.07
2007-07-24,4.88,4.77,4.82,4.87,4.94,5.05
2007-07-25,4.85,4.74,4.8,4.85,4.92,5.04
2007-07-26,4.78,4.56,4.61,4.68,4.79,4.95
2007-07-27,4.72,4.56,4.6,4.68,4.8,4.95
2007-07-30,4.82,4.59,4.64,4.71,4.82,4.97
2007-07-31,4.82,4.56,4.6,4.67,4.78,4.92
2007-08-01,4.75,4.56,4.6,4.66,4.76,4.9
2007-08-02,4.75,4.59,4.62,4.68,4.77,4.91
2007-08-03,4.72,4.46,4.52,4.59,4.71,4.87
2007-08-06,4.74,4.46,4.52,4.6,4.72,4.89
2007-08-07,4.8,4.56,4.6,4.66,4.77,4.92
2007-08-08,4.81,4.64,4.69,4.75,4.84,5.01
2007-08-09,4.67,4.49,4.58,4.66,4.79,5.02
2007-08-10,4.44,4.47,4.59,4.68,4.81,5.03
2007-08-13,4.61,4.46,4.57,4.65,4.78,5.01
2007-08-14,4.51,4.39,4.51,4.6,4.73,4.99
2007-08-15,4.1,4.27,4.41,4.52,4.69,5
2007-08-16,3.69,4.08,4.26,4.39,4.6,4.92
2007-08-17,3.65,4.18,4.35,4.47,4.68,5
2007-08-20,3.08,4.11,4.32,4.44,4.64,4.98
2007-08-21,3.51,4.05,4.27,4.41,4.6,4.95
2007-08-22,3.58,4.15,4.34,4.46,4.63,4.96
2007-08-23,3.79,4.2,4.36,4.47,4.62,4.93
2007-08-24,4.13,4.3,4.42,4.5,4.63,4.88
2007-08-27,4.5,4.28,4.39,4.47,4.6,4.87
2007-08-28,4.28,4.13,4.25,4.36,4.53,4.86
2007-08-29,3.88,4.14,4.31,4.41,4.57,4.88
2007-08-30,3.74,4.08,4.21,4.33,4.51,4.83
2007-08-31,3.91,4.15,4.25,4.36,4.54,4.83
2007-09-04,4.35,4.13,4.26,4.38,4.56,4.84
2007-09-05,4.24,4.03,4.16,4.29,4.48,4.78
2007-09-06,4.18,4.08,4.2,4.32,4.51,4.79
2007-09-07,3.96,3.9,4.03,4.17,4.38,4.7
2007-09-10,3.86,3.87,4,4.13,4.34,4.65
2007-09-11,4,3.95,4.07,4.19,4.37,4.65
2007-09-12,3.93,3.95,4.11,4.23,4.41,4.68
2007-09-13,3.97,4.08,4.22,4.33,4.49,4.75
2007-09-14,3.9,4.05,4.18,4.3,4.47,4.72
2007-09-17,4.05,4.08,4.21,4.32,4.48,4.72
2007-09-18,3.91,4,4.19,4.32,4.5,4.77
2007-09-19,3.83,4,4.2,4.33,4.53,4.83
2007-09-20,3.69,4.1,4.35,4.49,4.69,4.96
2007-09-21,3.64,4.06,4.31,4.44,4.64,4.89
2007-09-24,3.76,4.05,4.31,4.44,4.63,4.88
2007-09-25,3.7,4,4.26,4.41,4.63,4.89
2007-09-26,3.64,3.97,4.27,4.43,4.63,4.9
2007-09-27,3.62,3.95,4.22,4.37,4.58,4.84
2007-09-28,3.72,3.97,4.23,4.38,4.59,4.83
2007-10-01,3.83,4.02,4.24,4.37,4.56,4.79
2007-10-02,3.86,3.98,4.2,4.34,4.54,4.77
2007-10-03,3.86,4.02,4.24,4.37,4.55,4.79
2007-10-04,3.85,4,4.22,4.35,4.54,4.77
2007-10-05,3.89,4.08,4.33,4.46,4.65,4.87
2007-10-09,3.96,4.15,4.38,4.49,4.67,4.87
2007-10-10,3.95,4.15,4.37,4.49,4.65,4.86
2007-10-11,4.01,4.13,4.36,4.48,4.66,4.87
2007-10-12,4.09,4.23,4.42,4.53,4.7,4.91
2007-10-15,4.19,4.22,4.4,4.52,4.69,4.91
2007-10-16,4.14,4.12,4.34,4.47,4.66,4.9
2007-10-17,3.91,4,4.22,4.36,4.57,4.82
2007-10-18,3.66,3.93,4.17,4.31,4.52,4.78
2007-10-19,3.75,3.8,4.03,4.19,4.41,4.68
2007-10-22,3.9,3.85,4.08,4.21,4.42,4.68
2007-10-23,3.88,3.81,4.06,4.2,4.41,4.69
2007-10-24,3.75,3.74,3.99,4.14,4.36,4.64
2007-10-25,3.84,3.74,4.01,4.15,4.37,4.66
2007-10-26,3.86,3.77,4.04,4.19,4.41,4.68
2007-10-29,3.91,3.79,4.04,4.19,4.39,4.66
2007-10-30,3.86,3.82,4.06,4.2,4.4,4.68
2007-10-31,3.84,3.94,4.16,4.29,4.48,4.74
2007-11-01,3.71,3.77,4.02,4.16,4.36,4.64
2007-11-02,3.52,3.66,3.93,4.09,4.31,4.61
2007-11-05,3.62,3.69,3.96,4.12,4.35,4.63
2007-11-06,3.66,3.7,3.99,4.15,4.38,4.66
2007-11-07,3.4,3.61,3.92,4.09,4.34,4.67
2007-11-08,3.3,3.47,3.81,4,4.28,4.67
2007-11-09,3.19,3.42,3.77,3.96,4.23,4.61
2007-11-13,3.41,3.54,3.84,4.01,4.26,4.61
2007-11-14,3.33,3.57,3.86,4.03,4.28,4.61
2007-11-15,3.22,3.35,3.71,3.9,4.17,4.54
2007-11-16,3.32,3.33,3.68,3.88,4.15,4.52
2007-11-19,3.32,3.18,3.57,3.78,4.07,4.47
2007-11-20,3.17,3.14,3.52,3.74,4.06,4.49
2007-11-21,3.02,2.99,3.4,3.65,4,4.46
2007-11-23,3.15,3.07,3.42,3.67,4.01,4.43
2007-11-26,3.06,2.92,3.23,3.48,3.83,4.26
2007-11-27,3.08,3.05,3.38,3.61,3.95,4.36
2007-11-28,2.98,3.17,3.5,3.72,4.03,4.41
2007-11-29,2.92,3.06,3.42,3.64,3.94,4.35
2007-11-30,3.08,3.04,3.41,3.64,3.97,4.4
2007-12-03,2.99,2.9,3.28,3.53,3.89,4.34
2007-12-04,3,2.9,3.28,3.54,3.89,4.34
2007-12-05,3,2.9,3.28,3.55,3.92,4.39
2007-12-06,3.02,3.03,3.39,3.66,4.02,4.49
2007-12-07,3.04,3.12,3.51,3.77,4.12,4.58
2007-12-10,2.98,3.17,3.54,3.8,4.15,4.6
2007-12-11,2.87,2.94,3.32,3.59,3.98,4.47
2007-12-12,2.81,3.07,3.41,3.68,4.05,4.51
2007-12-13,2.8,3.21,3.54,3.8,4.18,4.61
2007-12-14,2.81,3.31,3.63,3.88,4.24,4.66
2007-12-17,3.01,3.24,3.57,3.83,4.2,4.62
2007-12-18,2.98,3.19,3.53,3.78,4.14,4.55
2007-12-19,2.85,3.12,3.46,3.71,4.06,4.47
2007-12-20,2.85,3.09,3.45,3.7,4.04,4.46
2007-12-21,2.92,3.19,3.58,3.84,4.18,4.58
2007-12-24,3.26,3.24,3.65,3.89,4.23,4.62
2007-12-26,3.24,3.31,3.72,3.96,4.3,4.68
2007-12-27,3.09,3.24,3.64,3.88,4.21,4.61
2007-12-28,3.1,3.12,3.52,3.77,4.11,4.51
2007-12-31,3.29,3.05,3.45,3.7,4.04,4.45
2008-01-02,3.18,2.88,3.28,3.54,3.91,4.35
2008-01-03,3.16,2.83,3.26,3.54,3.91,4.37
2008-01-04,3.12,2.74,3.18,3.47,3.88,4.36
2008-01-07,3.19,2.76,3.16,3.46,3.86,4.34
2008-01-08,3.17,2.76,3.16,3.47,3.86,4.35
2008-01-09,3.14,2.69,3.1,3.4,3.82,4.32
2008-01-10,3.16,2.71,3.16,3.49,3.91,4.44
2008-01-11,3.02,2.59,3.06,3.38,3.82,4.39
2008-01-14,3.11,2.58,3.08,3.39,3.81,4.37
2008-01-15,3.09,2.53,3,3.3,3.72,4.28
2008-01-16,3.06,2.51,3,3.32,3.74,4.32
2008-01-17,3,2.44,2.9,3.22,3.66,4.25
2008-01-18,2.79,2.36,2.86,3.2,3.66,4.28
2008-01-22,2.3,2.08,2.64,3.01,3.52,4.23
2008-01-23,2.16,2.09,2.64,3.01,3.51,4.23
2008-01-24,2.32,2.25,2.85,3.21,3.68,4.36
2008-01-25,2.25,2.23,2.81,3.15,3.61,4.28
2008-01-28,2.29,2.2,2.8,3.15,3.61,4.29
2008-01-29,2.23,2.29,2.87,3.23,3.69,4.34
2008-01-30,2.16,2.3,2.96,3.32,3.78,4.44
2008-01-31,1.92,2.17,2.82,3.19,3.67,4.35
2008-02-01,2.06,2.09,2.75,3.13,3.62,4.32
2008-02-04,2.22,2.08,2.78,3.18,3.68,4.37
2008-02-05,2.14,1.93,2.66,3.08,3.61,4.33
2008-02-06,2.05,1.96,2.67,3.08,3.61,4.37
2008-02-07,2.12,1.99,2.79,3.21,3.74,4.51
2008-02-08,2.18,1.93,2.69,3.11,3.64,4.43
2008-02-11,2.25,1.93,2.67,3.09,3.62,4.41
2008-02-12,2.25,1.94,2.71,3.13,3.66,4.46
2008-02-13,2.22,1.91,2.71,3.14,3.7,4.52
2008-02-14,2.26,1.93,2.81,3.28,3.85,4.67
2008-02-15,2.16,1.91,2.76,3.21,3.76,4.58
2008-02-19,2.23,2.06,2.93,3.37,3.89,4.66
2008-02-20,2.2,2.14,3.02,3.45,3.93,4.65
2008-02-21,2.15,1.98,2.8,3.24,3.77,4.54
2008-02-22,2.15,1.98,2.81,3.26,3.79,4.58
2008-02-25,2.15,2.13,2.98,3.41,3.91,4.67
2008-02-26,2.09,2.04,2.92,3.36,3.88,4.66
2008-02-27,1.94,2.01,2.89,3.33,3.85,4.65
2008-02-28,1.86,1.87,2.73,3.17,3.71,4.55
2008-02-29,1.81,1.65,2.5,2.96,3.53,4.41
2008-03-03,1.67,1.61,2.48,2.96,3.54,4.42
2008-03-04,1.63,1.65,2.53,3.02,3.63,4.52
2008-03-05,1.5,1.66,2.59,3.1,3.7,4.6
2008-03-06,1.37,1.53,2.5,3,3.62,4.57
2008-03-07,1.42,1.53,2.45,2.94,3.56,4.55
2008-03-10,1.33,1.47,2.37,2.84,3.46,4.45
2008-03-11,1.45,1.74,2.61,3.04,3.6,4.53
2008-03-12,1.45,1.63,2.49,2.93,3.49,4.4
2008-03-13,1.33,1.63,2.53,2.99,3.56,4.47
2008-03-14,1.16,1.47,2.37,2.84,3.44,4.35
2008-03-17,1.09,1.35,2.23,2.71,3.34,4.29
2008-03-18,0.91,1.58,2.42,2.88,3.48,4.35
2008-03-19,0.6,1.54,2.36,2.8,3.38,4.22
2008-03-20,0.62,1.59,2.36,2.78,3.34,4.17
2008-03-24,1.23,1.84,2.64,3.04,3.56,4.33
2008-03-25,1.27,1.79,2.61,3,3.51,4.3
2008-03-26,1.27,1.71,2.55,2.96,3.51,4.33
2008-03-27,1.28,1.73,2.61,3.02,3.56,4.38
2008-03-28,1.31,1.67,2.51,2.91,3.47,4.33
2008-03-31,1.36,1.62,2.46,2.88,3.45,4.3
2008-04-01,1.38,1.8,2.65,3.04,3.57,4.4
2008-04-02,1.39,1.88,2.72,3.09,3.6,4.38
2008-04-03,1.38,1.91,2.75,3.11,3.61,4.4
2008-04-04,1.33,1.83,2.63,2.99,3.5,4.32
2008-04-07,1.43,1.95,2.75,3.09,3.57,4.36
2008-04-08,1.39,1.87,2.72,3.08,3.58,4.37
2008-04-09,1.29,1.77,2.59,2.97,3.49,4.31
2008-04-10,1.25,1.84,2.66,3.05,3.55,4.34
2008-04-11,1.17,1.76,2.57,2.97,3.49,4.3
2008-04-14,1.07,1.78,2.6,3,3.53,4.35
2008-04-15,1.09,1.84,2.68,3.08,3.6,4.42
2008-04-16,1.11,1.98,2.82,3.21,3.72,4.54
2008-04-17,1.21,2.13,2.9,3.27,3.75,4.54
2008-04-18,1.32,2.19,2.95,3.29,3.77,4.51
2008-04-21,1.33,2.2,2.95,3.28,3.75,4.48
2008-04-22,1.26,2.24,2.96,3.29,3.74,4.46
2008-04-23,1.24,2.22,2.98,3.32,3.77,4.49
2008-04-24,1.24,2.41,3.15,3.44,3.87,4.56
2008-04-25,1.31,2.44,3.2,3.49,3.91,4.61
2008-04-28,1.42,2.36,3.14,3.44,3.86,4.57
2008-04-29,1.44,2.35,3.11,3.42,3.85,4.55
2008-04-30,1.41,2.29,3.03,3.34,3.77,4.49
2008-05-01,1.42,2.37,3.06,3.36,3.78,4.49
2008-05-02,1.47,2.47,3.18,3.48,3.89,4.57
2008-05-05,1.51,2.42,3.14,3.45,3.88,4.58
2008-05-06,1.6,2.38,3.15,3.51,3.93,4.64
2008-05-07,1.64,2.31,3.09,3.45,3.87,4.61
2008-05-08,1.63,2.25,2.99,3.34,3.79,4.5
2008-05-09,1.66,2.25,2.98,3.33,3.77,4.53
2008-05-12,1.74,2.3,3,3.34,3.78,4.53
2008-05-13,1.8,2.47,3.17,3.49,3.9,4.62
2008-05-14,1.79,2.53,3.22,3.5,3.92,4.63
2008-05-15,1.8,2.45,3.1,3.39,3.83,4.56
2008-05-16,1.81,2.47,3.12,3.43,3.85,4.58
2008-05-19,1.79,2.42,3.09,3.4,3.83,4.56
2008-05-20,1.83,2.34,3.02,3.35,3.78,4.53
2008-05-21,1.83,2.41,3.09,3.38,3.81,4.55
2008-05-22,1.83,2.56,3.24,3.52,3.92,4.63
2008-05-23,1.82,2.46,3.15,3.43,3.85,4.57
2008-05-27,1.86,2.55,3.25,3.52,3.93,4.65
2008-05-28,1.86,2.62,3.36,3.63,4.03,4.71
2008-05-29,1.87,2.67,3.41,3.68,4.08,4.76
2008-05-30,1.85,2.66,3.41,3.68,4.06,4.72
2008-06-02,1.82,2.51,3.28,3.56,3.98,4.68
2008-06-03,1.82,2.45,3.21,3.5,3.92,4.63
2008-06-04,1.81,2.47,3.26,3.55,3.98,4.71
2008-06-05,1.82,2.52,3.34,3.63,4.06,4.75
2008-06-06,1.81,2.4,3.2,3.5,3.94,4.65
2008-06-09,1.86,2.73,3.41,3.65,4.02,4.64
2008-06-10,1.98,2.91,3.54,3.77,4.11,4.7
2008-06-11,1.92,2.83,3.49,3.73,4.1,4.72
2008-06-12,1.96,3.03,3.68,3.9,4.23,4.77
2008-06-13,1.95,3.05,3.73,3.95,4.27,4.79
2008-06-16,2.04,3.02,3.73,3.94,4.25,4.77
2008-06-17,1.96,2.94,3.66,3.89,4.23,4.78
2008-06-18,1.89,2.89,3.57,3.81,4.16,4.72
2008-06-19,1.87,2.99,3.67,3.89,4.22,4.76
2008-06-20,1.83,2.88,3.57,3.81,4.16,4.71
2008-06-23,1.85,2.98,3.65,3.87,4.19,4.71
2008-06-24,1.8,2.87,3.52,3.76,4.1,4.65
2008-06-25,1.78,2.82,3.54,3.78,4.12,4.65
2008-06-26,1.7,2.68,3.44,3.69,4.07,4.62
2008-06-27,1.64,2.65,3.36,3.62,3.99,4.53
2008-06-30,1.87,2.63,3.34,3.61,3.99,4.53
2008-07-01,1.84,2.63,3.33,3.62,4.01,4.55
2008-07-02,1.79,2.6,3.31,3.6,3.99,4.51
2008-07-03,1.81,2.54,3.28,3.59,3.99,4.53
2008-07-07,1.84,2.47,3.23,3.53,3.95,4.51
2008-07-08,1.83,2.47,3.19,3.49,3.91,4.46
2008-07-09,1.79,2.41,3.11,3.42,3.85,4.42
2008-07-10,1.64,2.44,3.1,3.4,3.83,4.42
2008-07-11,1.58,2.59,3.27,3.55,3.96,4.52
2008-07-14,1.5,2.47,3.2,3.49,3.9,4.47
2008-07-15,1.37,2.39,3.12,3.43,3.87,4.48
2008-07-16,1.35,2.44,3.2,3.52,3.97,4.59
2008-07-17,1.4,2.58,3.35,3.65,4.07,4.65
2008-07-18,1.45,2.66,3.42,3.71,4.11,4.66
2008-07-21,1.46,2.66,3.41,3.69,4.09,4.64
2008-07-22,1.52,2.74,3.48,3.75,4.14,4.67
2008-07-23,1.56,2.81,3.51,3.77,4.16,4.69
2008-07-24,1.62,2.61,3.37,3.64,4.03,4.6
2008-07-25,1.71,2.7,3.45,3.73,4.13,4.69
2008-07-28,1.7,2.59,3.34,3.64,4.06,4.63
2008-07-29,1.69,2.65,3.39,3.68,4.09,4.64
2008-07-30,1.67,2.64,3.36,3.65,4.07,4.64
2008-07-31,1.65,2.52,3.25,3.56,3.99,4.59
2008-08-01,1.63,2.51,3.23,3.54,3.97,4.57
2008-08-04,1.72,2.53,3.23,3.55,3.98,4.58
2008-08-05,1.72,2.54,3.28,3.6,4.04,4.63
2008-08-06,1.61,2.56,3.3,3.62,4.06,4.68
2008-08-07,1.63,2.43,3.16,3.48,3.92,4.56
2008-08-08,1.67,2.51,3.21,3.51,3.94,4.55
2008-08-11,1.84,2.56,3.27,3.57,3.99,4.61
2008-08-12,1.83,2.45,3.16,3.47,3.91,4.55
2008-08-13,1.82,2.5,3.21,3.51,3.94,4.57
2008-08-14,1.85,2.45,3.15,3.46,3.89,4.52
2008-08-15,1.81,2.4,3.11,3.42,3.84,4.47
2008-08-18,1.79,2.35,3.07,3.39,3.82,4.44
2008-08-19,1.77,2.32,3.07,3.39,3.83,4.47
2008-08-20,1.68,2.25,3,3.34,3.79,4.43
2008-08-21,1.69,2.33,3.08,3.4,3.84,4.46
2008-08-22,1.67,2.42,3.14,3.45,3.87,4.46
2008-08-25,1.71,2.33,3.04,3.36,3.79,4.4
2008-08-26,1.68,2.35,3.06,3.37,3.79,4.4
2008-08-27,1.64,2.31,3.02,3.34,3.77,4.38
2008-08-28,1.71,2.37,3.09,3.42,3.79,4.38
2008-08-29,1.69,2.36,3.1,3.45,3.83,4.43
2008-09-02,1.69,2.26,3,3.37,3.74,4.36
2008-09-03,1.67,2.26,2.95,3.29,3.71,4.32
2008-09-04,1.66,2.2,2.87,3.21,3.64,4.27
2008-09-05,1.65,2.23,2.91,3.24,3.66,4.27
2008-09-08,1.69,2.3,2.96,3.26,3.66,4.26
2008-09-09,1.63,2.23,2.9,3.21,3.62,4.2
2008-09-10,1.62,2.22,2.91,3.23,3.65,4.23
2008-09-11,1.58,2.18,2.87,3.21,3.64,4.2
2008-09-12,1.46,2.23,2.97,3.32,3.74,4.32
2008-09-15,1.03,1.78,2.59,2.99,3.47,4.12
2008-09-16,0.84,1.89,2.64,3.02,3.48,4.08
2008-09-17,0.03,1.64,2.52,2.93,3.41,4.08
2008-09-18,0.23,1.78,2.67,3.08,3.54,4.14
2008-09-19,0.97,2.16,3.01,3.37,3.78,4.36
2008-09-22,1.29,2.13,3.04,3.42,3.83,4.41
2008-09-23,0.81,2.11,3.03,3.41,3.85,4.43
2008-09-24,0.5,2.03,2.91,3.31,3.8,4.4
2008-09-25,0.75,2.16,3.09,3.44,3.88,4.4
2008-09-26,0.86,2.11,3.05,3.41,3.85,4.36
2008-09-29,0.96,1.7,2.7,3.12,3.61,4.13
2008-09-30,0.9,2,2.98,3.38,3.85,4.31
2008-10-01,0.84,1.82,2.87,3.29,3.77,4.22
2008-10-02,0.62,1.62,2.68,3.13,3.66,4.16
2008-10-03,0.5,1.6,2.64,3.09,3.63,4.11
2008-10-06,0.54,1.43,2.45,2.92,3.48,3.99
2008-10-07,0.81,1.47,2.45,2.91,3.5,4.01
2008-10-08,0.67,1.65,2.7,3.15,3.72,4.09
2008-10-09,0.58,1.65,2.79,3.25,3.84,4.14
2008-10-10,0.24,1.62,2.77,3.27,3.89,4.15
2008-10-14,0.34,1.82,3.01,3.48,4.08,4.27
2008-10-15,0.22,1.64,2.9,3.4,4.04,4.25
2008-10-16,0.45,1.61,2.84,3.33,3.99,4.25
2008-10-17,0.8,1.64,2.83,3.3,3.98,4.32
2008-10-20,1.24,1.71,2.82,3.26,3.91,4.26
2008-10-21,1.09,1.58,2.63,3.08,3.76,4.2
2008-10-22,1.03,1.53,2.56,3,3.65,4.07
2008-10-23,0.96,1.54,2.57,3,3.63,3.99
2008-10-24,0.86,1.57,2.64,3.09,3.76,4.11
2008-10-27,0.84,1.59,2.67,3.12,3.79,4.12
2008-10-28,0.76,1.65,2.75,3.21,3.89,4.19
2008-10-29,0.61,1.58,2.77,3.24,3.93,4.26
2008-10-30,0.4,1.59,2.84,3.3,4,4.3
2008-10-31,0.44,1.56,2.8,3.29,4.01,4.35
2008-11-03,0.49,1.45,2.71,3.21,3.96,4.33
2008-11-04,0.48,1.39,2.56,3.06,3.81,4.2
2008-11-05,0.39,1.36,2.5,2.99,3.73,4.13
2008-11-06,0.31,1.28,2.46,3.01,3.75,4.19
2008-11-07,0.3,1.33,2.56,3.11,3.83,4.25
2008-11-10,0.29,1.27,2.51,3.06,3.82,4.21
2008-11-12,0.18,1.19,2.37,3,3.75,4.17
2008-11-13,0.21,1.24,2.43,3.07,3.84,4.34
2008-11-14,0.14,1.22,2.33,2.94,3.72,4.22
2008-11-17,0.12,1.22,2.32,2.92,3.68,4.2
2008-11-18,0.12,1.15,2.22,2.79,3.53,4.14
2008-11-19,0.07,1.09,2.08,2.64,3.38,3.96
2008-11-20,0.03,1,1.94,2.43,3.1,3.64
2008-11-21,0.02,1.09,2.02,2.53,3.2,3.7
2008-11-24,0.13,1.31,2.24,2.71,3.35,3.78
2008-11-25,0.1,1.15,2.06,2.49,3.11,3.63
2008-11-26,0.05,1.09,2.01,2.43,2.99,3.54
2008-11-28,0.01,1,1.93,2.35,2.93,3.45
2008-12-01,0.07,0.9,1.71,2.13,2.72,3.22
2008-12-02,0.06,0.9,1.65,2.08,2.68,3.18
2008-12-03,0.02,0.87,1.6,2.03,2.67,3.17
2008-12-04,0.02,0.82,1.51,1.93,2.55,3.06
2008-12-05,0.02,0.93,1.67,2.09,2.67,3.11
2008-12-08,0.03,0.97,1.76,2.17,2.77,3.16
2008-12-09,0.03,0.84,1.61,2.03,2.67,3.06
2008-12-10,0,0.86,1.62,2.05,2.69,3.09
2008-12-11,0.01,0.79,1.55,1.99,2.64,3.07
2008-12-12,0.02,0.78,1.55,1.98,2.6,3.07
2008-12-15,0.04,0.75,1.5,1.92,2.53,2.98
2008-12-16,0.04,0.65,1.34,1.77,2.37,2.86
2008-12-17,0.05,0.73,1.35,1.7,2.2,2.66
2008-12-18,0,0.68,1.26,1.59,2.08,2.53
2008-12-19,0.02,0.74,1.35,1.66,2.13,2.55
2008-12-22,0.01,0.87,1.4,1.7,2.16,2.6
2008-12-23,0.02,0.9,1.53,1.81,2.18,2.63
2008-12-24,0,0.9,1.54,1.83,2.2,2.63
2008-12-26,0.03,0.89,1.51,1.8,2.16,2.61
2008-12-29,0.06,0.78,1.45,1.75,2.13,2.63
2008-12-30,0.1,0.75,1.47,1.76,2.11,2.58
2008-12-31,0.11,0.76,1.55,1.87,2.25,2.69
2009-01-02,0.08,0.88,1.72,2.07,2.46,2.83
2009-01-05,0.14,0.78,1.67,2.07,2.49,3
2009-01-06,0.14,0.8,1.68,2.07,2.51,3.04
2009-01-07,0.11,0.82,1.66,2.02,2.52,3.05
2009-01-08,0.09,0.83,1.6,1.95,2.47,3.04
2009-01-09,0.07,0.75,1.51,1.88,2.43,3.04
2009-01-12,0.12,0.74,1.45,1.81,2.34,2.99
2009-01-13,0.11,0.76,1.44,1.8,2.33,3
2009-01-14,0.12,0.73,1.36,1.71,2.24,2.89
2009-01-15,0.11,0.73,1.36,1.71,2.23,2.86
2009-01-16,0.12,0.73,1.47,1.83,2.36,2.89
2009-01-20,0.13,0.73,1.48,1.85,2.4,2.97
2009-01-21,0.11,0.78,1.6,1.99,2.56,3.15
2009-01-22,0.1,0.75,1.61,2.02,2.62,3.25
2009-01-23,0.11,0.83,1.64,2.05,2.65,3.32
2009-01-26,0.15,0.85,1.67,2.09,2.7,3.39
2009-01-27,0.13,0.87,1.59,1.99,2.59,3.26
2009-01-28,0.19,0.89,1.7,2.1,2.71,3.44
2009-01-29,0.23,0.95,1.87,2.28,2.87,3.57
2009-01-30,0.24,0.94,1.85,2.27,2.87,3.58
2009-02-02,0.27,0.89,1.75,2.16,2.76,3.47
2009-02-03,0.32,0.96,1.88,2.28,2.89,3.64
2009-02-04,0.3,0.98,1.91,2.32,2.95,3.65
2009-02-05,0.29,0.98,1.89,2.32,2.95,3.63
2009-02-06,0.28,0.99,1.97,2.4,3.05,3.7
2009-02-09,0.32,1.05,1.99,2.42,3.07,3.69
2009-02-10,0.31,0.92,1.79,2.23,2.9,3.54
2009-02-11,0.3,0.93,1.76,2.17,2.78,3.45
2009-02-12,0.29,0.89,1.73,2.14,2.75,3.47
2009-02-13,0.29,0.97,1.88,2.29,2.89,3.68
2009-02-17,0.32,0.87,1.65,2.05,2.64,3.47
2009-02-18,0.31,0.97,1.81,2.18,2.74,3.54
2009-02-19,0.3,1.01,1.89,2.28,2.85,3.68
2009-02-20,0.27,0.96,1.81,2.21,2.78,3.56
2009-02-23,0.3,0.96,1.84,2.22,2.78,3.53
2009-02-24,0.32,1.03,1.89,2.26,2.8,3.49
2009-02-25,0.3,1.09,2.06,2.42,2.95,3.59
2009-02-26,0.27,1.08,2.07,2.72,2.98,3.66
2009-02-27,0.26,1,1.99,2.69,3.02,3.71
2009-03-02,0.28,0.89,1.86,2.54,2.91,3.64
2009-03-03,0.27,0.91,1.87,2.58,2.93,3.67
2009-03-04,0.26,0.97,1.97,2.67,3.01,3.69
2009-03-05,0.2,0.9,1.82,2.49,2.83,3.51
2009-03-06,0.2,0.91,1.83,2.49,2.83,3.5
2009-03-09,0.23,0.96,1.9,2.53,2.89,3.59
2009-03-10,0.24,1.01,1.99,2.63,2.99,3.7
2009-03-11,0.23,1.03,1.96,2.56,2.95,3.67
2009-03-12,0.21,1.03,1.92,2.5,2.89,3.63
2009-03-13,0.19,0.98,1.87,2.48,2.89,3.66
2009-03-16,0.24,1,1.91,2.55,2.97,3.76
2009-03-17,0.24,1.05,2,2.64,3.02,3.83
2009-03-18,0.21,0.82,1.54,2.11,2.51,3.57
2009-03-19,0.2,0.87,1.64,2.17,2.61,3.62
2009-03-20,0.21,0.89,1.66,2.18,2.65,3.65
2009-03-23,0.22,0.93,1.69,2.2,2.68,3.69
2009-03-24,0.21,0.93,1.7,2.22,2.68,3.6
2009-03-25,0.19,0.96,1.84,2.36,2.81,3.73
2009-03-26,0.15,0.9,1.8,2.34,2.76,3.66
2009-03-27,0.13,0.9,1.79,2.36,2.78,3.62
2009-03-30,0.18,0.84,1.72,2.31,2.73,3.6
2009-03-31,0.21,0.81,1.67,2.28,2.71,3.56
2009-04-01,0.22,0.83,1.65,2.25,2.68,3.51
2009-04-02,0.22,0.88,1.74,2.35,2.77,3.57
2009-04-03,0.21,0.96,1.87,2.51,2.91,3.7
2009-04-06,0.2,0.94,1.9,2.55,2.95,3.73
2009-04-07,0.2,0.91,1.87,2.51,2.93,3.72
2009-04-08,0.18,0.93,1.83,2.43,2.86,3.66
2009-04-09,0.18,0.96,1.9,2.49,2.96,3.76
2009-04-13,0.18,0.89,1.81,2.39,2.88,3.69
2009-04-14,0.17,0.86,1.71,2.31,2.8,3.64
2009-04-15,0.15,0.86,1.71,2.29,2.82,3.66
2009-04-16,0.13,0.91,1.79,2.36,2.86,3.72
2009-04-17,0.14,0.99,1.91,2.48,2.98,3.79
2009-04-20,0.14,0.93,1.82,2.39,2.88,3.69
2009-04-21,0.15,0.96,1.87,2.46,2.94,3.74
2009-04-22,0.14,1,1.92,2.5,2.98,3.82
2009-04-23,0.1,0.97,1.89,2.49,2.96,3.8
2009-04-24,0.1,0.99,1.96,2.56,3.03,3.89
2009-04-27,0.13,0.9,1.87,2.48,2.95,3.84
2009-04-28,0.13,0.95,1.97,2.58,3.05,3.97
2009-04-29,0.11,0.94,2.01,2.69,3.12,4.01
2009-04-30,0.14,0.91,2.02,2.7,3.16,4.05
2009-05-01,0.15,0.92,2.03,2.72,3.21,4.09
2009-05-04,0.19,0.94,2.03,2.7,3.19,4.06
2009-05-05,0.19,0.98,2.05,2.7,3.2,4.06
2009-05-06,0.19,0.96,2.06,2.7,3.18,4.09
2009-05-07,0.18,1,2.15,2.8,3.29,4.25
2009-05-08,0.18,1,2.15,2.78,3.29,4.28
2009-05-11,0.19,0.92,2.04,2.67,3.17,4.18
2009-05-12,0.19,0.9,2.02,2.67,3.17,4.16
2009-05-13,0.17,0.89,1.98,2.62,3.11,4.09
2009-05-14,0.16,0.87,1.98,2.62,3.1,4.06
2009-05-15,0.17,0.88,2.01,2.65,3.14,4.09
2009-05-18,0.19,0.93,2.09,2.73,3.22,4.18
2009-05-19,0.18,0.91,2.12,2.76,3.25,4.21
2009-05-20,0.18,0.87,2.05,2.72,3.19,4.14
2009-05-21,0.19,0.89,2.16,2.86,3.35,4.3
2009-05-22,0.18,0.92,2.23,2.96,3.45,4.38
2009-05-26,0.18,0.96,2.3,3.05,3.5,4.45
2009-05-27,0.17,0.96,2.43,3.22,3.71,4.59
2009-05-28,0.15,0.97,2.46,3.22,3.67,4.54
2009-05-29,0.14,0.92,2.34,3.06,3.47,4.34
2009-06-01,0.13,0.97,2.55,3.28,3.71,4.55
2009-06-02,0.14,0.96,2.52,3.26,3.65,4.5
2009-06-03,0.14,0.91,2.43,3.16,3.56,4.45
2009-06-04,0.14,0.96,2.56,3.31,3.72,4.58
2009-06-05,0.19,1.32,2.85,3.53,3.84,4.63
2009-06-08,0.19,1.42,2.95,3.6,3.91,4.65
2009-06-09,0.19,1.33,2.86,3.51,3.86,4.64
2009-06-10,0.18,1.38,2.93,3.59,3.98,4.76
2009-06-11,0.19,1.35,2.87,3.49,3.88,4.69
2009-06-12,0.18,1.3,2.81,3.46,3.81,4.65
2009-06-15,0.17,1.26,2.75,3.39,3.76,4.61
2009-06-16,0.17,1.23,2.7,3.32,3.67,4.48
2009-06-17,0.17,1.19,2.69,3.33,3.68,4.5
2009-06-18,0.18,1.28,2.86,3.51,3.86,4.63
2009-06-19,0.18,1.25,2.82,3.45,3.79,4.52
2009-06-22,0.2,1.17,2.75,3.37,3.72,4.45
2009-06-23,0.2,1.14,2.71,3.31,3.65,4.37
2009-06-24,0.19,1.19,2.74,3.39,3.72,4.44
2009-06-25,0.18,1.12,2.58,3.22,3.55,4.33
2009-06-26,0.19,1.1,2.53,3.18,3.52,4.3
2009-06-29,0.2,1.11,2.53,3.18,3.51,4.31
2009-06-30,0.19,1.11,2.54,3.19,3.53,4.32
2009-07-01,0.17,1.05,2.51,3.2,3.55,4.34
2009-07-02,0.17,0.98,2.43,3.14,3.51,4.32
2009-07-06,0.19,0.96,2.4,3.12,3.52,4.35
2009-07-07,0.19,0.98,2.36,3.08,3.47,4.31
2009-07-08,0.18,0.91,2.23,2.9,3.33,4.17
2009-07-09,0.19,0.94,2.33,3.01,3.44,4.31
2009-07-10,0.18,0.91,2.22,2.89,3.32,4.2
2009-07-13,0.18,0.92,2.27,2.94,3.38,4.25
2009-07-14,0.18,0.97,2.37,3.05,3.5,4.38
2009-07-15,0.18,1.03,2.52,3.19,3.63,4.48
2009-07-16,0.19,1,2.46,3.13,3.59,4.45
2009-07-17,0.17,1.02,2.52,3.21,3.67,4.53
2009-07-20,0.19,0.99,2.46,3.14,3.61,4.47
2009-07-21,0.19,0.96,2.36,3.03,3.5,4.38
2009-07-22,0.19,0.98,2.43,3.11,3.58,4.45
2009-07-23,0.19,1.08,2.6,3.28,3.72,4.58
2009-07-24,0.18,1.05,2.57,3.25,3.7,4.55
2009-07-27,0.19,1.08,2.63,3.31,3.75,4.62
2009-07-28,0.19,1.12,2.63,3.3,3.72,4.56
2009-07-29,0.19,1.17,2.69,3.31,3.69,4.5
2009-07-30,0.18,1.19,2.66,3.31,3.67,4.44
2009-07-31,0.18,1.13,2.53,3.14,3.52,4.31
2009-08-03,0.19,1.18,2.66,3.3,3.66,4.42
2009-08-04,0.18,1.2,2.68,3.32,3.7,4.45
2009-08-05,0.18,1.23,2.73,3.4,3.8,4.57
2009-08-06,0.17,1.22,2.73,3.39,3.79,4.53
2009-08-07,0.18,1.32,2.84,3.5,3.89,4.61
2009-08-10,0.19,1.24,2.75,3.4,3.8,4.52
2009-08-11,0.18,1.21,2.69,3.32,3.71,4.44
2009-08-12,0.17,1.18,2.7,3.35,3.72,4.53
2009-08-13,0.17,1.12,2.58,3.22,3.59,4.44
2009-08-14,0.18,1.07,2.51,3.17,3.55,4.41
2009-08-17,0.18,1.04,2.43,3.09,3.48,4.33
2009-08-18,0.18,1.06,2.48,3.13,3.51,4.35
2009-08-19,0.17,1.01,2.43,3.07,3.45,4.28
2009-08-20,0.17,1.03,2.43,3.06,3.42,4.24
2009-08-21,0.17,1.13,2.58,3.21,3.56,4.36
2009-08-24,0.17,1.05,2.5,3.13,3.48,4.27
2009-08-25,0.17,1.05,2.48,3.1,3.45,4.22
2009-08-26,0.15,1.06,2.46,3.09,3.44,4.2
2009-08-27,0.15,1.04,2.48,3.12,3.47,4.23
2009-08-28,0.15,1.01,2.46,3.09,3.46,4.21
2009-08-31,0.15,0.97,2.39,3.03,3.4,4.18
2009-09-01,0.14,0.92,2.33,2.99,3.38,4.19
2009-09-02,0.14,0.89,2.26,2.91,3.29,4.09
2009-09-03,0.15,0.91,2.29,2.95,3.33,4.15
2009-09-04,0.14,0.94,2.36,3.06,3.45,4.27
2009-09-08,0.14,0.93,2.38,3.06,3.47,4.31
2009-09-09,0.14,0.93,2.38,3.07,3.48,4.33
2009-09-10,0.14,0.9,2.29,2.95,3.36,4.19
2009-09-11,0.14,0.9,2.29,2.93,3.34,4.18
2009-09-14,0.14,0.94,2.37,3.01,3.42,4.22
2009-09-15,0.13,0.96,2.41,3.07,3.47,4.27
2009-09-16,0.1,1.01,2.46,3.11,3.48,4.26
2009-09-17,0.1,0.98,2.41,3.04,3.42,4.19
2009-09-18,0.08,1.03,2.49,3.12,3.49,4.24
2009-09-21,0.11,1.02,2.47,3.11,3.49,4.23
2009-09-22,0.11,1.02,2.45,3.09,3.46,4.2
2009-09-23,0.11,0.96,2.4,3.05,3.44,4.21
2009-09-24,0.1,0.93,2.37,3.03,3.4,4.17
2009-09-25,0.1,0.98,2.36,2.98,3.34,4.1
2009-09-28,0.11,0.98,2.33,2.95,3.31,4.04
2009-09-29,0.13,1,2.34,2.94,3.31,4.03
2009-09-30,0.14,0.95,2.31,2.93,3.31,4.03
2009-10-01,0.1,0.87,2.2,2.82,3.21,3.97
2009-10-02,0.1,0.88,2.22,2.83,3.24,4.01
2009-10-05,0.08,0.88,2.21,2.82,3.24,4.01
2009-10-06,0.08,0.91,2.25,2.85,3.27,4.07
2009-10-07,0.09,0.87,2.16,2.77,3.21,3.99
2009-10-08,0.06,0.9,2.22,2.83,3.27,4.09
2009-10-09,0.07,0.98,2.36,2.98,3.4,4.22
2009-10-13,0.07,0.91,2.28,2.9,3.34,4.16
2009-10-14,0.07,0.96,2.36,3.01,3.45,4.28
2009-10-15,0.07,0.97,2.41,3.05,3.49,4.31
2009-10-16,0.07,0.97,2.37,2.99,3.43,4.24
2009-10-19,0.08,0.99,2.36,2.98,3.41,4.21
2009-10-20,0.08,0.95,2.3,2.93,3.35,4.16
2009-10-21,0.07,1,2.38,3.01,3.42,4.22
2009-10-22,0.06,0.97,2.39,3.03,3.44,4.24
2009-10-23,0.07,1.04,2.46,3.1,3.51,4.29
2009-10-26,0.08,1.06,2.53,3.17,3.59,4.37
2009-10-27,0.08,0.99,2.41,3.05,3.49,4.29
2009-10-28,0.07,0.95,2.37,3.01,3.44,4.25
2009-10-29,0.06,0.98,2.44,3.12,3.53,4.35
2009-10-30,0.05,0.9,2.31,2.98,3.41,4.23
2009-11-02,0.06,0.92,2.33,3,3.45,4.26
2009-11-03,0.06,0.92,2.36,3.05,3.5,4.34
2009-11-04,0.05,0.91,2.39,3.09,3.57,4.41
2009-11-05,0.04,0.9,2.35,3.06,3.57,4.41
2009-11-06,0.06,0.86,2.3,3.02,3.54,4.4
2009-11-09,0.07,0.87,2.31,3.01,3.52,4.4
2009-11-10,0.07,0.85,2.31,3.01,3.5,4.41
2009-11-12,0.07,0.82,2.28,2.98,3.45,4.41
2009-11-13,0.06,0.82,2.28,2.97,3.43,4.36
2009-11-16,0.07,0.78,2.19,2.87,3.33,4.26
2009-11-17,0.06,0.78,2.19,2.87,3.33,4.26
2009-11-18,0.04,0.77,2.21,2.9,3.36,4.29
2009-11-19,0.02,0.73,2.18,2.88,3.35,4.29
2009-11-20,0.02,0.75,2.2,2.9,3.36,4.3
2009-11-23,0.05,0.77,2.2,2.9,3.37,4.29
2009-11-24,0.05,0.73,2.15,2.82,3.32,4.25
2009-11-25,0.05,0.73,2.11,2.78,3.28,4.23
2009-11-27,0.03,0.68,2.03,2.71,3.21,4.21
2009-11-30,0.06,0.67,2.01,2.69,3.21,4.2
2009-12-01,0.06,0.67,2.03,2.74,3.28,4.26
2009-12-02,0.05,0.72,2.09,2.8,3.32,4.26
2009-12-03,0.06,0.74,2.14,2.87,3.39,4.33
2009-12-04,0.06,0.84,2.24,2.97,3.48,4.4
2009-12-07,0.04,0.78,2.19,2.92,3.44,4.4
2009-12-08,0.03,0.73,2.12,2.86,3.4,4.39
2009-12-09,0.03,0.76,2.15,2.89,3.45,4.41
2009-12-10,0.02,0.78,2.19,2.95,3.49,4.5
2009-12-11,0.03,0.83,2.26,3.02,3.55,4.49
2009-12-14,0.04,0.87,2.3,3.04,3.56,4.49
2009-12-15,0.05,0.88,2.35,3.08,3.6,4.52
2009-12-16,0.04,0.85,2.35,3.09,3.61,4.52
2009-12-17,0.04,0.77,2.24,2.97,3.5,4.42
2009-12-18,0.05,0.82,2.3,3.04,3.55,4.46
2009-12-21,0.08,0.89,2.43,3.18,3.69,4.56
2009-12-22,0.08,0.95,2.49,3.24,3.76,4.6
2009-12-23,0.07,0.96,2.51,3.26,3.77,4.61
2009-12-24,0.05,1,2.57,3.32,3.82,4.68
2009-12-28,0.11,1.09,2.62,3.34,3.85,4.69
2009-12-29,0.1,1.09,2.62,3.33,3.82,4.64
2009-12-30,0.05,1.08,2.61,3.34,3.8,4.61
2009-12-31,0.06,1.14,2.69,3.39,3.85,4.63
2010-01-04,0.08,1.09,2.65,3.36,3.85,4.65
2010-01-05,0.07,1.01,2.56,3.28,3.77,4.59
2010-01-06,0.06,1.01,2.6,3.33,3.85,4.7
2010-01-07,0.05,1.03,2.62,3.33,3.85,4.69
2010-01-08,0.05,0.96,2.57,3.31,3.83,4.7
2010-01-11,0.04,0.95,2.58,3.32,3.85,4.74
2010-01-12,0.05,0.92,2.49,3.22,3.74,4.62
2010-01-13,0.06,0.97,2.55,3.28,3.8,4.71
2010-01-14,0.05,0.94,2.51,3.23,3.76,4.63
2010-01-15,0.06,0.89,2.44,3.17,3.7,4.58
2010-01-19,0.06,0.93,2.48,3.2,3.73,4.6
2010-01-20,0.05,0.92,2.45,3.16,3.68,4.54
2010-01-21,0.06,0.87,2.38,3.09,3.62,4.5
2010-01-22,0.06,0.84,2.37,3.09,3.62,4.5
2010-01-25,0.06,0.86,2.39,3.12,3.66,4.55
2010-01-26,0.07,0.87,2.38,3.11,3.65,4.56
2010-01-27,0.08,0.9,2.43,3.14,3.66,4.55
2010-01-28,0.08,0.87,2.41,3.15,3.68,4.57
2010-01-29,0.08,0.82,2.34,3.08,3.63,4.51
2010-02-01,0.1,0.86,2.38,3.12,3.68,4.56
2010-02-02,0.1,0.86,2.37,3.11,3.67,4.55
2010-02-03,0.1,0.88,2.4,3.16,3.73,4.62
2010-02-04,0.09,0.8,2.29,3.06,3.62,4.53
2010-02-05,0.1,0.77,2.23,3,3.59,4.51
2010-02-08,0.12,0.79,2.26,3.03,3.62,4.52
2010-02-09,0.12,0.84,2.32,3.08,3.67,4.58
2010-02-10,0.11,0.91,2.39,3.14,3.72,4.65
2010-02-11,0.11,0.91,2.39,3.15,3.73,4.69
2010-02-12,0.1,0.84,2.35,3.11,3.69,4.66
2010-02-16,0.1,0.82,2.32,3.08,3.66,4.63
2010-02-17,0.1,0.87,2.4,3.16,3.74,4.7
2010-02-18,0.1,0.9,2.46,3.23,3.79,4.74
2010-02-19,0.11,0.95,2.48,3.24,3.78,4.71
2010-02-22,0.11,0.91,2.47,3.25,3.8,4.73
2010-02-23,0.12,0.87,2.37,3.13,3.69,4.63
2010-02-24,0.12,0.87,2.4,3.14,3.7,4.63
2010-02-25,0.13,0.82,2.33,3.09,3.64,4.58
2010-02-26,0.13,0.81,2.3,3.05,3.61,4.55
2010-03-01,0.13,0.8,2.28,3.04,3.61,4.56
2010-03-02,0.14,0.8,2.27,3.04,3.62,4.57
2010-03-03,0.14,0.82,2.27,3.04,3.63,4.58
2010-03-04,0.14,0.86,2.28,3.03,3.61,4.56
2010-03-05,0.15,0.91,2.35,3.1,3.69,4.64
2010-03-08,0.16,0.9,2.36,3.13,3.72,4.68
2010-03-09,0.16,0.89,2.34,3.11,3.71,4.68
2010-03-10,0.15,0.92,2.39,3.14,3.73,4.69
2010-03-11,0.16,0.97,2.43,3.16,3.73,4.66
2010-03-12,0.15,0.97,2.42,3.15,3.71,4.62
2010-03-15,0.17,0.96,2.42,3.15,3.71,4.63
2010-03-16,0.16,0.93,2.37,3.1,3.66,4.59
2010-03-17,0.15,0.95,2.38,3.1,3.65,4.56
2010-03-18,0.16,0.98,2.44,3.14,3.68,4.59
2010-03-19,0.16,1.02,2.48,3.16,3.7,4.58
2010-03-22,0.15,1.01,2.43,3.12,3.67,4.57
2010-03-23,0.14,1.02,2.44,3.13,3.69,4.6
2010-03-24,0.14,1.08,2.62,3.28,3.84,4.72
2010-03-25,0.14,1.1,2.65,3.37,3.91,4.77
2010-03-26,0.14,1.04,2.59,3.31,3.86,4.75
2010-03-29,0.15,1.04,2.6,3.32,3.88,4.76
2010-03-30,0.16,1.06,2.6,3.32,3.88,4.75
2010-03-31,0.16,1.02,2.55,3.28,3.84,4.72
2010-04-01,0.16,1.05,2.59,3.32,3.89,4.74
2010-04-02,0.16,1.11,2.67,3.4,3.96,4.81
2010-04-05,0.18,1.18,2.75,3.46,4.01,4.85
2010-04-06,0.17,1.14,2.71,3.42,3.98,4.84
2010-04-07,0.17,1.06,2.62,3.33,3.89,4.74
2010-04-08,0.17,1.09,2.64,3.36,3.91,4.75
2010-04-09,0.16,1.08,2.65,3.34,3.9,4.74
2010-04-12,0.16,1.07,2.6,3.29,3.87,4.7
2010-04-13,0.16,1.07,2.58,3.27,3.84,4.68
2010-04-14,0.16,1.07,2.61,3.31,3.88,4.72
2010-04-15,0.16,1.04,2.57,3.28,3.86,4.72
2010-04-16,0.16,0.98,2.49,3.2,3.79,4.67
2010-04-19,0.16,1.01,2.54,3.25,3.83,4.7
2010-04-20,0.16,1.05,2.56,3.25,3.82,4.67
2010-04-21,0.15,1.03,2.52,3.2,3.77,4.61
2010-04-22,0.16,1.07,2.57,3.26,3.8,4.65
2010-04-23,0.16,1.1,2.61,3.3,3.84,4.67
2010-04-26,0.16,1.09,2.6,3.28,3.83,4.67
2010-04-27,0.16,1.03,2.46,3.14,3.71,4.56
2010-04-28,0.16,1.03,2.53,3.23,3.8,4.63
2010-04-29,0.17,1.01,2.49,3.19,3.76,4.6
2010-04-30,0.16,0.97,2.43,3.12,3.69,4.53
2010-05-03,0.17,1,2.47,3.16,3.72,4.53
2010-05-04,0.16,0.96,2.38,3.07,3.63,4.43
2010-05-05,0.15,0.88,2.31,3,3.58,4.39
2010-05-06,0.11,0.75,2.13,2.83,3.41,4.19
2010-05-07,0.13,0.83,2.17,2.87,3.45,4.28
2010-05-10,0.16,0.87,2.27,2.98,3.57,4.41
2010-05-11,0.16,0.85,2.26,2.97,3.56,4.42
2010-05-12,0.16,0.89,2.29,3.01,3.56,4.47
2010-05-13,0.16,0.87,2.27,2.98,3.55,4.47
2010-05-14,0.16,0.79,2.16,2.87,3.44,4.32
2010-05-17,0.16,0.81,2.2,2.9,3.47,4.35
2010-05-18,0.17,0.76,2.11,2.82,3.38,4.26
2010-05-19,0.17,0.8,2.13,2.82,3.36,4.24
2010-05-20,0.17,0.76,2.04,2.71,3.25,4.13
2010-05-21,0.17,0.76,2.02,2.67,3.2,4.07
2010-05-24,0.17,0.77,2.04,2.69,3.23,4.12
2010-05-25,0.17,0.81,2.01,2.63,3.18,4.07
2010-05-26,0.17,0.82,2.06,2.68,3.21,4.11
2010-05-27,0.17,0.87,2.18,2.81,3.34,4.24
2010-05-28,0.16,0.76,2.1,2.75,3.31,4.22
2010-06-01,0.16,0.78,2.09,2.74,3.29,4.19
2010-06-02,0.16,0.82,2.14,2.81,3.35,4.24
2010-06-03,0.14,0.82,2.17,2.84,3.39,4.29
2010-06-04,0.14,0.72,1.98,2.65,3.2,4.13
2010-06-07,0.12,0.74,1.95,2.62,3.17,4.11
2010-06-08,0.12,0.74,1.98,2.63,3.18,4.1
2010-06-09,0.1,0.74,1.99,2.64,3.2,4.12
2010-06-10,0.1,0.79,2.12,2.78,3.33,4.25
2010-06-11,0.08,0.75,2.03,2.68,3.24,4.15
2010-06-14,0.07,0.77,2.07,2.73,3.28,4.2
2010-06-15,0.09,0.79,2.1,2.77,3.32,4.23
2010-06-16,0.1,0.75,2.06,2.73,3.27,4.18
2010-06-17,0.09,0.72,2.01,2.67,3.21,4.13
2010-06-18,0.11,0.74,2.04,2.7,3.24,4.15
2010-06-21,0.12,0.74,2.05,2.72,3.26,4.17
2010-06-22,0.13,0.71,1.98,2.64,3.18,4.1
2010-06-23,0.13,0.66,1.93,2.58,3.13,4.05
2010-06-24,0.13,0.67,1.93,2.59,3.14,4.09
2010-06-25,0.13,0.65,1.9,2.57,3.12,4.07
2010-06-28,0.17,0.62,1.83,2.49,3.05,4.01
2010-06-29,0.15,0.61,1.78,2.43,2.97,3.94
2010-06-30,0.18,0.61,1.79,2.42,2.97,3.91
2010-07-01,0.17,0.63,1.8,2.43,2.96,3.88
2010-07-02,0.17,0.63,1.82,2.46,3,3.94
2010-07-06,0.17,0.62,1.76,2.4,2.95,3.89
2010-07-07,0.16,0.63,1.79,2.45,3,3.96
2010-07-08,0.15,0.63,1.8,2.48,3.04,4
2010-07-09,0.16,0.63,1.85,2.52,3.07,4.04
2010-07-12,0.16,0.65,1.85,2.51,3.08,4.05
2010-07-13,0.15,0.67,1.9,2.57,3.15,4.1
2010-07-14,0.15,0.62,1.82,2.49,3.07,4.03
2010-07-15,0.15,0.61,1.76,2.43,3,3.97
2010-07-16,0.15,0.61,1.7,2.37,2.96,3.95
2010-07-19,0.17,0.61,1.73,2.4,2.99,3.99
2010-07-20,0.16,0.61,1.71,2.39,2.98,3.99
2010-07-21,0.16,0.58,1.66,2.32,2.9,3.89
2010-07-22,0.16,0.6,1.69,2.38,2.96,3.95
2010-07-23,0.16,0.6,1.75,2.43,3.02,4.01
2010-07-26,0.16,0.62,1.76,2.45,3.03,4.03
2010-07-27,0.15,0.65,1.82,2.51,3.08,4.08
2010-07-28,0.15,0.61,1.75,2.43,3.03,4.07
2010-07-29,0.15,0.59,1.7,2.4,3.03,4.08
2010-07-30,0.15,0.55,1.6,2.3,2.94,3.98
2010-08-02,0.16,0.56,1.64,2.35,2.99,4.06
2010-08-03,0.16,0.53,1.55,2.27,2.94,4.04
2010-08-04,0.16,0.56,1.62,2.33,2.98,4.07
2010-08-05,0.15,0.53,1.57,2.28,2.94,4.05
2010-08-06,0.15,0.5,1.51,2.21,2.86,4
2010-08-09,0.15,0.54,1.54,2.21,2.86,4.01
2010-08-10,0.15,0.52,1.46,2.14,2.79,4
2010-08-11,0.15,0.54,1.44,2.08,2.72,3.93
2010-08-12,0.16,0.55,1.48,2.11,2.74,3.94
2010-08-13,0.15,0.54,1.47,2.07,2.68,3.87
2010-08-16,0.16,0.51,1.4,2,2.58,3.72
2010-08-17,0.17,0.52,1.44,2.06,2.64,3.77
2010-08-18,0.16,0.51,1.46,2.06,2.64,3.73
2010-08-19,0.16,0.49,1.41,2.02,2.58,3.66
2010-08-20,0.15,0.49,1.47,2.07,2.62,3.67
2010-08-23,0.16,0.49,1.43,2.04,2.6,3.65
2010-08-24,0.16,0.5,1.36,1.95,2.5,3.57
2010-08-25,0.16,0.53,1.4,2,2.54,3.59
2010-08-26,0.16,0.51,1.38,1.97,2.5,3.53
2010-08-27,0.15,0.56,1.49,2.09,2.66,3.69
2010-08-30,0.14,0.5,1.39,1.98,2.54,3.6
2010-08-31,0.14,0.47,1.33,1.92,2.47,3.52
2010-09-01,0.13,0.5,1.41,2.02,2.58,3.65
2010-09-02,0.14,0.5,1.43,2.06,2.63,3.72
2010-09-03,0.14,0.52,1.49,2.14,2.72,3.79
2010-09-07,0.14,0.49,1.41,2.04,2.61,3.67
2010-09-08,0.14,0.52,1.46,2.09,2.66,3.72
2010-09-09,0.14,0.57,1.57,2.2,2.77,3.84
2010-09-10,0.14,0.58,1.59,2.24,2.81,3.88
2010-09-13,0.15,0.53,1.51,2.15,2.74,3.83
2010-09-14,0.15,0.5,1.43,2.09,2.68,3.79
2010-09-15,0.15,0.5,1.46,2.13,2.74,3.87
2010-09-16,0.16,0.48,1.48,2.17,2.77,3.92
2010-09-17,0.16,0.48,1.46,2.14,2.75,3.9
2010-09-20,0.17,0.47,1.43,2.1,2.72,3.87
2010-09-21,0.17,0.43,1.34,1.99,2.61,3.79
2010-09-22,0.16,0.44,1.33,1.96,2.56,3.74
2010-09-23,0.16,0.45,1.34,1.96,2.56,3.73
2010-09-24,0.15,0.45,1.37,2.01,2.62,3.79
2010-09-27,0.16,0.44,1.31,1.92,2.54,3.7
2010-09-28,0.16,0.37,1.25,1.85,2.48,3.66
2010-09-29,0.16,0.44,1.28,1.91,2.52,3.69
2010-09-30,0.16,0.42,1.27,1.91,2.53,3.69
2010-10-01,0.16,0.42,1.26,1.9,2.54,3.71
2010-10-04,0.13,0.41,1.23,1.86,2.5,3.71
2010-10-05,0.12,0.41,1.21,1.83,2.5,3.74
2010-10-06,0.13,0.38,1.16,1.77,2.41,3.67
2010-10-07,0.13,0.36,1.14,1.76,2.41,3.72
2010-10-08,0.12,0.35,1.11,1.75,2.41,3.75
2010-10-12,0.13,0.37,1.14,1.77,2.44,3.8
2010-10-13,0.13,0.37,1.13,1.77,2.46,3.84
2010-10-14,0.14,0.38,1.18,1.83,2.52,3.91
2010-10-15,0.14,0.37,1.2,1.88,2.59,3.98
2010-10-18,0.15,0.38,1.14,1.81,2.52,3.93
2010-10-19,0.14,0.37,1.11,1.79,2.5,3.9
2010-10-20,0.14,0.35,1.11,1.79,2.51,3.89
2010-10-21,0.13,0.37,1.15,1.85,2.57,3.95
2010-10-22,0.13,0.35,1.17,1.88,2.59,3.94
2010-10-25,0.14,0.37,1.2,1.89,2.59,3.91
2010-10-26,0.14,0.4,1.27,1.98,2.67,4
2010-10-27,0.14,0.4,1.34,2.06,2.75,4.06
2010-10-28,0.13,0.37,1.23,1.97,2.69,4.05
2010-10-29,0.12,0.34,1.17,1.89,2.63,3.99
2010-11-01,0.13,0.34,1.17,1.9,2.66,4.01
2010-11-02,0.13,0.34,1.15,1.87,2.63,3.93
2010-11-03,0.13,0.34,1.11,1.85,2.67,4.09
2010-11-04,0.13,0.33,1.04,1.73,2.53,4.04
2010-11-05,0.13,0.38,1.1,1.77,2.58,4.12
2010-11-08,0.13,0.41,1.13,1.78,2.6,4.12
2010-11-09,0.13,0.46,1.27,1.91,2.72,4.25
2010-11-10,0.13,0.44,1.23,1.84,2.65,4.25
2010-11-12,0.13,0.51,1.35,1.98,2.76,4.26
2010-11-15,0.14,0.53,1.51,2.16,2.92,4.38
2010-11-16,0.15,0.51,1.49,2.13,2.85,4.26
2010-11-17,0.14,0.5,1.49,2.16,2.89,4.31
2010-11-18,0.15,0.52,1.51,2.2,2.9,4.29
2010-11-19,0.14,0.52,1.54,2.2,2.88,4.25
2010-11-22,0.15,0.49,1.44,2.11,2.8,4.2
2010-11-23,0.15,0.45,1.4,2.08,2.77,4.18
2010-11-24,0.16,0.53,1.56,2.24,2.93,4.29
2010-11-26,0.16,0.51,1.53,2.21,2.87,4.21
2010-11-29,0.18,0.52,1.51,2.19,2.84,4.16
2010-11-30,0.17,0.45,1.47,2.16,2.81,4.12
2010-12-01,0.16,0.53,1.64,2.33,2.97,4.24
2010-12-02,0.16,0.55,1.68,2.37,3.01,4.27
2010-12-03,0.14,0.49,1.64,2.36,3.03,4.32
2010-12-06,0.15,0.42,1.53,2.26,2.95,4.25
2010-12-07,0.14,0.54,1.74,2.51,3.15,4.39
2010-12-08,0.15,0.63,1.87,2.62,3.26,4.45
2010-12-09,0.14,0.64,1.9,2.62,3.23,4.41
2010-12-10,0.13,0.64,1.98,2.7,3.32,4.43
2010-12-13,0.15,0.61,1.91,2.64,3.29,4.39
2010-12-14,0.15,0.66,2.08,2.84,3.49,4.54
2010-12-15,0.14,0.68,2.11,2.88,3.53,4.59
2010-12-16,0.13,0.66,2.06,2.81,3.47,4.57
2010-12-17,0.11,0.61,1.97,2.69,3.33,4.41
2010-12-20,0.14,0.62,1.99,2.72,3.36,4.44
2010-12-21,0.14,0.63,1.99,2.71,3.35,4.44
2010-12-22,0.14,0.65,2.02,2.74,3.36,4.45
2010-12-23,0.14,0.67,2.09,2.8,3.41,4.47
2010-12-27,0.17,0.71,2.08,2.76,3.36,4.42
2010-12-28,0.15,0.75,2.18,2.89,3.5,4.53
2010-12-29,0.13,0.64,2.03,2.75,3.35,4.41
2010-12-30,0.12,0.66,2.06,2.76,3.38,4.43
2010-12-31,0.12,0.61,2.01,2.71,3.3,4.34
2011-01-03,0.15,0.61,2.02,2.74,3.36,4.39
2011-01-04,0.14,0.63,2.01,2.72,3.36,4.44
2011-01-05,0.14,0.71,2.14,2.86,3.5,4.55
2011-01-06,0.15,0.68,2.09,2.8,3.44,4.53
2011-01-07,0.14,0.6,1.96,2.69,3.34,4.48
2011-01-10,0.15,0.59,1.93,2.65,3.32,4.47
2011-01-11,0.15,0.6,1.98,2.7,3.37,4.49
2011-01-12,0.15,0.61,1.99,2.71,3.4,4.52
2011-01-13,0.15,0.59,1.93,2.65,3.34,4.5
2011-01-14,0.15,0.59,1.95,2.66,3.35,4.53
2011-01-18,0.16,0.6,1.97,2.7,3.39,4.56
2011-01-19,0.16,0.6,1.95,2.69,3.37,4.53
2011-01-20,0.16,0.65,2.06,2.81,3.47,4.6
2011-01-21,0.16,0.63,2.04,2.77,3.44,4.57
2011-01-24,0.16,0.65,2.03,2.76,3.43,4.55
2011-01-25,0.16,0.62,1.96,2.68,3.35,4.48
2011-01-26,0.16,0.62,2.03,2.76,3.45,4.59
2011-01-27,0.15,0.59,1.98,2.75,3.42,4.57
2011-01-28,0.15,0.54,1.92,2.66,3.36,4.53
2011-01-31,0.15,0.58,1.95,2.71,3.42,4.58
2011-02-01,0.15,0.61,2.02,2.79,3.48,4.62
2011-02-02,0.16,0.67,2.1,2.84,3.52,4.64
2011-02-03,0.14,0.71,2.18,2.92,3.58,4.67
2011-02-04,0.15,0.77,2.27,3.01,3.68,4.73
2011-02-07,0.16,0.78,2.29,3.03,3.68,4.71
2011-02-08,0.15,0.86,2.39,3.12,3.75,4.76
2011-02-09,0.14,0.81,2.33,3.05,3.65,4.71
2011-02-10,0.12,0.85,2.4,3.1,3.7,4.75
2011-02-11,0.12,0.85,2.38,3.05,3.64,4.71
2011-02-14,0.13,0.87,2.37,3.04,3.62,4.67
2011-02-15,0.13,0.84,2.35,3.03,3.61,4.66
2011-02-16,0.12,0.86,2.37,3.04,3.62,4.67
2011-02-17,0.09,0.8,2.3,2.99,3.58,4.66
2011-02-18,0.1,0.78,2.3,2.99,3.59,4.7
2011-02-22,0.12,0.74,2.16,2.85,3.46,4.6
2011-02-23,0.12,0.74,2.21,2.89,3.49,4.59
2011-02-24,0.13,0.73,2.19,2.87,3.46,4.54
2011-02-25,0.13,0.72,2.16,2.84,3.42,4.51
2011-02-28,0.15,0.69,2.13,2.82,3.42,4.49
2011-03-01,0.14,0.66,2.11,2.81,3.41,4.48
2011-03-02,0.13,0.69,2.16,2.86,3.46,4.54
2011-03-03,0.13,0.79,2.3,3,3.58,4.64
2011-03-04,0.12,0.68,2.17,2.88,3.49,4.6
2011-03-07,0.11,0.7,2.19,2.9,3.51,4.61
2011-03-08,0.11,0.73,2.22,2.93,3.56,4.66
2011-03-09,0.1,0.7,2.16,2.86,3.48,4.6
2011-03-10,0.08,0.65,2.05,2.74,3.37,4.53
2011-03-11,0.08,0.64,2.06,2.76,3.4,4.54
2011-03-14,0.09,0.61,2,2.7,3.36,4.52
2011-03-15,0.1,0.63,2,2.68,3.33,4.47
2011-03-16,0.1,0.58,1.87,2.56,3.22,4.38
2011-03-17,0.08,0.6,1.91,2.59,3.25,4.42
2011-03-18,0.07,0.61,1.96,2.64,3.28,4.43
2011-03-21,0.1,0.67,2.04,2.72,3.34,4.45
2011-03-22,0.1,0.68,2.07,2.73,3.34,4.44
2011-03-23,0.09,0.69,2.07,2.75,3.36,4.44
2011-03-24,0.09,0.72,2.14,2.82,3.42,4.48
2011-03-25,0.09,0.79,2.2,2.87,3.46,4.51
2011-03-28,0.11,0.81,2.23,2.89,3.47,4.51
2011-03-29,0.1,0.81,2.25,2.92,3.5,4.54
2011-03-30,0.1,0.8,2.21,2.87,3.47,4.52
2011-03-31,0.09,0.8,2.24,2.9,3.47,4.51
2011-04-01,0.07,0.8,2.24,2.9,3.46,4.48
2011-04-04,0.06,0.77,2.2,2.86,3.45,4.49
2011-04-05,0.07,0.84,2.28,2.93,3.5,4.51
2011-04-06,0.06,0.85,2.32,2.98,3.56,4.58
2011-04-07,0.04,0.81,2.29,2.97,3.58,4.63
2011-04-08,0.04,0.83,2.31,2.99,3.59,4.63
2011-04-11,0.05,0.85,2.31,2.98,3.59,4.64
2011-04-12,0.05,0.77,2.22,2.89,3.52,4.58
2011-04-13,0.06,0.75,2.19,2.86,3.49,4.55
2011-04-14,0.07,0.77,2.23,2.88,3.51,4.53
2011-04-15,0.07,0.71,2.14,2.81,3.43,4.47
2011-04-18,0.07,0.69,2.09,2.77,3.4,4.45
2011-04-19,0.06,0.68,2.09,2.76,3.39,4.43
2011-04-20,0.06,0.69,2.15,2.81,3.43,4.47
2011-04-21,0.06,0.68,2.14,2.79,3.42,4.47
2011-04-25,0.07,0.67,2.1,2.76,3.39,4.46
2011-04-26,0.07,0.65,2.05,2.71,3.34,4.39
2011-04-27,0.06,0.65,2.06,2.74,3.39,4.45
2011-04-28,0.04,0.62,2,2.69,3.34,4.42
2011-04-29,0.04,0.61,1.97,2.66,3.32,4.4
2011-05-02,0.05,0.61,1.96,2.66,3.31,4.38
2011-05-03,0.03,0.61,1.96,2.64,3.28,4.36
2011-05-04,0.03,0.6,1.95,2.61,3.25,4.33
2011-05-05,0.02,0.58,1.88,2.54,3.18,4.26
2011-05-06,0.02,0.57,1.87,2.54,3.19,4.29
2011-05-09,0.03,0.57,1.84,2.51,3.17,4.3
2011-05-10,0.03,0.59,1.91,2.57,3.23,4.34
2011-05-11,0.03,0.56,1.87,2.53,3.19,4.31
2011-05-12,0.02,0.57,1.89,2.56,3.22,4.37
2011-05-13,0.03,0.57,1.86,2.53,3.18,4.32
2011-05-16,0.04,0.54,1.83,2.5,3.15,4.28
2011-05-17,0.04,0.55,1.8,2.47,3.12,4.23
2011-05-18,0.05,0.58,1.87,2.53,3.18,4.29
2011-05-19,0.05,0.55,1.85,2.53,3.17,4.3
2011-05-20,0.05,0.55,1.82,2.5,3.15,4.3
2011-05-23,0.06,0.55,1.8,2.47,3.13,4.27
2011-05-24,0.06,0.56,1.81,2.47,3.12,4.26
2011-05-25,0.06,0.54,1.81,2.47,3.13,4.28
2011-05-26,0.05,0.48,1.72,2.4,3.07,4.23
2011-05-27,0.05,0.48,1.71,2.39,3.07,4.24
2011-05-31,0.06,0.45,1.68,2.37,3.05,4.22
2011-06-01,0.05,0.44,1.6,2.28,2.96,4.15
2011-06-02,0.04,0.45,1.65,2.34,3.04,4.25
2011-06-03,0.04,0.42,1.6,2.28,2.99,4.22
2011-06-06,0.05,0.43,1.6,2.29,3.01,4.25
2011-06-07,0.05,0.39,1.59,2.29,3.01,4.27
2011-06-08,0.04,0.39,1.52,2.24,2.98,4.2
2011-06-09,0.05,0.43,1.6,2.3,3.01,4.22
2011-06-10,0.05,0.41,1.58,2.28,2.99,4.18
2011-06-13,0.05,0.4,1.59,2.3,3,4.2
2011-06-14,0.05,0.45,1.7,2.41,3.11,4.3
2011-06-15,0.05,0.38,1.55,2.26,2.98,4.19
2011-06-16,0.05,0.38,1.52,2.22,2.93,4.16
2011-06-17,0.04,0.38,1.53,2.23,2.94,4.19
2011-06-20,0.03,0.38,1.55,2.25,2.97,4.19
2011-06-21,0.03,0.4,1.57,2.27,2.99,4.21
2011-06-22,0.02,0.39,1.58,2.29,3.01,4.22
2011-06-23,0.01,0.35,1.48,2.19,2.93,4.17
2011-06-24,0.02,0.35,1.4,2.13,2.88,4.17
2011-06-27,0.02,0.41,1.47,2.19,2.95,4.28
2011-06-28,0.03,0.48,1.62,2.33,3.05,4.33
2011-06-29,0.02,0.47,1.7,2.44,3.14,4.39
2011-06-30,0.03,0.45,1.76,2.5,3.18,4.38
2011-07-01,0.02,0.5,1.8,2.54,3.22,4.4
2011-07-05,0.02,0.44,1.7,2.46,3.16,4.39
2011-07-06,0.01,0.43,1.66,2.41,3.12,4.35
2011-07-07,0.03,0.49,1.74,2.48,3.17,4.37
2011-07-08,0.03,0.4,1.57,2.32,3.03,4.27
2011-07-11,0.03,0.37,1.49,2.22,2.94,4.2
2011-07-12,0.03,0.37,1.47,2.2,2.92,4.19
2011-07-13,0.01,0.37,1.45,2.18,2.92,4.17
2011-07-14,0.01,0.38,1.51,2.24,2.98,4.25
2011-07-15,0.02,0.37,1.46,2.19,2.94,4.26
2011-07-18,0.02,0.37,1.45,2.18,2.94,4.29
2011-07-19,0.03,0.39,1.45,2.17,2.91,4.19
2011-07-20,0.02,0.4,1.49,2.22,2.96,4.25
2011-07-21,0.05,0.4,1.56,2.3,3.03,4.31
2011-07-22,0.05,0.4,1.53,2.26,2.99,4.26
2011-07-25,0.05,0.42,1.55,2.29,3.03,4.31
2011-07-26,0.07,0.41,1.51,2.25,2.99,4.28
2011-07-27,0.08,0.44,1.56,2.28,3.01,4.29
2011-07-28,0.07,0.42,1.52,2.26,2.98,4.26
2011-07-29,0.1,0.36,1.35,2.09,2.82,4.12
2011-08-01,0.1,0.38,1.32,2.05,2.77,4.07
2011-08-02,0.06,0.33,1.23,1.94,2.66,3.93
2011-08-03,0.02,0.33,1.25,1.94,2.64,3.89
2011-08-04,0.02,0.27,1.12,1.78,2.47,3.7
2011-08-05,0.01,0.28,1.23,1.91,2.58,3.82
2011-08-08,0.05,0.27,1.11,1.75,2.4,3.68
2011-08-09,0.03,0.19,0.91,1.53,2.2,3.56
2011-08-10,0.02,0.19,0.93,1.52,2.17,3.54
2011-08-11,0.03,0.19,1.02,1.65,2.34,3.82
2011-08-12,0.02,0.2,0.96,1.56,2.24,3.72
2011-08-15,0.02,0.19,0.99,1.6,2.29,3.75
2011-08-16,0.03,0.2,0.95,1.54,2.23,3.67
2011-08-17,0.01,0.19,0.92,1.48,2.17,3.57
2011-08-18,0.01,0.2,0.9,1.43,2.08,3.45
2011-08-19,0.02,0.2,0.9,1.43,2.07,3.39
2011-08-22,0.01,0.22,0.94,1.47,2.1,3.42
2011-08-23,0.01,0.22,0.95,1.5,2.15,3.47
2011-08-24,0.02,0.23,1.05,1.62,2.29,3.63
2011-08-25,0.01,0.22,0.98,1.57,2.23,3.6
2011-08-26,0.01,0.2,0.94,1.52,2.19,3.54
2011-08-29,0.02,0.2,0.99,1.6,2.28,3.63
2011-08-30,0.01,0.2,0.94,1.52,2.19,3.53
2011-08-31,0.02,0.2,0.96,1.56,2.23,3.6
2011-09-01,0.02,0.19,0.9,1.49,2.15,3.51
2011-09-02,0.02,0.2,0.88,1.41,2.02,3.32
2011-09-06,0.02,0.21,0.88,1.4,1.98,3.26
2011-09-07,0.02,0.21,0.92,1.45,2.05,3.36
2011-09-08,0.02,0.19,0.88,1.41,2,3.32
2011-09-09,0.01,0.17,0.81,1.34,1.93,3.26
2011-09-12,0.01,0.21,0.87,1.38,1.94,3.24
2011-09-13,0.01,0.21,0.89,1.42,2,3.32
2011-09-14,0.01,0.19,0.91,1.45,2.03,3.32
2011-09-15,0.01,0.21,0.95,1.51,2.09,3.36
2011-09-16,0.01,0.18,0.94,1.5,2.08,3.34
2011-09-19,0.01,0.16,0.85,1.4,1.97,3.22
2011-09-20,0.01,0.18,0.85,1.39,1.95,3.2
2011-09-21,0.01,0.21,0.88,1.36,1.88,3.03
2011-09-22,0,0.2,0.79,1.24,1.72,2.78
2011-09-23,0.01,0.23,0.89,1.35,1.84,2.89
2011-09-26,0.02,0.25,0.92,1.41,1.91,2.99
2011-09-27,0.01,0.25,0.97,1.49,2,3.08
2011-09-28,0.02,0.27,0.99,1.5,2.03,3.1
2011-09-29,0.02,0.27,0.98,1.48,1.99,3.03
2011-09-30,0.02,0.25,0.96,1.43,1.92,2.9
2011-10-03,0.02,0.24,0.87,1.33,1.8,2.76
2011-10-04,0.01,0.25,0.9,1.35,1.81,2.77
2011-10-05,0,0.25,0.96,1.45,1.92,2.87
2011-10-06,0.01,0.29,1.01,1.52,2.01,2.96
2011-10-07,0.01,0.3,1.08,1.61,2.1,3.02
2011-10-11,0.02,0.32,1.14,1.68,2.18,3.11
2011-10-12,0.02,0.29,1.17,1.72,2.24,3.19
2011-10-13,0.02,0.29,1.11,1.67,2.19,3.15
2011-10-14,0.02,0.28,1.12,1.71,2.26,3.22
2011-10-17,0.04,0.28,1.08,1.65,2.18,3.13
2011-10-18,0.04,0.28,1.07,1.64,2.19,3.17
2011-10-19,0.03,0.28,1.05,1.62,2.18,3.17
2011-10-20,0.03,0.28,1.07,1.64,2.2,3.19
2011-10-21,0.02,0.3,1.08,1.66,2.23,3.26
2011-10-24,0.02,0.3,1.1,1.7,2.25,3.27
2011-10-25,0.01,0.26,1.01,1.6,2.14,3.13
2011-10-26,0.02,0.28,1.09,1.68,2.23,3.22
2011-10-27,0.02,0.31,1.2,1.83,2.42,3.45
2011-10-28,0.01,0.28,1.13,1.74,2.34,3.36
2011-10-31,0.01,0.25,0.99,1.58,2.17,3.16
2011-11-01,0.01,0.23,0.9,1.45,2.01,2.99
2011-11-02,0.01,0.23,0.89,1.44,2.03,3.03
2011-11-03,0.01,0.24,0.91,1.48,2.09,3.1
2011-11-04,0.01,0.22,0.88,1.45,2.06,3.09
2011-11-07,0.01,0.25,0.88,1.44,2.04,3.05
2011-11-08,0.01,0.25,0.92,1.5,2.1,3.13
2011-11-09,0.01,0.24,0.88,1.41,2,3.03
2011-11-10,0.01,0.24,0.9,1.45,2.04,3.12
2011-11-14,0.01,0.24,0.91,1.46,2.04,3.09
2011-11-15,0.01,0.26,0.93,1.48,2.06,3.1
2011-11-16,0.01,0.26,0.9,1.44,2.01,3.05
2011-11-17,0.02,0.27,0.88,1.41,1.96,2.98
2011-11-18,0.01,0.29,0.94,1.48,2.01,2.99
2011-11-21,0.02,0.27,0.92,1.45,1.97,2.96
2011-11-22,0.02,0.26,0.91,1.42,1.94,2.91
2011-11-23,0.02,0.26,0.88,1.38,1.89,2.82
2011-11-25,0.02,0.28,0.93,1.45,1.97,2.92
2011-11-28,0.03,0.26,0.91,1.44,1.97,2.93
2011-11-29,0.02,0.27,0.93,1.48,2,2.96
2011-11-30,0.01,0.25,0.96,1.53,2.08,3.06
2011-12-01,0.01,0.27,0.97,1.55,2.11,3.12
2011-12-02,0.02,0.25,0.92,1.49,2.05,3.03
2011-12-05,0.01,0.27,0.93,1.49,2.04,3.02
2011-12-06,0.01,0.25,0.94,1.52,2.08,3.09
2011-12-07,0.02,0.24,0.89,1.46,2.02,3.04
2011-12-08,0.01,0.22,0.86,1.41,1.99,3
2011-12-09,0.01,0.22,0.89,1.48,2.07,3.1
2011-12-12,0.01,0.24,0.87,1.45,2.03,3.06
2011-12-13,0.01,0.24,0.85,1.4,1.96,2.98
2011-12-14,0.01,0.25,0.86,1.38,1.92,2.91
2011-12-15,0,0.26,0.86,1.38,1.92,2.92
2011-12-16,0,0.24,0.81,1.32,1.86,2.86
2011-12-19,0.01,0.24,0.82,1.3,1.82,2.79
2011-12-20,0.01,0.26,0.88,1.39,1.94,2.93
2011-12-21,0.01,0.28,0.91,1.44,1.98,3
2011-12-22,0.01,0.28,0.91,1.43,1.97,2.99
2011-12-23,0.01,0.28,0.97,1.49,2.03,3.05
2011-12-27,0.02,0.3,0.96,1.49,2.02,3.04
2011-12-28,0.01,0.28,0.91,1.41,1.93,2.91
2011-12-29,0.02,0.28,0.88,1.38,1.91,2.9
2011-12-30,0.02,0.25,0.83,1.35,1.89,2.89
2012-01-03,0.02,0.27,0.89,1.41,1.97,2.98
2012-01-04,0.02,0.25,0.89,1.43,2,3.03
2012-01-05,0.02,0.27,0.88,1.43,2.02,3.06
2012-01-06,0.02,0.25,0.86,1.4,1.98,3.02
2012-01-09,0.01,0.26,0.85,1.39,1.98,3.02
2012-01-10,0.02,0.24,0.86,1.41,2,3.04
2012-01-11,0.02,0.24,0.82,1.34,1.93,2.96
2012-01-12,0.03,0.22,0.84,1.37,1.94,2.97
2012-01-13,0.03,0.24,0.8,1.32,1.89,2.91
2012-01-17,0.03,0.21,0.79,1.31,1.87,2.89
2012-01-18,0.03,0.24,0.82,1.34,1.92,2.96
2012-01-19,0.05,0.26,0.87,1.43,2.01,3.05
2012-01-20,0.05,0.26,0.91,1.47,2.05,3.1
2012-01-23,0.04,0.26,0.93,1.51,2.09,3.15
2012-01-24,0.04,0.24,0.92,1.49,2.08,3.15
2012-01-25,0.04,0.22,0.81,1.4,2.01,3.13
2012-01-26,0.05,0.22,0.77,1.34,1.96,3.1
2012-01-27,0.06,0.22,0.75,1.31,1.93,3.07
2012-01-30,0.05,0.22,0.73,1.27,1.87,2.99
2012-01-31,0.06,0.22,0.71,1.24,1.83,2.94
2012-02-01,0.06,0.23,0.72,1.27,1.87,3.01
2012-02-02,0.08,0.23,0.71,1.25,1.86,3.01
2012-02-03,0.08,0.23,0.78,1.35,1.97,3.13
2012-02-06,0.08,0.24,0.76,1.32,1.93,3.08
2012-02-07,0.08,0.25,0.82,1.39,2,3.14
2012-02-08,0.09,0.27,0.82,1.39,2.01,3.14
2012-02-09,0.09,0.27,0.86,1.43,2.04,3.2
2012-02-10,0.09,0.27,0.81,1.36,1.96,3.11
2012-02-13,0.11,0.29,0.85,1.4,1.99,3.14
2012-02-14,0.12,0.29,0.81,1.34,1.92,3.06
2012-02-15,0.11,0.29,0.81,1.34,1.93,3.09
2012-02-16,0.1,0.29,0.87,1.41,1.99,3.14
2012-02-17,0.09,0.29,0.88,1.43,2.01,3.16
2012-02-21,0.08,0.31,0.92,1.47,2.05,3.2
2012-02-22,0.09,0.29,0.88,1.41,2.01,3.15
2012-02-23,0.09,0.31,0.88,1.4,1.99,3.13
2012-02-24,0.1,0.31,0.89,1.41,1.98,3.1
2012-02-27,0.12,0.3,0.84,1.35,1.92,3.04
2012-02-28,0.1,0.3,0.84,1.36,1.94,3.07
2012-02-29,0.08,0.3,0.87,1.39,1.98,3.08
2012-03-01,0.08,0.3,0.89,1.44,2.03,3.15
2012-03-02,0.07,0.28,0.84,1.38,1.99,3.11
2012-03-05,0.08,0.31,0.87,1.4,2,3.13
2012-03-06,0.08,0.3,0.83,1.35,1.96,3.08
2012-03-07,0.08,0.3,0.85,1.37,1.98,3.12
2012-03-08,0.08,0.32,0.89,1.41,2.03,3.18
2012-03-09,0.09,0.33,0.9,1.43,2.04,3.19
2012-03-12,0.09,0.33,0.92,1.43,2.04,3.17
2012-03-13,0.08,0.35,0.99,1.52,2.14,3.26
2012-03-14,0.09,0.4,1.13,1.69,2.29,3.43
2012-03-15,0.08,0.37,1.11,1.67,2.29,3.41
2012-03-16,0.09,0.37,1.13,1.7,2.31,3.41
2012-03-19,0.1,0.39,1.2,1.77,2.39,3.48
2012-03-20,0.1,0.41,1.22,1.78,2.38,3.46
2012-03-21,0.09,0.39,1.15,1.71,2.31,3.38
2012-03-22,0.08,0.37,1.13,1.69,2.29,3.37
2012-03-23,0.08,0.37,1.1,1.66,2.25,3.31
2012-03-26,0.09,0.36,1.09,1.65,2.26,3.33
2012-03-27,0.09,0.33,1.04,1.59,2.2,3.29
2012-03-28,0.09,0.34,1.05,1.6,2.21,3.31
2012-03-29,0.07,0.33,1.01,1.57,2.18,3.27
2012-03-30,0.07,0.33,1.04,1.61,2.23,3.35
2012-04-02,0.08,0.33,1.03,1.6,2.22,3.35
2012-04-03,0.08,0.36,1.1,1.68,2.3,3.41
2012-04-04,0.08,0.35,1.05,1.62,2.25,3.37
2012-04-05,0.08,0.35,1.01,1.56,2.19,3.32
2012-04-06,0.07,0.32,0.89,1.42,2.07,3.21
2012-04-09,0.09,0.32,0.9,1.42,2.06,3.18
2012-04-10,0.09,0.28,0.85,1.37,2.01,3.13
2012-04-11,0.09,0.3,0.89,1.41,2.05,3.18
2012-04-12,0.09,0.29,0.9,1.44,2.08,3.22
2012-04-13,0.09,0.27,0.86,1.39,2.02,3.14
2012-04-16,0.08,0.27,0.85,1.37,2,3.12
2012-04-17,0.08,0.27,0.88,1.4,2.03,3.15
2012-04-18,0.07,0.27,0.86,1.38,2,3.13
2012-04-19,0.07,0.27,0.84,1.37,1.98,3.12
2012-04-20,0.08,0.29,0.86,1.38,1.99,3.12
2012-04-23,0.08,0.27,0.83,1.34,1.96,3.08
2012-04-24,0.09,0.27,0.86,1.37,2,3.12
2012-04-25,0.09,0.26,0.86,1.38,2.01,3.15
2012-04-26,0.09,0.26,0.83,1.36,1.98,3.13
2012-04-27,0.09,0.26,0.82,1.34,1.96,3.12
2012-04-30,0.1,0.27,0.82,1.33,1.95,3.12
2012-05-01,0.09,0.27,0.84,1.35,1.98,3.16
2012-05-02,0.08,0.27,0.82,1.33,1.96,3.11
2012-05-03,0.09,0.28,0.82,1.34,1.96,3.12
2012-05-04,0.07,0.27,0.78,1.28,1.91,3.07
2012-05-07,0.1,0.27,0.79,1.29,1.92,3.07
2012-05-08,0.09,0.27,0.77,1.26,1.88,3.03
2012-05-09,0.09,0.27,0.77,1.26,1.87,3.03
2012-05-10,0.1,0.27,0.79,1.28,1.89,3.07
2012-05-11,0.1,0.27,0.75,1.24,1.84,3.02
2012-05-14,0.1,0.29,0.73,1.2,1.78,2.95
2012-05-15,0.09,0.29,0.74,1.19,1.76,2.91
2012-05-16,0.1,0.3,0.75,1.19,1.76,2.9
2012-05-17,0.1,0.32,0.74,1.16,1.7,2.8
2012-05-18,0.08,0.32,0.75,1.16,1.71,2.8
2012-05-21,0.09,0.3,0.75,1.18,1.75,2.8
2012-05-22,0.09,0.3,0.78,1.2,1.79,2.88
2012-05-23,0.09,0.28,0.74,1.15,1.73,2.81
2012-05-24,0.1,0.29,0.77,1.2,1.77,2.86
2012-05-25,0.09,0.3,0.76,1.17,1.75,2.85
2012-05-29,0.09,0.3,0.76,1.17,1.74,2.85
2012-05-30,0.07,0.27,0.69,1.06,1.63,2.72
2012-05-31,0.07,0.27,0.67,1.03,1.59,2.67
2012-06-01,0.07,0.25,0.62,0.93,1.47,2.53
2012-06-04,0.08,0.25,0.68,1.01,1.53,2.56
2012-06-05,0.08,0.25,0.68,1.04,1.57,2.63
2012-06-06,0.09,0.26,0.73,1.11,1.66,2.73
2012-06-07,0.09,0.27,0.72,1.1,1.66,2.75
2012-06-08,0.09,0.28,0.71,1.09,1.65,2.77
2012-06-11,0.09,0.27,0.69,1.05,1.6,2.71
2012-06-12,0.1,0.3,0.75,1.12,1.67,2.77
2012-06-13,0.1,0.3,0.71,1.06,1.61,2.7
2012-06-14,0.11,0.3,0.73,1.1,1.64,2.73
2012-06-15,0.09,0.29,0.68,1.06,1.6,2.7
2012-06-18,0.1,0.29,0.69,1.06,1.59,2.67
2012-06-19,0.09,0.3,0.71,1.09,1.64,2.73
2012-06-20,0.09,0.32,0.74,1.12,1.65,2.72
2012-06-21,0.09,0.32,0.73,1.1,1.63,2.68
2012-06-22,0.09,0.31,0.76,1.15,1.69,2.75
2012-06-25,0.1,0.31,0.72,1.1,1.63,2.69
2012-06-26,0.1,0.31,0.75,1.12,1.66,2.71
2012-06-27,0.09,0.31,0.73,1.1,1.65,2.7
2012-06-28,0.09,0.31,0.69,1.06,1.6,2.67
2012-06-29,0.09,0.33,0.72,1.11,1.67,2.76
2012-07-02,0.1,0.3,0.67,1.04,1.61,2.69
2012-07-03,0.09,0.3,0.69,1.08,1.65,2.74
2012-07-05,0.08,0.28,0.68,1.05,1.62,2.72
2012-07-06,0.08,0.27,0.64,1.01,1.57,2.66
2012-07-09,0.09,0.27,0.63,0.98,1.53,2.62
2012-07-10,0.09,0.27,0.63,0.98,1.53,2.6
2012-07-11,0.1,0.27,0.64,0.99,1.54,2.6
2012-07-12,0.1,0.25,0.63,0.98,1.5,2.57
2012-07-13,0.1,0.25,0.63,0.99,1.52,2.58
2012-07-16,0.1,0.24,0.6,0.97,1.5,2.56
2012-07-17,0.1,0.25,0.62,0.99,1.53,2.59
2012-07-18,0.09,0.22,0.6,0.97,1.52,2.59
2012-07-19,0.09,0.22,0.62,0.99,1.54,2.61
2012-07-20,0.09,0.22,0.59,0.95,1.49,2.55
2012-07-23,0.1,0.22,0.57,0.93,1.47,2.52
2012-07-24,0.1,0.22,0.57,0.91,1.44,2.47
2012-07-25,0.1,0.22,0.56,0.91,1.43,2.46
2012-07-26,0.11,0.23,0.58,0.94,1.45,2.49
2012-07-27,0.11,0.25,0.65,1.04,1.58,2.63
2012-07-30,0.11,0.23,0.61,0.99,1.53,2.58
2012-07-31,0.11,0.23,0.6,0.98,1.51,2.56
2012-08-01,0.1,0.24,0.63,1.03,1.56,2.6
2012-08-02,0.09,0.24,0.61,0.98,1.51,2.55
2012-08-03,0.09,0.24,0.67,1.07,1.6,2.65
2012-08-06,0.1,0.24,0.65,1.05,1.59,2.65
2012-08-07,0.11,0.27,0.71,1.13,1.66,2.72
2012-08-08,0.11,0.29,0.73,1.14,1.68,2.75
2012-08-09,0.11,0.29,0.74,1.15,1.69,2.78
2012-08-10,0.1,0.27,0.71,1.11,1.65,2.74
2012-08-13,0.11,0.27,0.71,1.12,1.65,2.74
2012-08-14,0.11,0.27,0.75,1.18,1.73,2.82
2012-08-15,0.09,0.27,0.8,1.25,1.8,2.9
2012-08-16,0.09,0.29,0.83,1.28,1.83,2.96
2012-08-17,0.09,0.29,0.81,1.27,1.81,2.93
2012-08-20,0.11,0.29,0.8,1.26,1.82,2.93
2012-08-21,0.11,0.31,0.8,1.25,1.8,2.9
2012-08-22,0.11,0.26,0.71,1.16,1.71,2.82
2012-08-23,0.11,0.26,0.71,1.13,1.68,2.79
2012-08-24,0.1,0.28,0.72,1.14,1.68,2.79
2012-08-27,0.11,0.28,0.7,1.11,1.65,2.76
2012-08-28,0.1,0.27,0.69,1.1,1.64,2.75
2012-08-29,0.12,0.27,0.69,1.11,1.66,2.77
2012-08-30,0.1,0.27,0.66,1.08,1.63,2.75
2012-08-31,0.09,0.22,0.59,1.01,1.57,2.68
2012-09-04,0.1,0.23,0.62,1.03,1.59,2.69
2012-09-05,0.11,0.25,0.62,1.04,1.6,2.7
2012-09-06,0.11,0.27,0.68,1.12,1.68,2.8
2012-09-07,0.11,0.25,0.64,1.09,1.67,2.81
2012-09-10,0.1,0.25,0.66,1.1,1.68,2.83
2012-09-11,0.1,0.25,0.67,1.12,1.7,2.84
2012-09-12,0.1,0.25,0.7,1.17,1.77,2.92
2012-09-13,0.1,0.24,0.65,1.12,1.75,2.95
2012-09-14,0.11,0.27,0.72,1.23,1.88,3.09
2012-09-17,0.11,0.25,0.73,1.22,1.85,3.03
2012-09-18,0.1,0.25,0.71,1.19,1.82,3
2012-09-19,0.11,0.27,0.7,1.18,1.79,2.97
2012-09-20,0.11,0.27,0.7,1.18,1.8,2.96
2012-09-21,0.11,0.27,0.68,1.14,1.77,2.95
2012-09-24,0.11,0.27,0.68,1.12,1.74,2.91
2012-09-25,0.11,0.27,0.66,1.08,1.7,2.86
2012-09-26,0.11,0.26,0.63,1.03,1.64,2.79
2012-09-27,0.09,0.25,0.64,1.05,1.66,2.83
2012-09-28,0.1,0.23,0.62,1.04,1.65,2.82
2012-10-01,0.09,0.25,0.62,1.04,1.64,2.81
2012-10-02,0.09,0.23,0.61,1.03,1.64,2.81
2012-10-03,0.09,0.23,0.61,1.02,1.64,2.82
2012-10-04,0.1,0.23,0.63,1.07,1.7,2.89
2012-10-05,0.11,0.27,0.67,1.12,1.75,2.96
2012-10-09,0.1,0.25,0.67,1.11,1.74,2.93
2012-10-10,0.1,0.27,0.66,1.09,1.72,2.89
2012-10-11,0.1,0.28,0.67,1.09,1.7,2.86
2012-10-12,0.11,0.27,0.67,1.09,1.69,2.83
2012-10-15,0.11,0.27,0.67,1.09,1.7,2.85
2012-10-16,0.09,0.27,0.7,1.15,1.75,2.91
2012-10-17,0.11,0.3,0.78,1.24,1.83,2.98
2012-10-18,0.1,0.29,0.79,1.26,1.86,3.02
2012-10-19,0.1,0.3,0.77,1.21,1.79,2.94
2012-10-22,0.1,0.32,0.79,1.25,1.83,2.95
2012-10-23,0.11,0.29,0.77,1.21,1.79,2.91
2012-10-24,0.11,0.29,0.76,1.21,1.8,2.93
2012-10-25,0.11,0.31,0.82,1.28,1.86,2.98
2012-10-26,0.12,0.3,0.76,1.2,1.78,2.92
2012-10-29,0.14,0.3,0.74,1.16,1.74,2.87
2012-10-31,0.11,0.3,0.72,1.14,1.72,2.85
2012-11-01,0.09,0.3,0.73,1.16,1.75,2.89
2012-11-02,0.09,0.28,0.73,1.16,1.75,2.91
2012-11-05,0.11,0.28,0.7,1.13,1.72,2.88
2012-11-06,0.1,0.3,0.75,1.19,1.78,2.92
2012-11-07,0.1,0.27,0.67,1.08,1.68,2.83
2012-11-08,0.1,0.27,0.65,1.04,1.62,2.77
2012-11-09,0.09,0.27,0.65,1.04,1.61,2.75
2012-11-13,0.11,0.27,0.63,1.02,1.59,2.72
2012-11-14,0.1,0.25,0.63,1.03,1.59,2.73
2012-11-15,0.08,0.24,0.62,1.02,1.58,2.72
2012-11-16,0.06,0.24,0.62,1.01,1.58,2.73
2012-11-19,0.09,0.25,0.64,1.04,1.61,2.76
2012-11-20,0.08,0.27,0.67,1.09,1.66,2.82
2012-11-21,0.1,0.27,0.69,1.11,1.69,2.83
2012-11-23,0.1,0.29,0.7,1.12,1.7,2.83
2012-11-26,0.1,0.27,0.68,1.09,1.66,2.8
2012-11-27,0.1,0.27,0.66,1.07,1.64,2.79
2012-11-28,0.1,0.27,0.64,1.05,1.63,2.79
2012-11-29,0.09,0.25,0.63,1.04,1.62,2.79
2012-11-30,0.08,0.25,0.61,1.04,1.62,2.81
2012-12-03,0.1,0.25,0.63,1.05,1.63,2.8
2012-12-04,0.1,0.25,0.63,1.04,1.62,2.78
2012-12-05,0.1,0.25,0.61,1.02,1.6,2.78
2012-12-06,0.1,0.25,0.6,1,1.59,2.76
2012-12-07,0.09,0.25,0.63,1.04,1.64,2.81
2012-12-10,0.09,0.24,0.62,1.04,1.63,2.8
2012-12-11,0.08,0.24,0.64,1.06,1.66,2.83
2012-12-12,0.07,0.25,0.66,1.11,1.72,2.9
2012-12-13,0.06,0.27,0.7,1.15,1.74,2.9
2012-12-14,0.04,0.24,0.7,1.15,1.72,2.87
2012-12-17,0.05,0.25,0.74,1.2,1.78,2.94
2012-12-18,0.06,0.28,0.78,1.25,1.84,3
2012-12-19,0.05,0.28,0.77,1.24,1.82,2.99
2012-12-20,0.06,0.28,0.77,1.24,1.81,2.98
2012-12-21,0.06,0.26,0.75,1.2,1.77,2.93
2012-12-24,0.06,0.26,0.77,1.22,1.79,2.94
2012-12-26,0.09,0.26,0.76,1.2,1.77,2.94
2012-12-27,0.08,0.26,0.72,1.15,1.74,2.89
2012-12-28,0.01,0.27,0.72,1.15,1.73,2.88
2012-12-31,0.05,0.25,0.72,1.18,1.78,2.95
2013-01-02,0.08,0.27,0.76,1.25,1.86,3.04
2013-01-03,0.08,0.27,0.81,1.31,1.92,3.12
2013-01-04,0.07,0.27,0.82,1.32,1.93,3.1
2013-01-07,0.07,0.27,0.82,1.31,1.92,3.1
2013-01-08,0.07,0.25,0.79,1.28,1.89,3.06
2013-01-09,0.06,0.24,0.77,1.27,1.88,3.06
2013-01-10,0.06,0.26,0.8,1.3,1.91,3.08
2013-01-11,0.07,0.26,0.78,1.28,1.89,3.05
2013-01-14,0.08,0.26,0.78,1.27,1.89,3.05
2013-01-15,0.09,0.26,0.75,1.24,1.86,3.02
2013-01-16,0.08,0.26,0.75,1.23,1.84,3.01
2013-01-17,0.07,0.28,0.79,1.29,1.89,3.06
2013-01-18,0.08,0.26,0.77,1.26,1.87,3.03
2013-01-22,0.08,0.26,0.76,1.25,1.86,3.02
2013-01-23,0.08,0.26,0.76,1.24,1.86,3.02
2013-01-24,0.08,0.23,0.78,1.26,1.88,3.04
2013-01-25,0.08,0.28,0.87,1.36,1.98,3.14
2013-01-28,0.07,0.29,0.89,1.38,2,3.15
2013-01-29,0.07,0.3,0.9,1.4,2.03,3.18
2013-01-30,0.07,0.27,0.88,1.39,2.03,3.19
2013-01-31,0.07,0.27,0.88,1.38,2.02,3.17
2013-02-01,0.06,0.27,0.88,1.4,2.04,3.21
2013-02-04,0.07,0.25,0.85,1.36,2,3.17
2013-02-05,0.07,0.27,0.88,1.39,2.04,3.21
2013-02-06,0.07,0.27,0.84,1.35,2,3.18
2013-02-07,0.07,0.25,0.83,1.34,1.99,3.17
2013-02-08,0.07,0.25,0.84,1.34,1.99,3.17
2013-02-11,0.09,0.27,0.85,1.35,1.99,3.16
2013-02-12,0.09,0.29,0.88,1.38,2.02,3.19
2013-02-13,0.1,0.29,0.92,1.43,2.05,3.23
2013-02-14,0.11,0.27,0.86,1.37,2,3.17
2013-02-15,0.1,0.29,0.87,1.38,2.01,3.18
2013-02-19,0.12,0.29,0.89,1.41,2.03,3.21
2013-02-20,0.12,0.27,0.88,1.38,2.02,3.2
2013-02-21,0.13,0.26,0.86,1.36,1.99,3.17
2013-02-22,0.13,0.27,0.84,1.34,1.97,3.15
2013-02-25,0.12,0.25,0.78,1.25,1.88,3.08
2013-02-26,0.14,0.25,0.78,1.25,1.88,3.08
2013-02-27,0.11,0.27,0.78,1.28,1.91,3.11
2013-02-28,0.11,0.25,0.77,1.26,1.89,3.1
2013-03-01,0.11,0.25,0.75,1.23,1.86,3.06
2013-03-04,0.11,0.24,0.76,1.25,1.88,3.08
2013-03-05,0.08,0.25,0.77,1.27,1.9,3.1
2013-03-06,0.1,0.25,0.81,1.31,1.95,3.15
2013-03-07,0.1,0.25,0.85,1.36,2,3.2
2013-03-08,0.1,0.27,0.9,1.43,2.06,3.25
2013-03-11,0.1,0.27,0.9,1.43,2.07,3.26
2013-03-12,0.1,0.27,0.88,1.4,2.03,3.22
2013-03-13,0.09,0.27,0.89,1.41,2.04,3.22
2013-03-14,0.1,0.27,0.88,1.4,2.04,3.25
2013-03-15,0.09,0.25,0.84,1.35,2.01,3.22
2013-03-18,0.07,0.26,0.81,1.31,1.96,3.18
2013-03-19,0.07,0.24,0.79,1.28,1.92,3.13
2013-03-20,0.07,0.26,0.81,1.32,1.96,3.19
2013-03-21,0.07,0.27,0.81,1.3,1.95,3.15
2013-03-22,0.07,0.26,0.8,1.29,1.93,3.13
2013-03-25,0.08,0.24,0.8,1.28,1.93,3.14
2013-03-26,0.07,0.25,0.79,1.27,1.92,3.13
2013-03-27,0.09,0.25,0.76,1.22,1.87,3.09
2013-03-28,0.07,0.25,0.77,1.24,1.87,3.1
2013-04-01,0.08,0.23,0.76,1.23,1.86,3.08
2013-04-02,0.07,0.25,0.78,1.26,1.88,3.1
2013-04-03,0.06,0.24,0.73,1.2,1.83,3.05
2013-04-04,0.07,0.22,0.69,1.15,1.78,2.99
2013-04-05,0.07,0.24,0.68,1.12,1.72,2.87
2013-04-08,0.07,0.24,0.71,1.15,1.76,2.91
2013-04-09,0.06,0.24,0.7,1.16,1.78,2.94
2013-04-10,0.07,0.24,0.74,1.21,1.84,3.01
2013-04-11,0.07,0.24,0.74,1.2,1.82,3.01
2013-04-12,0.06,0.22,0.7,1.14,1.75,2.92
2013-04-15,0.06,0.22,0.69,1.12,1.72,2.88
2013-04-16,0.06,0.24,0.71,1.15,1.75,2.91
2013-04-17,0.06,0.24,0.71,1.13,1.73,2.89
2013-04-18,0.05,0.24,0.71,1.13,1.72,2.87
2013-04-19,0.05,0.24,0.72,1.14,1.73,2.88
2013-04-22,0.05,0.24,0.7,1.13,1.72,2.88
2013-04-23,0.05,0.23,0.71,1.14,1.74,2.9
2013-04-24,0.06,0.23,0.7,1.13,1.73,2.89
2013-04-25,0.05,0.23,0.71,1.15,1.74,2.91
2013-04-26,0.05,0.22,0.68,1.1,1.7,2.87
2013-04-29,0.05,0.2,0.68,1.1,1.7,2.88
2013-04-30,0.05,0.22,0.68,1.11,1.7,2.88
2013-05-01,0.06,0.2,0.65,1.07,1.66,2.83
2013-05-02,0.05,0.2,0.65,1.07,1.66,2.82
2013-05-03,0.05,0.22,0.73,1.17,1.78,2.96
2013-05-06,0.04,0.22,0.74,1.19,1.8,2.98
2013-05-07,0.04,0.22,0.75,1.21,1.82,3
2013-05-08,0.04,0.22,0.75,1.2,1.81,2.99
2013-05-09,0.04,0.22,0.75,1.2,1.81,3.01
2013-05-10,0.04,0.26,0.82,1.28,1.9,3.1
2013-05-13,0.05,0.24,0.83,1.3,1.92,3.13
2013-05-14,0.05,0.26,0.85,1.33,1.96,3.17
2013-05-15,0.04,0.26,0.84,1.32,1.94,3.16
2013-05-16,0.03,0.23,0.79,1.25,1.87,3.09
2013-05-17,0.04,0.26,0.84,1.32,1.95,3.17
2013-05-20,0.05,0.26,0.85,1.33,1.97,3.18
2013-05-21,0.04,0.26,0.84,1.31,1.94,3.14
2013-05-22,0.04,0.26,0.91,1.4,2.03,3.21
2013-05-23,0.05,0.26,0.91,1.4,2.02,3.2
2013-05-24,0.04,0.26,0.9,1.39,2.01,3.18
2013-05-28,0.05,0.29,1.02,1.53,2.15,3.31
2013-05-29,0.05,0.3,1.02,1.51,2.13,3.27
2013-05-30,0.04,0.31,1.01,1.51,2.13,3.28
2013-05-31,0.04,0.3,1.05,1.55,2.16,3.3
2013-06-03,0.05,0.3,1.03,1.53,2.13,3.27
2013-06-04,0.04,0.32,1.05,1.55,2.14,3.3
2013-06-05,0.05,0.3,1.02,1.52,2.1,3.25
2013-06-06,0.05,0.3,1.01,1.49,2.08,3.23
2013-06-07,0.04,0.32,1.1,1.59,2.17,3.33
2013-06-10,0.05,0.32,1.13,1.62,2.22,3.36
2013-06-11,0.05,0.34,1.12,1.61,2.2,3.33
2013-06-12,0.05,0.34,1.15,1.64,2.25,3.37
2013-06-13,0.05,0.32,1.11,1.6,2.19,3.33
2013-06-14,0.05,0.29,1.04,1.53,2.14,3.28
2013-06-17,0.05,0.27,1.06,1.57,2.19,3.35
2013-06-18,0.05,0.27,1.07,1.58,2.2,3.34
2013-06-19,0.05,0.31,1.24,1.76,2.33,3.41
2013-06-20,0.05,0.33,1.31,1.84,2.41,3.49
2013-06-21,0.05,0.38,1.42,1.95,2.52,3.56
2013-06-24,0.06,0.42,1.48,2.02,2.57,3.56
2013-06-25,0.06,0.43,1.49,2.03,2.6,3.6
2013-06-26,0.06,0.39,1.45,1.98,2.55,3.58
2013-06-27,0.06,0.36,1.38,1.91,2.49,3.54
2013-06-28,0.04,0.36,1.41,1.96,2.52,3.52
2013-07-01,0.04,0.34,1.39,1.93,2.5,3.48
2013-07-02,0.03,0.34,1.38,1.92,2.48,3.47
2013-07-03,0.05,0.36,1.42,1.97,2.52,3.49
2013-07-05,0.04,0.4,1.6,2.19,2.73,3.68
2013-07-08,0.05,0.37,1.51,2.11,2.65,3.63
2013-07-09,0.04,0.37,1.5,2.08,2.65,3.64
2013-07-10,0.04,0.38,1.54,2.12,2.7,3.68
2013-07-11,0.04,0.34,1.4,1.99,2.6,3.64
2013-07-12,0.04,0.37,1.43,2,2.61,3.64
2013-07-15,0.04,0.34,1.4,1.97,2.57,3.61
2013-07-16,0.03,0.34,1.38,1.95,2.55,3.58
2013-07-17,0.03,0.32,1.33,1.91,2.52,3.57
2013-07-18,0.03,0.32,1.35,1.95,2.56,3.63
2013-07-19,0.03,0.32,1.31,1.9,2.5,3.56
2013-07-22,0.04,0.32,1.32,1.9,2.5,3.55
2013-07-23,0.02,0.33,1.33,1.92,2.53,3.58
2013-07-24,0.03,0.34,1.4,2,2.61,3.65
2013-07-25,0.02,0.32,1.38,2,2.61,3.65
2013-07-26,0.03,0.31,1.36,1.98,2.58,3.61
2013-07-29,0.03,0.33,1.37,2,2.61,3.66
2013-07-30,0.04,0.33,1.39,2.02,2.63,3.67
2013-07-31,0.04,0.31,1.38,2,2.6,3.64
2013-08-01,0.04,0.35,1.49,2.15,2.74,3.77
2013-08-02,0.04,0.3,1.36,2.01,2.63,3.69
2013-08-05,0.05,0.32,1.39,2.04,2.67,3.73
2013-08-06,0.04,0.32,1.39,2.04,2.67,3.73
2013-08-07,0.05,0.32,1.38,2,2.61,3.68
2013-08-08,0.05,0.3,1.36,1.98,2.58,3.65
2013-08-09,0.05,0.32,1.36,1.98,2.57,3.63
2013-08-12,0.06,0.32,1.39,2.01,2.61,3.67
2013-08-13,0.06,0.34,1.49,2.13,2.71,3.75
2013-08-14,0.05,0.34,1.48,2.12,2.71,3.75
2013-08-15,0.05,0.36,1.54,2.18,2.77,3.81
2013-08-16,0.05,0.36,1.6,2.25,2.84,3.86
2013-08-19,0.06,0.36,1.63,2.29,2.88,3.89
2013-08-20,0.04,0.36,1.57,2.22,2.82,3.86
2013-08-21,0.04,0.38,1.64,2.3,2.87,3.9
2013-08-22,0.03,0.42,1.71,2.34,2.9,3.88
2013-08-23,0.03,0.4,1.66,2.27,2.82,3.8
2013-08-26,0.04,0.41,1.61,2.23,2.79,3.77
2013-08-27,0.05,0.38,1.56,2.15,2.72,3.7
2013-08-28,0.03,0.4,1.62,2.22,2.78,3.75
2013-08-29,0.02,0.39,1.6,2.2,2.75,3.7
2013-08-30,0.03,0.39,1.62,2.24,2.78,3.7
2013-09-03,0.02,0.43,1.68,2.31,2.86,3.79
2013-09-04,0.02,0.46,1.74,2.36,2.9,3.8
2013-09-05,0.02,0.52,1.85,2.45,2.98,3.88
2013-09-06,0.02,0.46,1.77,2.38,2.94,3.87
2013-09-09,0.02,0.45,1.71,2.34,2.9,3.84
2013-09-10,0.02,0.5,1.78,2.4,2.96,3.88
2013-09-11,0.02,0.47,1.72,2.34,2.93,3.85
2013-09-12,0.01,0.45,1.72,2.34,2.92,3.85
2013-09-13,0.01,0.45,1.71,2.32,2.9,3.84
2013-09-16,0.02,0.41,1.65,2.27,2.88,3.87
2013-09-17,0.01,0.39,1.62,2.26,2.86,3.84
2013-09-18,0.01,0.34,1.43,2.05,2.69,3.75
2013-09-19,0.01,0.34,1.49,2.13,2.76,3.8
2013-09-20,0.01,0.34,1.5,2.13,2.75,3.77
2013-09-23,0.02,0.35,1.48,2.1,2.72,3.73
2013-09-24,0.02,0.35,1.44,2.05,2.67,3.67
2013-09-25,0.02,0.36,1.41,2.01,2.63,3.65
2013-09-26,0,0.34,1.43,2.05,2.66,3.69
2013-09-27,0.02,0.34,1.4,2.02,2.64,3.68
2013-09-30,0.02,0.33,1.39,2.02,2.64,3.69
2013-10-01,0.02,0.33,1.42,2.04,2.66,3.72
2013-10-02,0.02,0.31,1.38,2.01,2.63,3.7
2013-10-03,0.03,0.33,1.36,1.99,2.62,3.71
2013-10-04,0.03,0.33,1.41,2.05,2.66,3.73
2013-10-07,0.03,0.37,1.41,2.03,2.65,3.7
2013-10-08,0.05,0.4,1.43,2.05,2.66,3.7
2013-10-09,0.05,0.37,1.43,2.06,2.68,3.73
2013-10-10,0.05,0.35,1.44,2.09,2.71,3.75
2013-10-11,0.08,0.35,1.42,2.07,2.7,3.74
2013-10-15,0.14,0.37,1.45,2.11,2.75,3.78
2013-10-16,0.1,0.34,1.41,2.06,2.69,3.72
2013-10-17,0.05,0.33,1.35,1.98,2.61,3.66
2013-10-18,0.04,0.33,1.35,1.98,2.6,3.65
2013-10-21,0.04,0.33,1.38,2.01,2.63,3.68
2013-10-22,0.04,0.31,1.3,1.92,2.54,3.61
2013-10-23,0.04,0.31,1.3,1.9,2.51,3.59
2013-10-24,0.03,0.33,1.32,1.92,2.53,3.61
2013-10-25,0.04,0.32,1.3,1.9,2.53,3.6
2013-10-28,0.04,0.32,1.31,1.91,2.54,3.61
2013-10-29,0.04,0.31,1.29,1.9,2.53,3.62
2013-10-30,0.04,0.33,1.3,1.93,2.55,3.63
2013-10-31,0.04,0.31,1.31,1.95,2.57,3.63
2013-11-01,0.04,0.33,1.37,2.03,2.65,3.69
2013-11-04,0.05,0.32,1.36,2.01,2.63,3.7
2013-11-05,0.05,0.32,1.39,2.06,2.69,3.76
2013-11-06,0.05,0.3,1.34,2.02,2.67,3.77
2013-11-07,0.05,0.29,1.31,1.98,2.63,3.71
2013-11-08,0.06,0.32,1.42,2.12,2.77,3.84
2013-11-12,0.08,0.34,1.47,2.16,2.8,3.86
2013-11-13,0.08,0.32,1.41,2.1,2.75,3.83
2013-11-14,0.08,0.29,1.34,2.04,2.69,3.79
2013-11-15,0.08,0.31,1.36,2.06,2.71,3.8
2013-11-18,0.09,0.31,1.33,2.02,2.67,3.76
2013-11-19,0.08,0.29,1.37,2.06,2.71,3.8
2013-11-20,0.08,0.28,1.39,2.13,2.8,3.9
2013-11-21,0.07,0.29,1.38,2.12,2.79,3.89
2013-11-22,0.07,0.31,1.37,2.1,2.75,3.84
2013-11-25,0.08,0.3,1.37,2.08,2.74,3.83
2013-11-26,0.07,0.29,1.34,2.05,2.71,3.8
2013-11-27,0.07,0.28,1.36,2.08,2.74,3.81
2013-11-29,0.06,0.28,1.37,2.1,2.75,3.82
2013-12-02,0.05,0.3,1.43,2.16,2.81,3.86
2013-12-03,0.06,0.28,1.4,2.13,2.79,3.84
2013-12-04,0.06,0.3,1.45,2.19,2.84,3.9
2013-12-05,0.06,0.3,1.49,2.23,2.88,3.92
2013-12-06,0.06,0.3,1.51,2.23,2.88,3.9
2013-12-09,0.07,0.3,1.5,2.23,2.86,3.88
2013-12-10,0.07,0.3,1.46,2.17,2.81,3.83
2013-12-11,0.07,0.31,1.5,2.21,2.86,3.87
2013-12-12,0.07,0.34,1.55,2.26,2.89,3.91
2013-12-13,0.07,0.34,1.55,2.25,2.88,3.88
2013-12-16,0.07,0.34,1.55,2.26,2.89,3.9
2013-12-17,0.07,0.34,1.52,2.22,2.85,3.88
2013-12-18,0.07,0.32,1.55,2.26,2.89,3.9
2013-12-19,0.06,0.35,1.63,2.35,2.94,3.91
2013-12-20,0.07,0.37,1.66,2.33,2.89,3.82
2013-12-23,0.07,0.38,1.68,2.37,2.94,3.85
2013-12-24,0.07,0.38,1.73,2.43,2.99,3.9
2013-12-26,0.07,0.42,1.74,2.43,3,3.92
2013-12-27,0.07,0.4,1.74,2.44,3.02,3.94
2013-12-30,0.07,0.39,1.71,2.4,2.99,3.9
2013-12-31,0.07,0.38,1.75,2.45,3.04,3.96
2014-01-02,0.07,0.39,1.72,2.41,3,3.92
2014-01-03,0.07,0.41,1.73,2.42,3.01,3.93
2014-01-06,0.05,0.4,1.7,2.38,2.98,3.9
2014-01-07,0.04,0.4,1.69,2.37,2.96,3.88
2014-01-08,0.05,0.43,1.77,2.44,3.01,3.9
2014-01-09,0.04,0.44,1.75,2.41,2.97,3.88
2014-01-10,0.05,0.39,1.64,2.29,2.88,3.8
2014-01-13,0.03,0.39,1.6,2.25,2.84,3.77
2014-01-14,0.04,0.39,1.65,2.3,2.88,3.8
2014-01-15,0.04,0.41,1.68,2.33,2.9,3.81
2014-01-16,0.04,0.41,1.66,2.3,2.86,3.77
2014-01-17,0.05,0.4,1.64,2.27,2.84,3.75
2014-01-21,0.04,0.4,1.67,2.29,2.85,3.74
2014-01-22,0.04,0.44,1.72,2.34,2.87,3.75
2014-01-23,0.04,0.39,1.62,2.24,2.79,3.68
2014-01-24,0.04,0.37,1.58,2.2,2.75,3.64
2014-01-27,0.05,0.37,1.61,2.24,2.78,3.67
2014-01-28,0.05,0.38,1.59,2.22,2.77,3.68
2014-01-29,0.04,0.36,1.52,2.15,2.69,3.62
2014-01-30,0.02,0.36,1.55,2.19,2.72,3.65
2014-01-31,0.02,0.34,1.49,2.13,2.67,3.61
2014-02-03,0.05,0.3,1.44,2.07,2.61,3.55
2014-02-04,0.06,0.31,1.46,2.09,2.64,3.59
2014-02-05,0.07,0.32,1.5,2.14,2.7,3.66
2014-02-06,0.07,0.33,1.52,2.17,2.73,3.67
2014-02-07,0.08,0.3,1.47,2.13,2.71,3.67
2014-02-10,0.07,0.32,1.48,2.13,2.7,3.66
2014-02-11,0.05,0.35,1.54,2.19,2.75,3.69
2014-02-12,0.05,0.35,1.59,2.23,2.8,3.72
2014-02-13,0.03,0.32,1.51,2.16,2.73,3.7
2014-02-14,0.02,0.32,1.53,2.17,2.75,3.69
2014-02-18,0.05,0.31,1.5,2.14,2.71,3.68
2014-02-19,0.06,0.33,1.53,2.17,2.73,3.71
2014-02-20,0.05,0.34,1.57,2.2,2.76,3.73
2014-02-21,0.05,0.33,1.56,2.19,2.73,3.69
2014-02-24,0.05,0.35,1.57,2.2,2.75,3.7
2014-02-25,0.05,0.34,1.53,2.16,2.7,3.66
2014-02-26,0.05,0.33,1.5,2.12,2.67,3.63
2014-02-27,0.04,0.33,1.49,2.11,2.65,3.6
2014-02-28,0.05,0.33,1.51,2.13,2.66,3.59
2014-03-03,0.05,0.32,1.46,2.07,2.6,3.55
2014-03-04,0.05,0.33,1.54,2.17,2.7,3.64
2014-03-05,0.06,0.33,1.54,2.16,2.7,3.64
2014-03-06,0.05,0.37,1.57,2.2,2.74,3.68
2014-03-07,0.06,0.38,1.65,2.27,2.8,3.72
2014-03-10,0.05,0.37,1.64,2.26,2.79,3.73
2014-03-11,0.05,0.37,1.62,2.25,2.77,3.7
2014-03-12,0.05,0.37,1.59,2.2,2.73,3.66
2014-03-13,0.05,0.34,1.53,2.14,2.66,3.6
2014-03-14,0.05,0.36,1.55,2.14,2.65,3.59
2014-03-17,0.06,0.38,1.58,2.19,2.7,3.63
2014-03-18,0.05,0.36,1.56,2.16,2.68,3.62
2014-03-19,0.06,0.47,1.75,2.31,2.78,3.66
2014-03-20,0.06,0.45,1.73,2.31,2.79,3.67
2014-03-21,0.06,0.45,1.73,2.3,2.75,3.61
2014-03-24,0.06,0.47,1.76,2.31,2.74,3.57
2014-03-25,0.05,0.47,1.76,2.32,2.75,3.59
2014-03-26,0.05,0.45,1.7,2.27,2.71,3.55
2014-03-27,0.04,0.45,1.7,2.26,2.69,3.52
2014-03-28,0.04,0.45,1.74,2.31,2.73,3.55
2014-03-31,0.05,0.44,1.73,2.3,2.73,3.56
2014-04-01,0.04,0.44,1.74,2.32,2.77,3.6
2014-04-02,0.02,0.47,1.8,2.39,2.82,3.65
2014-04-03,0.02,0.46,1.79,2.38,2.8,3.62
2014-04-04,0.03,0.43,1.71,2.3,2.74,3.59
2014-04-07,0.03,0.41,1.68,2.27,2.71,3.56
2014-04-08,0.03,0.4,1.67,2.24,2.69,3.54
2014-04-09,0.04,0.37,1.65,2.24,2.71,3.57
2014-04-10,0.04,0.37,1.59,2.17,2.65,3.52
2014-04-11,0.04,0.37,1.58,2.16,2.63,3.48
2014-04-14,0.04,0.37,1.61,2.18,2.65,3.48
2014-04-15,0.04,0.39,1.63,2.18,2.64,3.46
2014-04-16,0.04,0.39,1.67,2.21,2.65,3.45
2014-04-17,0.03,0.43,1.75,2.31,2.73,3.52
2014-04-21,0.04,0.42,1.74,2.31,2.73,3.52
2014-04-22,0.03,0.45,1.76,2.31,2.73,3.5
2014-04-23,0.02,0.43,1.73,2.28,2.7,3.47
2014-04-24,0.01,0.43,1.74,2.3,2.7,3.46
2014-04-25,0.03,0.43,1.72,2.28,2.68,3.45
2014-04-28,0.03,0.44,1.73,2.29,2.7,3.47
2014-04-29,0.02,0.44,1.74,2.29,2.71,3.49
2014-04-30,0.03,0.42,1.69,2.25,2.67,3.47
2014-05-01,0.03,0.41,1.66,2.21,2.63,3.41
2014-05-02,0.02,0.42,1.67,2.2,2.6,3.37
2014-05-05,0.03,0.43,1.68,2.22,2.63,3.41
2014-05-06,0.03,0.43,1.68,2.2,2.61,3.38
2014-05-07,0.03,0.41,1.65,2.18,2.62,3.4
2014-05-08,0.03,0.4,1.63,2.16,2.61,3.45
2014-05-09,0.03,0.4,1.63,2.17,2.62,3.47
2014-05-12,0.03,0.41,1.67,2.21,2.66,3.49
2014-05-13,0.03,0.39,1.62,2.16,2.61,3.45
2014-05-14,0.03,0.39,1.57,2.1,2.54,3.37
2014-05-15,0.03,0.38,1.55,2.05,2.5,3.33
2014-05-16,0.03,0.38,1.56,2.08,2.52,3.34
2014-05-19,0.03,0.36,1.56,2.09,2.54,3.39
2014-05-20,0.03,0.35,1.53,2.06,2.52,3.38
2014-05-21,0.04,0.37,1.55,2.08,2.54,3.42
2014-05-22,0.03,0.37,1.57,2.1,2.56,3.43
2014-05-23,0.04,0.37,1.55,2.09,2.54,3.4
2014-05-27,0.04,0.39,1.56,2.08,2.52,3.37
2014-05-28,0.04,0.37,1.5,2.01,2.44,3.29
2014-05-29,0.04,0.37,1.52,2.03,2.45,3.31
2014-05-30,0.04,0.37,1.54,2.06,2.48,3.33
2014-06-02,0.04,0.39,1.6,2.12,2.54,3.38
2014-06-03,0.04,0.41,1.65,2.18,2.6,3.43
2014-06-04,0.04,0.41,1.65,2.2,2.61,3.45
2014-06-05,0.04,0.4,1.63,2.17,2.59,3.44
2014-06-06,0.04,0.41,1.66,2.19,2.6,3.44
2014-06-09,0.04,0.43,1.69,2.22,2.62,3.45
2014-06-10,0.04,0.45,1.71,2.24,2.64,3.47
2014-06-11,0.04,0.44,1.7,2.23,2.65,3.47
2014-06-12,0.04,0.42,1.66,2.17,2.58,3.41
2014-06-13,0.04,0.45,1.7,2.21,2.6,3.41
2014-06-16,0.04,0.49,1.71,2.21,2.61,3.4
2014-06-17,0.04,0.51,1.77,2.27,2.66,3.44
2014-06-18,0.03,0.48,1.71,2.21,2.61,3.43
2014-06-19,0.02,0.48,1.71,2.22,2.64,3.47
2014-06-20,0.02,0.5,1.71,2.22,2.63,3.44
2014-06-23,0.03,0.48,1.72,2.23,2.63,3.45
2014-06-24,0.03,0.49,1.7,2.19,2.59,3.41
2014-06-25,0.03,0.48,1.68,2.17,2.57,3.38
2014-06-26,0.04,0.46,1.64,2.14,2.53,3.35
2014-06-27,0.03,0.45,1.64,2.14,2.54,3.36
2014-06-30,0.04,0.47,1.62,2.13,2.53,3.34
2014-07-01,0.02,0.47,1.66,2.17,2.58,3.4
2014-07-02,0.02,0.49,1.71,2.22,2.64,3.46
2014-07-03,0.01,0.52,1.74,2.25,2.65,3.47
2014-07-07,0.04,0.52,1.74,2.24,2.63,3.44
2014-07-08,0.03,0.51,1.7,2.19,2.58,3.38
2014-07-09,0.03,0.51,1.68,2.17,2.57,3.37
2014-07-10,0.02,0.46,1.66,2.15,2.55,3.38
2014-07-11,0.02,0.48,1.65,2.13,2.53,3.34
2014-07-14,0.03,0.48,1.68,2.17,2.55,3.36
2014-07-15,0.02,0.49,1.7,2.18,2.56,3.37
2014-07-16,0.02,0.5,1.71,2.18,2.55,3.35
2014-07-17,0.02,0.47,1.65,2.11,2.47,3.27
2014-07-18,0.02,0.51,1.69,2.14,2.5,3.29
2014-07-21,0.03,0.51,1.7,2.14,2.49,3.26
2014-07-22,0.03,0.49,1.68,2.13,2.48,3.25
2014-07-23,0.03,0.5,1.67,2.12,2.48,3.26
2014-07-24,0.03,0.53,1.72,2.18,2.52,3.3
2014-07-25,0.03,0.53,1.69,2.14,2.48,3.24
2014-07-28,0.04,0.54,1.73,2.17,2.5,3.26
2014-07-29,0.02,0.54,1.7,2.14,2.47,3.22
2014-07-30,0.04,0.56,1.77,2.24,2.57,3.31
2014-07-31,0.03,0.53,1.76,2.24,2.58,3.32
2014-08-01,0.03,0.47,1.67,2.16,2.52,3.29
2014-08-04,0.04,0.47,1.66,2.15,2.51,3.3
2014-08-05,0.03,0.47,1.66,2.14,2.49,3.28
2014-08-06,0.03,0.48,1.66,2.13,2.49,3.27
2014-08-07,0.03,0.44,1.6,2.07,2.43,3.23
2014-08-08,0.03,0.45,1.62,2.09,2.44,3.23
2014-08-11,0.04,0.47,1.62,2.09,2.44,3.24
2014-08-12,0.03,0.45,1.63,2.1,2.46,3.27
2014-08-13,0.04,0.43,1.59,2.06,2.43,3.24
2014-08-14,0.04,0.42,1.58,2.04,2.4,3.2
2014-08-15,0.03,0.42,1.55,1.99,2.34,3.13
2014-08-18,0.03,0.44,1.58,2.04,2.39,3.2
2014-08-19,0.03,0.46,1.59,2.05,2.4,3.21
2014-08-20,0.04,0.49,1.65,2.09,2.43,3.22
2014-08-21,0.02,0.49,1.64,2.08,2.41,3.19
2014-08-22,0.03,0.53,1.68,2.1,2.4,3.16
2014-08-25,0.04,0.53,1.69,2.09,2.39,3.13
2014-08-26,0.03,0.52,1.68,2.08,2.39,3.15
2014-08-27,0.04,0.51,1.65,2.05,2.37,3.11
2014-08-28,0.03,0.5,1.63,2.04,2.34,3.08
2014-08-29,0.03,0.48,1.63,2.05,2.35,3.09
2014-09-02,0.03,0.53,1.69,2.11,2.42,3.17
2014-09-03,0.03,0.52,1.69,2.11,2.41,3.15
2014-09-04,0.03,0.54,1.71,2.14,2.45,3.21
2014-09-05,0.03,0.52,1.69,2.14,2.46,3.23
2014-09-08,0.02,0.54,1.72,2.16,2.48,3.23
2014-09-09,0.02,0.56,1.76,2.19,2.5,3.23
2014-09-10,0.02,0.58,1.79,2.22,2.54,3.26
2014-09-11,0.02,0.58,1.79,2.22,2.54,3.27
2014-09-12,0.02,0.58,1.83,2.29,2.62,3.35
2014-09-15,0.02,0.58,1.8,2.26,2.6,3.34
2014-09-16,0.02,0.55,1.78,2.26,2.6,3.36
2014-09-17,0.02,0.59,1.82,2.29,2.62,3.37
2014-09-18,0.02,0.59,1.85,2.32,2.63,3.36
2014-09-19,0.02,0.59,1.83,2.29,2.59,3.29
2014-09-22,0.01,0.58,1.8,2.26,2.57,3.28
2014-09-23,0.01,0.57,1.78,2.23,2.54,3.25
2014-09-24,0.02,0.59,1.82,2.26,2.57,3.28
2014-09-25,0.01,0.56,1.75,2.21,2.52,3.22
2014-09-26,0.01,0.59,1.8,2.24,2.54,3.22
2014-09-29,0.02,0.58,1.77,2.21,2.5,3.18
2014-09-30,0.02,0.58,1.78,2.22,2.52,3.21
2014-10-01,0.02,0.53,1.69,2.12,2.42,3.12
2014-10-02,0.01,0.53,1.7,2.14,2.44,3.15
2014-10-03,0.01,0.57,1.73,2.16,2.45,3.13
2014-10-06,0.02,0.54,1.7,2.13,2.43,3.12
2014-10-07,0.02,0.52,1.64,2.06,2.36,3.06
2014-10-08,0.01,0.46,1.57,2.02,2.35,3.07
2014-10-09,0.01,0.46,1.58,2.02,2.34,3.07
2014-10-10,0.01,0.45,1.55,1.99,2.31,3.03
2014-10-14,0.02,0.39,1.45,1.88,2.21,2.95
2014-10-15,0.02,0.34,1.37,1.8,2.15,2.92
2014-10-16,0.03,0.35,1.39,1.82,2.17,2.94
2014-10-17,0.02,0.39,1.44,1.88,2.22,2.98
2014-10-20,0.02,0.37,1.41,1.85,2.2,2.96
2014-10-21,0.02,0.38,1.44,1.88,2.23,3
2014-10-22,0.02,0.41,1.46,1.9,2.25,3.01
2014-10-23,0.01,0.41,1.52,1.95,2.29,3.05
2014-10-24,0.01,0.41,1.52,1.96,2.29,3.05
2014-10-27,0.02,0.41,1.51,1.94,2.27,3.04
2014-10-28,0.02,0.42,1.53,1.97,2.3,3.06
2014-10-29,0.03,0.48,1.61,2.03,2.34,3.06
2014-10-30,0.01,0.48,1.58,2.02,2.32,3.04
2014-10-31,0.01,0.5,1.62,2.05,2.35,3.07
2014-11-03,0.02,0.52,1.63,2.05,2.36,3.07
2014-11-04,0.03,0.52,1.63,2.05,2.35,3.05
2014-11-05,0.03,0.52,1.63,2.05,2.36,3.06
2014-11-06,0.03,0.54,1.67,2.09,2.39,3.09
2014-11-07,0.03,0.51,1.6,2.01,2.32,3.04
2014-11-10,0.02,0.55,1.65,2.07,2.38,3.09
2014-11-12,0.02,0.55,1.65,2.06,2.37,3.09
2014-11-13,0.02,0.53,1.64,2.05,2.35,3.08
2014-11-14,0.02,0.54,1.62,2.02,2.32,3.04
2014-11-17,0.03,0.54,1.64,2.04,2.34,3.06
2014-11-18,0.02,0.53,1.63,2.03,2.32,3.05
2014-11-19,0.01,0.54,1.66,2.07,2.36,3.08
2014-11-20,0.02,0.53,1.64,2.05,2.34,3.05
2014-11-21,0.01,0.53,1.63,2.03,2.31,3.02
2014-11-24,0.02,0.53,1.62,2.02,2.3,3.01
2014-11-25,0.02,0.51,1.58,1.98,2.27,2.97
2014-11-26,0.02,0.53,1.56,1.96,2.24,2.95
2014-11-28,0.02,0.47,1.49,1.89,2.18,2.89
2014-12-01,0.03,0.49,1.52,1.93,2.22,2.95
2014-12-02,0.03,0.55,1.59,2,2.28,3
2014-12-03,0.01,0.57,1.61,2.01,2.29,2.99
2014-12-04,0.02,0.55,1.59,1.98,2.25,2.94
2014-12-05,0.02,0.65,1.69,2.06,2.31,2.97
2014-12-08,0.03,0.64,1.67,2.02,2.26,2.9
2014-12-09,0.04,0.64,1.63,1.97,2.22,2.87
2014-12-10,0.03,0.59,1.58,1.92,2.18,2.83
2014-12-11,0.03,0.62,1.62,1.96,2.19,2.84
2014-12-12,0.02,0.56,1.53,1.86,2.1,2.75
2014-12-15,0.04,0.6,1.58,1.9,2.12,2.74
2014-12-16,0.03,0.58,1.53,1.85,2.07,2.69
2014-12-17,0.03,0.62,1.61,1.93,2.14,2.74
2014-12-18,0.04,0.67,1.68,2.01,2.22,2.82
2014-12-19,0.04,0.67,1.66,1.98,2.17,2.77
2014-12-22,0.05,0.71,1.67,1.98,2.17,2.75
2014-12-23,0.03,0.73,1.76,2.06,2.26,2.85
2014-12-24,0.01,0.73,1.76,2.09,2.27,2.83
2014-12-26,0.01,0.73,1.75,2.07,2.25,2.81
2014-12-29,0.03,0.72,1.72,2.02,2.22,2.78
2014-12-30,0.03,0.69,1.68,2,2.2,2.76
2014-12-31,0.04,0.67,1.65,1.97,2.17,2.75
2015-01-02,0.02,0.66,1.61,1.92,2.12,2.69
2015-01-05,0.03,0.68,1.57,1.85,2.04,2.6
2015-01-06,0.03,0.65,1.5,1.78,1.97,2.52
2015-01-07,0.03,0.62,1.47,1.76,1.96,2.52
2015-01-08,0.03,0.62,1.5,1.81,2.03,2.59
2015-01-09,0.02,0.59,1.45,1.75,1.98,2.55
2015-01-12,0.03,0.56,1.39,1.69,1.92,2.49
2015-01-13,0.03,0.54,1.37,1.67,1.91,2.49
2015-01-14,0.04,0.51,1.33,1.62,1.86,2.47
2015-01-15,0.03,0.44,1.22,1.53,1.77,2.4
2015-01-16,0.03,0.49,1.29,1.6,1.83,2.44
2015-01-20,0.03,0.53,1.31,1.61,1.82,2.39
2015-01-21,0.03,0.53,1.35,1.66,1.87,2.44
2015-01-22,0.03,0.53,1.39,1.69,1.9,2.46
2015-01-23,0.02,0.52,1.33,1.62,1.81,2.38
2015-01-26,0.03,0.54,1.36,1.64,1.83,2.4
2015-01-27,0.02,0.54,1.34,1.62,1.83,2.4
2015-01-28,0.02,0.5,1.25,1.53,1.73,2.29
2015-01-29,0.03,0.51,1.28,1.59,1.77,2.33
2015-01-30,0.02,0.47,1.18,1.49,1.68,2.25
2015-02-02,0.02,0.49,1.19,1.49,1.68,2.25
2015-02-03,0.02,0.52,1.28,1.6,1.79,2.37
2015-02-04,0.01,0.52,1.29,1.61,1.81,2.39
2015-02-05,0.02,0.52,1.3,1.62,1.83,2.42
2015-02-06,0.02,0.65,1.48,1.77,1.95,2.51
2015-02-09,0.01,0.65,1.49,1.78,1.96,2.52
2015-02-10,0.01,0.67,1.52,1.82,2.01,2.58
2015-02-11,0.01,0.67,1.53,1.83,2,2.57
2015-02-12,0.02,0.61,1.5,1.81,1.99,2.58
2015-02-13,0.01,0.66,1.53,1.84,2.02,2.63
2015-02-17,0.02,0.7,1.62,1.95,2.14,2.73
2015-02-18,0.02,0.62,1.52,1.86,2.07,2.7
2015-02-19,0.02,0.67,1.58,1.92,2.11,2.73
2015-02-20,0.02,0.67,1.61,1.94,2.13,2.73
2015-02-23,0.02,0.64,1.56,1.88,2.06,2.66
2015-02-24,0.02,0.6,1.47,1.79,1.99,2.6
2015-02-25,0.02,0.61,1.47,1.78,1.96,2.56
2015-02-26,0.03,0.66,1.54,1.86,2.03,2.63
2015-02-27,0.02,0.63,1.5,1.82,2,2.6
2015-03-02,0.02,0.66,1.57,1.89,2.08,2.68
2015-03-03,0.02,0.68,1.61,1.94,2.12,2.71
2015-03-04,0.01,0.66,1.6,1.93,2.12,2.72
2015-03-05,0.02,0.65,1.57,1.9,2.11,2.71
2015-03-06,0.01,0.73,1.7,2.04,2.24,2.83
2015-03-09,0.02,0.7,1.66,1.99,2.2,2.8
2015-03-10,0.02,0.7,1.62,1.94,2.14,2.73
2015-03-11,0.03,0.7,1.6,1.92,2.11,2.69
2015-03-12,0.03,0.67,1.59,1.91,2.1,2.69
2015-03-13,0.03,0.68,1.6,1.93,2.13,2.7
2015-03-16,0.05,0.66,1.57,1.9,2.1,2.67
2015-03-17,0.05,0.7,1.56,1.87,2.06,2.61
2015-03-18,0.03,0.57,1.41,1.73,1.93,2.51
2015-03-19,0.03,0.63,1.48,1.79,1.98,2.54
2015-03-20,0.01,0.6,1.42,1.73,1.93,2.5
2015-03-23,0.03,0.6,1.41,1.71,1.92,2.51
2015-03-24,0.02,0.58,1.37,1.68,1.88,2.46
2015-03-25,0.04,0.59,1.41,1.73,1.93,2.5
2015-03-26,0.03,0.61,1.47,1.81,2.01,2.6
2015-03-27,0.04,0.58,1.42,1.74,1.95,2.53
2015-03-30,0.04,0.58,1.41,1.74,1.96,2.55
2015-03-31,0.03,0.56,1.37,1.71,1.94,2.54
2015-04-01,0.03,0.55,1.32,1.65,1.87,2.47
2015-04-02,0.02,0.55,1.35,1.69,1.92,2.53
2015-04-03,0.02,0.49,1.26,1.6,1.85,2.49
2015-04-06,0.03,0.51,1.31,1.67,1.92,2.57
2015-04-07,0.02,0.52,1.32,1.66,1.89,2.52
2015-04-08,0.03,0.54,1.35,1.68,1.92,2.53
2015-04-09,0.03,0.56,1.4,1.73,1.97,2.61
2015-04-10,0.02,0.57,1.41,1.73,1.96,2.58
2015-04-13,0.03,0.54,1.38,1.71,1.94,2.58
2015-04-14,0.02,0.53,1.34,1.67,1.9,2.54
2015-04-15,0.02,0.51,1.33,1.66,1.91,2.55
2015-04-16,0.02,0.5,1.31,1.64,1.9,2.56
2015-04-17,0.01,0.51,1.31,1.63,1.87,2.51
2015-04-20,0.03,0.55,1.33,1.65,1.9,2.56
2015-04-21,0.03,0.55,1.35,1.67,1.92,2.58
2015-04-22,0.03,0.57,1.41,1.75,1.99,2.66
2015-04-23,0.03,0.55,1.37,1.7,1.96,2.63
2015-04-24,0.03,0.54,1.34,1.68,1.93,2.62
2015-04-27,0.02,0.54,1.36,1.69,1.94,2.61
2015-04-28,0.02,0.56,1.39,1.75,2,2.68
2015-04-29,0.01,0.56,1.43,1.8,2.06,2.76
2015-04-30,0.01,0.58,1.43,1.79,2.05,2.75
2015-05-01,0.01,0.6,1.5,1.87,2.12,2.82
2015-05-04,0.02,0.6,1.51,1.9,2.16,2.88
2015-05-05,0.01,0.62,1.54,1.92,2.19,2.9
2015-05-06,0.02,0.65,1.58,1.97,2.25,2.98
2015-05-07,0.01,0.63,1.55,1.93,2.18,2.9
2015-05-08,0.01,0.59,1.5,1.89,2.16,2.9
2015-05-11,0.02,0.62,1.59,2,2.28,3.03
2015-05-12,0.03,0.61,1.58,2,2.28,3.02
2015-05-13,0.02,0.59,1.57,2,2.27,3.07
2015-05-14,0.01,0.56,1.51,1.94,2.23,3.03
2015-05-15,0.02,0.55,1.46,1.87,2.14,2.93
2015-05-18,0.02,0.58,1.54,1.95,2.23,3.02
2015-05-19,0.02,0.63,1.6,2.01,2.27,3.05
2015-05-20,0.02,0.6,1.57,1.98,2.26,3.06
2015-05-21,0.02,0.6,1.53,1.92,2.19,2.98
2015-05-22,0.02,0.64,1.57,1.96,2.21,2.99
2015-05-26,0.02,0.64,1.54,1.9,2.14,2.89
2015-05-27,0.01,0.64,1.53,1.9,2.14,2.88
2015-05-28,0.01,0.62,1.51,1.89,2.13,2.89
2015-05-29,0.01,0.61,1.49,1.86,2.12,2.88
2015-06-01,0.02,0.64,1.55,1.93,2.19,2.94
2015-06-02,0.01,0.64,1.61,2.01,2.27,3.02
2015-06-03,0.02,0.69,1.69,2.12,2.38,3.11
2015-06-04,0.02,0.66,1.65,2.05,2.31,3.03
2015-06-05,0.03,0.73,1.75,2.16,2.41,3.11
2015-06-08,0.02,0.7,1.72,2.13,2.39,3.11
2015-06-09,0.02,0.72,1.74,2.16,2.42,3.15
2015-06-10,0.02,0.75,1.8,2.22,2.5,3.22
2015-06-11,0.01,0.73,1.74,2.14,2.39,3.11
2015-06-12,0.02,0.74,1.75,2.15,2.39,3.1
2015-06-15,0.02,0.72,1.71,2.11,2.36,3.09
2015-06-16,0.01,0.71,1.68,2.07,2.32,3.06
2015-06-17,0.01,0.67,1.63,2.05,2.32,3.09
2015-06-18,0.01,0.66,1.65,2.08,2.35,3.14
2015-06-19,0.01,0.65,1.59,1.99,2.26,3.05
2015-06-22,0.01,0.68,1.68,2.1,2.37,3.16
2015-06-23,0.01,0.7,1.71,2.14,2.42,3.2
2015-06-24,0.01,0.68,1.69,2.12,2.38,3.16
2015-06-25,0.01,0.68,1.7,2.14,2.4,3.16
2015-06-26,0.01,0.72,1.75,2.2,2.49,3.25
2015-06-29,0.02,0.64,1.62,2.05,2.33,3.09
2015-06-30,0.01,0.64,1.63,2.07,2.35,3.11
2015-07-01,0.01,0.69,1.7,2.14,2.43,3.2
2015-07-02,0.01,0.64,1.64,2.09,2.4,3.19
2015-07-06,0.02,0.6,1.56,2,2.3,3.08
2015-07-07,0.02,0.58,1.55,1.98,2.27,3.04
2015-07-08,0.02,0.55,1.5,1.92,2.22,2.99
2015-07-09,0.03,0.6,1.58,2.01,2.32,3.11
2015-07-10,0.01,0.65,1.68,2.12,2.42,3.2
2015-07-13,0.02,0.69,1.71,2.14,2.44,3.21
2015-07-14,0.01,0.66,1.67,2.1,2.41,3.2
2015-07-15,0.02,0.64,1.63,2.05,2.36,3.13
2015-07-16,0.02,0.67,1.66,2.07,2.36,3.11
2015-07-17,0.03,0.68,1.67,2.07,2.34,3.08
2015-07-20,0.04,0.71,1.72,2.11,2.38,3.1
2015-07-21,0.03,0.71,1.69,2.08,2.35,3.08
2015-07-22,0.04,0.75,1.69,2.07,2.33,3.04
2015-07-23,0.03,0.71,1.65,2.03,2.28,2.98
2015-07-24,0.04,0.7,1.64,2.02,2.27,2.96
2015-07-27,0.05,0.68,1.58,1.96,2.23,2.93
2015-07-28,0.05,0.69,1.61,1.99,2.26,2.96
2015-07-29,0.06,0.7,1.62,2.02,2.29,2.99
2015-07-30,0.07,0.72,1.62,2.02,2.28,2.96
2015-07-31,0.08,0.67,1.54,1.93,2.2,2.92
2015-08-03,0.08,0.68,1.52,1.89,2.16,2.86
2015-08-04,0.08,0.74,1.6,1.97,2.23,2.9
2015-08-05,0.08,0.73,1.65,2.02,2.28,2.94
2015-08-06,0.04,0.71,1.62,1.98,2.23,2.9
2015-08-07,0.06,0.73,1.59,1.93,2.18,2.83
2015-08-10,0.12,0.73,1.62,1.98,2.24,2.89
2015-08-11,0.1,0.68,1.53,1.89,2.15,2.81
2015-08-12,0.1,0.67,1.52,1.88,2.14,2.84
2015-08-13,0.1,0.72,1.58,1.94,2.19,2.86
2015-08-14,0.09,0.73,1.61,1.96,2.2,2.84
2015-08-17,0.1,0.72,1.58,1.92,2.16,2.81
2015-08-18,0.07,0.74,1.6,1.95,2.2,2.87
2015-08-19,0.05,0.67,1.5,1.85,2.12,2.81
2015-08-20,0.02,0.69,1.5,1.84,2.09,2.76
2015-08-21,0.03,0.64,1.44,1.79,2.05,2.74
2015-08-24,0.06,0.59,1.39,1.75,2.01,2.73
2015-08-25,0.07,0.67,1.48,1.86,2.12,2.84
2015-08-26,0.06,0.67,1.49,1.9,2.18,2.94
2015-08-27,0.06,0.68,1.49,1.91,2.18,2.93
2015-08-28,0.06,0.72,1.52,1.92,2.19,2.92
2015-08-31,0.08,0.74,1.54,1.94,2.21,2.95
2015-09-01,0.03,0.7,1.49,1.89,2.17,2.93
2015-09-02,0.03,0.72,1.52,1.92,2.2,2.97
2015-09-03,0.02,0.71,1.49,1.9,2.18,2.95
2015-09-04,0.02,0.71,1.47,1.85,2.13,2.89
2015-09-08,0.06,0.74,1.53,1.92,2.2,2.97
2015-09-09,0.03,0.75,1.53,1.91,2.21,2.96
2015-09-10,0.02,0.75,1.55,1.93,2.23,2.98
2015-09-11,0.04,0.71,1.52,1.89,2.2,2.95
2015-09-14,0.07,0.73,1.51,1.88,2.18,2.95
2015-09-15,0.07,0.82,1.61,1.99,2.28,3.06
2015-09-16,0.06,0.82,1.62,2.01,2.3,3.08
2015-09-17,0.01,0.7,1.5,1.9,2.21,3.02
2015-09-18,-0.01,0.69,1.45,1.83,2.13,2.93
2015-09-21,0.01,0.72,1.51,1.9,2.2,3.02
2015-09-22,-0.01,0.69,1.44,1.83,2.14,2.94
2015-09-23,0.01,0.7,1.47,1.85,2.16,2.95
2015-09-24,0.01,0.67,1.44,1.84,2.13,2.91
2015-09-25,-0.01,0.7,1.48,1.87,2.17,2.96
2015-09-28,0.01,0.67,1.42,1.8,2.1,2.87
2015-09-29,0.01,0.64,1.37,1.74,2.05,2.85
2015-09-30,-0.01,0.64,1.37,1.75,2.06,2.87
2015-10-01,-0.02,0.64,1.37,1.75,2.05,2.85
2015-10-02,0,0.58,1.29,1.67,1.99,2.82
2015-10-05,0.01,0.61,1.35,1.74,2.07,2.9
2015-10-06,0,0.61,1.34,1.72,2.05,2.88
2015-10-07,0,0.65,1.37,1.75,2.08,2.89
2015-10-08,-0.01,0.65,1.4,1.79,2.12,2.96
2015-10-09,0.01,0.65,1.41,1.8,2.12,2.94
2015-10-13,0.01,0.64,1.36,1.74,2.06,2.89
2015-10-14,0,0.57,1.29,1.66,1.99,2.84
2015-10-15,0.01,0.61,1.34,1.72,2.04,2.87
2015-10-16,0.01,0.61,1.36,1.73,2.04,2.87
2015-10-19,0.02,0.61,1.35,1.73,2.04,2.89
2015-10-20,0.02,0.66,1.4,1.78,2.08,2.92
2015-10-21,0.01,0.64,1.37,1.74,2.04,2.87
2015-10-22,0,0.61,1.36,1.74,2.04,2.87
2015-10-23,0.01,0.66,1.43,1.81,2.09,2.9
2015-10-26,0.02,0.66,1.41,1.78,2.07,2.87
2015-10-27,0.03,0.65,1.38,1.75,2.05,2.86
2015-10-28,0.04,0.73,1.47,1.83,2.1,2.87
2015-10-29,0.07,0.75,1.53,1.9,2.19,2.96
2015-10-30,0.08,0.75,1.52,1.88,2.16,2.93
2015-11-02,0.08,0.77,1.57,1.93,2.2,2.95
2015-11-03,0.06,0.8,1.59,1.96,2.23,3
2015-11-04,0.05,0.84,1.64,1.99,2.25,3
2015-11-05,0.05,0.85,1.65,2,2.26,3.01
2015-11-06,0.08,0.9,1.73,2.09,2.34,3.09
2015-11-09,0.14,0.89,1.75,2.11,2.36,3.12
2015-11-10,0.13,0.87,1.72,2.08,2.32,3.1
2015-11-12,0.14,0.89,1.73,2.09,2.32,3.09
2015-11-13,0.13,0.86,1.67,2.05,2.28,3.06
2015-11-16,0.15,0.88,1.66,2.02,2.27,3.07
2015-11-17,0.14,0.86,1.66,2.02,2.25,3.04
2015-11-18,0.12,0.9,1.69,2.04,2.27,3.04
2015-11-19,0.11,0.91,1.68,2.02,2.24,3
2015-11-20,0.11,0.93,1.7,2.04,2.26,3.02
2015-11-23,0.14,0.94,1.7,2.03,2.25,3
2015-11-24,0.16,0.93,1.66,2.01,2.24,3
2015-11-25,0.19,0.93,1.66,2.01,2.23,3
2015-11-27,0.17,0.92,1.64,1.99,2.22,3
2015-11-30,0.22,0.94,1.65,1.99,2.21,2.98
2015-12-01,0.21,0.91,1.59,1.93,2.15,2.91
2015-12-02,0.21,0.94,1.63,1.97,2.18,2.91
2015-12-03,0.21,0.96,1.74,2.1,2.33,3.07
2015-12-04,0.22,0.96,1.71,2.06,2.28,3.01
2015-12-07,0.29,0.94,1.67,2.02,2.23,2.95
2015-12-08,0.27,0.94,1.68,2.02,2.24,2.97
2015-12-09,0.26,0.93,1.64,1.99,2.22,2.97
2015-12-10,0.24,0.95,1.68,2.03,2.24,2.98
2015-12-11,0.22,0.88,1.56,1.91,2.13,2.87
2015-12-14,0.26,0.97,1.66,2.02,2.23,2.96
2015-12-15,0.25,0.98,1.71,2.06,2.28,3
2015-12-16,0.27,1.02,1.75,2.11,2.3,3.02
2015-12-17,0.23,1,1.73,2.05,2.24,2.94
2015-12-18,0.19,0.97,1.67,2,2.19,2.9
2015-12-21,0.24,0.96,1.67,2,2.2,2.92
2015-12-22,0.21,0.99,1.71,2.04,2.24,2.96
2015-12-23,0.2,1.01,1.74,2.07,2.27,3
2015-12-24,0.2,1.03,1.73,2.06,2.25,2.96
2015-12-28,0.23,1.05,1.73,2.05,2.24,2.95
2015-12-29,0.23,1.09,1.81,2.12,2.32,3.04
2015-12-30,0.21,1.08,1.8,2.14,2.31,3.04
2015-12-31,0.16,1.06,1.76,2.09,2.27,3.01
2016-01-04,0.22,1.02,1.73,2.06,2.24,2.98
2016-01-05,0.2,1.04,1.73,2.06,2.25,3.01
2016-01-06,0.21,0.99,1.65,1.98,2.18,2.94
2016-01-07,0.2,0.96,1.61,1.94,2.16,2.92
2016-01-08,0.2,0.94,1.57,1.91,2.13,2.91
2016-01-11,0.21,0.94,1.58,1.94,2.17,2.96
2016-01-12,0.21,0.93,1.55,1.88,2.12,2.89
2016-01-13,0.22,0.91,1.51,1.85,2.08,2.85
2016-01-14,0.25,0.9,1.52,1.87,2.1,2.9
2016-01-15,0.23,0.85,1.46,1.79,2.03,2.81
2016-01-19,0.26,0.88,1.49,1.82,2.06,2.82
2016-01-20,0.26,0.85,1.44,1.76,2.01,2.77
2016-01-21,0.28,0.84,1.44,1.77,2.02,2.79
2016-01-22,0.3,0.88,1.49,1.81,2.07,2.83
2016-01-25,0.31,0.88,1.47,1.79,2.03,2.8
2016-01-26,0.31,0.85,1.45,1.76,2.01,2.79
2016-01-27,0.32,0.84,1.43,1.76,2.02,2.8
2016-01-28,0.34,0.83,1.4,1.75,2,2.79
2016-01-29,0.32,0.76,1.33,1.67,1.94,2.75
2016-02-01,0.35,0.81,1.38,1.72,1.97,2.77
2016-02-02,0.34,0.75,1.28,1.61,1.87,2.67
2016-02-03,0.33,0.72,1.27,1.61,1.88,2.7
2016-02-04,0.29,0.7,1.25,1.6,1.87,2.7
2016-02-05,0.29,0.74,1.25,1.58,1.86,2.68
2016-02-08,0.32,0.66,1.16,1.48,1.75,2.56
2016-02-09,0.3,0.69,1.15,1.47,1.74,2.55
2016-02-10,0.31,0.71,1.15,1.46,1.71,2.53
2016-02-11,0.28,0.64,1.11,1.39,1.63,2.5
2016-02-12,0.29,0.71,1.2,1.5,1.74,2.6
2016-02-16,0.3,0.74,1.23,1.53,1.78,2.64
2016-02-17,0.3,0.74,1.26,1.57,1.81,2.68
2016-02-18,0.3,0.71,1.21,1.51,1.75,2.62
2016-02-19,0.3,0.76,1.24,1.53,1.76,2.61
2016-02-22,0.33,0.78,1.25,1.54,1.77,2.62
2016-02-23,0.32,0.76,1.23,1.51,1.74,2.6
2016-02-24,0.33,0.75,1.21,1.52,1.75,2.61
2016-02-25,0.32,0.72,1.16,1.47,1.71,2.58
2016-02-26,0.32,0.8,1.23,1.55,1.76,2.63
2016-02-29,0.33,0.78,1.22,1.52,1.74,2.61
2016-03-01,0.33,0.85,1.31,1.62,1.83,2.7
2016-03-02,0.35,0.85,1.34,1.65,1.84,2.69
2016-03-03,0.27,0.85,1.33,1.63,1.83,2.65
2016-03-04,0.28,0.88,1.38,1.69,1.88,2.7
2016-03-07,0.32,0.91,1.42,1.72,1.91,2.71
2016-03-08,0.29,0.88,1.34,1.64,1.83,2.63
2016-03-09,0.3,0.9,1.39,1.69,1.9,2.68
2016-03-10,0.31,0.93,1.45,1.75,1.93,2.7
2016-03-11,0.32,0.97,1.49,1.79,1.98,2.75
2016-03-14,0.34,0.97,1.49,1.78,1.97,2.74
2016-03-15,0.34,0.98,1.5,1.78,1.97,2.73
2016-03-16,0.31,0.87,1.41,1.72,1.94,2.73
2016-03-17,0.29,0.87,1.39,1.7,1.91,2.69
2016-03-18,0.29,0.84,1.34,1.66,1.88,2.68
2016-03-21,0.31,0.87,1.38,1.7,1.92,2.72
2016-03-22,0.3,0.91,1.42,1.74,1.94,2.72
2016-03-23,0.3,0.87,1.37,1.67,1.88,2.65
2016-03-24,0.29,0.89,1.39,1.7,1.91,2.67
2016-03-28,0.29,0.89,1.37,1.68,1.89,2.66
2016-03-29,0.23,0.78,1.29,1.59,1.81,2.6
2016-03-30,0.2,0.76,1.26,1.6,1.83,2.65
2016-03-31,0.21,0.73,1.21,1.54,1.78,2.61
2016-04-01,0.23,0.76,1.24,1.56,1.79,2.62
2016-04-04,0.23,0.75,1.22,1.53,1.78,2.6
2016-04-05,0.23,0.72,1.17,1.49,1.73,2.54
2016-04-06,0.23,0.73,1.2,1.52,1.76,2.58
2016-04-07,0.23,0.7,1.14,1.46,1.7,2.52
2016-04-08,0.23,0.7,1.16,1.47,1.72,2.55
2016-04-11,0.23,0.7,1.16,1.48,1.73,2.56
2016-04-12,0.22,0.74,1.22,1.54,1.79,2.61
2016-04-13,0.23,0.75,1.22,1.53,1.77,2.58
2016-04-14,0.22,0.77,1.26,1.57,1.8,2.61
2016-04-15,0.22,0.74,1.22,1.52,1.76,2.56
2016-04-18,0.22,0.75,1.24,1.54,1.78,2.58
2016-04-19,0.21,0.77,1.26,1.57,1.79,2.6
2016-04-20,0.23,0.8,1.32,1.63,1.85,2.66
2016-04-21,0.23,0.82,1.35,1.65,1.88,2.69
2016-04-22,0.23,0.84,1.37,1.67,1.89,2.7
2016-04-25,0.25,0.85,1.38,1.69,1.91,2.72
2016-04-26,0.24,0.86,1.4,1.72,1.94,2.76
2016-04-27,0.24,0.83,1.33,1.64,1.87,2.71
2016-04-28,0.22,0.78,1.28,1.6,1.84,2.68
2016-04-29,0.22,0.77,1.28,1.6,1.83,2.66
2016-05-02,0.22,0.8,1.32,1.64,1.88,2.71
2016-05-03,0.21,0.75,1.25,1.57,1.81,2.66
2016-05-04,0.19,0.75,1.23,1.55,1.79,2.64
2016-05-05,0.2,0.72,1.2,1.52,1.76,2.6
2016-05-06,0.19,0.74,1.23,1.55,1.79,2.62
2016-05-09,0.24,0.72,1.2,1.51,1.77,2.61
2016-05-10,0.24,0.72,1.2,1.52,1.77,2.61
2016-05-11,0.26,0.74,1.2,1.51,1.73,2.58
2016-05-12,0.27,0.76,1.24,1.54,1.75,2.6
2016-05-13,0.28,0.76,1.22,1.51,1.71,2.55
2016-05-16,0.28,0.79,1.26,1.55,1.75,2.59
2016-05-17,0.28,0.82,1.29,1.57,1.76,2.59
2016-05-18,0.3,0.9,1.41,1.69,1.87,2.67
2016-05-19,0.3,0.89,1.38,1.67,1.85,2.64
2016-05-20,0.32,0.89,1.38,1.65,1.85,2.63
2016-05-23,0.35,0.91,1.38,1.65,1.84,2.63
2016-05-24,0.35,0.92,1.41,1.68,1.86,2.65
2016-05-25,0.33,0.92,1.4,1.69,1.87,2.67
2016-05-26,0.3,0.87,1.35,1.65,1.83,2.64
2016-05-27,0.31,0.9,1.39,1.67,1.85,2.65
2016-05-31,0.34,0.87,1.37,1.66,1.84,2.64
2016-06-01,0.3,0.91,1.39,1.67,1.85,2.63
2016-06-02,0.28,0.89,1.36,1.63,1.81,2.58
2016-06-03,0.29,0.78,1.23,1.5,1.71,2.52
2016-06-06,0.28,0.8,1.25,1.53,1.73,2.55
2016-06-07,0.28,0.78,1.23,1.51,1.72,2.54
2016-06-08,0.24,0.78,1.23,1.51,1.71,2.51
2016-06-09,0.25,0.77,1.22,1.49,1.68,2.48
2016-06-10,0.25,0.73,1.17,1.44,1.64,2.44
2016-06-13,0.27,0.73,1.14,1.42,1.62,2.43
2016-06-14,0.27,0.74,1.15,1.42,1.62,2.43
2016-06-15,0.26,0.69,1.1,1.38,1.6,2.43
2016-06-16,0.27,0.7,1.1,1.37,1.57,2.39
2016-06-17,0.26,0.7,1.13,1.41,1.62,2.43
2016-06-20,0.28,0.74,1.17,1.45,1.67,2.47
2016-06-21,0.27,0.76,1.22,1.49,1.71,2.5
2016-06-22,0.27,0.75,1.2,1.49,1.69,2.5
2016-06-23,0.3,0.78,1.25,1.54,1.74,2.55
2016-06-24,0.26,0.64,1.08,1.35,1.57,2.42
2016-06-27,0.27,0.61,1,1.26,1.46,2.28
2016-06-28,0.26,0.61,1,1.26,1.46,2.27
2016-06-29,0.26,0.62,1.03,1.3,1.5,2.3
2016-06-30,0.26,0.58,1.01,1.29,1.49,2.3
2016-07-01,0.27,0.59,1,1.27,1.46,2.24
2016-07-05,0.28,0.56,0.94,1.19,1.37,2.14
2016-07-06,0.27,0.58,0.95,1.2,1.38,2.14
2016-07-07,0.29,0.58,0.97,1.21,1.4,2.14
2016-07-08,0.27,0.61,0.95,1.19,1.37,2.11
2016-07-11,0.31,0.66,1.03,1.27,1.43,2.14
2016-07-12,0.29,0.69,1.1,1.35,1.53,2.24
2016-07-13,0.31,0.68,1.07,1.32,1.48,2.18
2016-07-14,0.31,0.68,1.1,1.36,1.53,2.25
2016-07-15,0.31,0.71,1.15,1.42,1.6,2.3
2016-07-18,0.32,0.68,1.14,1.4,1.59,2.3
2016-07-19,0.31,0.7,1.12,1.38,1.56,2.27
2016-07-20,0.32,0.73,1.15,1.41,1.59,2.3
2016-07-21,0.31,0.7,1.11,1.38,1.57,2.29
2016-07-22,0.32,0.71,1.13,1.4,1.57,2.29
2016-07-25,0.32,0.72,1.15,1.41,1.58,2.29
2016-07-26,0.31,0.75,1.15,1.4,1.57,2.28
2016-07-27,0.31,0.73,1.1,1.35,1.52,2.23
2016-07-28,0.25,0.72,1.09,1.35,1.52,2.23
2016-07-29,0.27,0.67,1.03,1.29,1.46,2.18
2016-08-01,0.29,0.67,1.06,1.33,1.51,2.24
2016-08-02,0.29,0.67,1.07,1.36,1.55,2.29
2016-08-03,0.28,0.67,1.07,1.35,1.55,2.29
2016-08-04,0.26,0.64,1.03,1.31,1.51,2.25
2016-08-05,0.27,0.72,1.13,1.41,1.59,2.32
2016-08-08,0.31,0.74,1.15,1.42,1.59,2.3
2016-08-09,0.29,0.71,1.11,1.38,1.55,2.25
2016-08-10,0.28,0.69,1.07,1.34,1.5,2.23
2016-08-11,0.28,0.76,1.16,1.42,1.57,2.28
2016-08-12,0.28,0.71,1.1,1.36,1.51,2.23
2016-08-15,0.31,0.72,1.14,1.4,1.55,2.27
2016-08-16,0.27,0.76,1.16,1.42,1.57,2.29
2016-08-17,0.3,0.74,1.15,1.41,1.56,2.27
2016-08-18,0.29,0.71,1.12,1.38,1.53,2.26
2016-08-19,0.29,0.76,1.17,1.43,1.58,2.29
2016-08-22,0.29,0.76,1.15,1.4,1.55,2.24
2016-08-23,0.3,0.74,1.15,1.4,1.55,2.24
2016-08-24,0.31,0.76,1.13,1.4,1.56,2.24
2016-08-25,0.33,0.78,1.16,1.43,1.58,2.27
2016-08-26,0.33,0.84,1.23,1.49,1.62,2.29
2016-08-29,0.33,0.81,1.18,1.43,1.57,2.22
2016-08-30,0.33,0.8,1.18,1.44,1.57,2.23
2016-08-31,0.33,0.8,1.19,1.45,1.58,2.23
2016-09-01,0.33,0.78,1.18,1.44,1.57,2.23
2016-09-02,0.32,0.8,1.2,1.47,1.6,2.28
2016-09-06,0.32,0.74,1.13,1.4,1.55,2.24
2016-09-07,0.34,0.74,1.12,1.39,1.54,2.23
2016-09-08,0.34,0.78,1.19,1.46,1.61,2.32
2016-09-09,0.34,0.79,1.23,1.51,1.67,2.39
2016-09-12,0.37,0.79,1.21,1.5,1.68,2.4
2016-09-13,0.36,0.8,1.26,1.56,1.73,2.47
2016-09-14,0.33,0.77,1.21,1.52,1.7,2.44
2016-09-15,0.29,0.74,1.2,1.51,1.71,2.48
2016-09-16,0.29,0.77,1.21,1.51,1.7,2.44
2016-09-19,0.3,0.79,1.22,1.52,1.7,2.45
2016-09-20,0.3,0.79,1.2,1.5,1.69,2.43
2016-09-21,0.22,0.79,1.2,1.48,1.66,2.39
2016-09-22,0.18,0.79,1.18,1.46,1.63,2.34
2016-09-23,0.18,0.77,1.16,1.44,1.62,2.34
2016-09-26,0.25,0.76,1.13,1.41,1.59,2.32
2016-09-27,0.26,0.75,1.12,1.39,1.56,2.28
2016-09-28,0.27,0.75,1.13,1.41,1.57,2.29
2016-09-29,0.26,0.73,1.12,1.39,1.56,2.28
2016-09-30,0.28,0.77,1.14,1.42,1.6,2.32
2016-10-03,0.32,0.8,1.18,1.46,1.63,2.34
2016-10-04,0.33,0.82,1.22,1.51,1.69,2.4
2016-10-05,0.32,0.85,1.26,1.54,1.72,2.44
2016-10-06,0.32,0.86,1.28,1.58,1.75,2.46
2016-10-07,0.32,0.83,1.26,1.55,1.73,2.46
2016-10-11,0.35,0.87,1.3,1.58,1.77,2.5
2016-10-12,0.36,0.87,1.31,1.6,1.79,2.51
2016-10-13,0.29,0.85,1.27,1.56,1.75,2.48
2016-10-14,0.31,0.84,1.28,1.58,1.8,2.55
2016-10-17,0.34,0.81,1.26,1.56,1.77,2.52
2016-10-18,0.34,0.82,1.24,1.54,1.75,2.51
2016-10-19,0.34,0.81,1.24,1.54,1.76,2.51
2016-10-20,0.34,0.84,1.26,1.55,1.76,2.5
2016-10-21,0.33,0.84,1.25,1.53,1.74,2.48
2016-10-24,0.33,0.84,1.27,1.56,1.77,2.52
2016-10-25,0.34,0.86,1.29,1.56,1.77,2.5
2016-10-26,0.33,0.86,1.3,1.59,1.79,2.53
2016-10-27,0.29,0.87,1.33,1.64,1.85,2.6
2016-10-28,0.29,0.86,1.33,1.63,1.86,2.62
2016-10-31,0.34,0.86,1.31,1.62,1.84,2.58
2016-11-01,0.35,0.83,1.3,1.61,1.83,2.58
2016-11-02,0.36,0.81,1.26,1.57,1.81,2.56
2016-11-03,0.37,0.81,1.26,1.58,1.82,2.6
2016-11-04,0.37,0.8,1.24,1.55,1.79,2.56
2016-11-07,0.41,0.82,1.29,1.6,1.83,2.6
2016-11-08,0.43,0.87,1.34,1.65,1.88,2.63
2016-11-09,0.44,0.9,1.49,1.84,2.07,2.88
2016-11-10,0.47,0.92,1.56,1.92,2.15,2.94
2016-11-14,0.54,1,1.66,2.01,2.23,2.99
2016-11-15,0.5,1.02,1.68,2.03,2.23,2.97
2016-11-16,0.46,1,1.68,2.03,2.22,2.92
2016-11-17,0.43,1.04,1.73,2.08,2.29,3.01
2016-11-18,0.43,1.07,1.8,2.14,2.34,3.01
2016-11-21,0.46,1.08,1.79,2.13,2.33,3
2016-11-22,0.48,1.07,1.77,2.12,2.31,3
2016-11-23,0.5,1.12,1.83,2.17,2.36,3.02
2016-11-25,0.48,1.12,1.83,2.18,2.36,3.01
2016-11-28,0.48,1.11,1.8,2.13,2.32,2.99
2016-11-29,0.48,1.09,1.78,2.12,2.3,2.95
2016-11-30,0.48,1.11,1.83,2.18,2.37,3.02
2016-12-01,0.47,1.14,1.9,2.25,2.45,3.1
2016-12-02,0.48,1.11,1.84,2.2,2.4,3.08
2016-12-05,0.49,1.13,1.84,2.19,2.39,3.05
2016-12-06,0.49,1.12,1.84,2.18,2.39,3.08
2016-12-07,0.51,1.1,1.8,2.14,2.34,3.02
2016-12-08,0.5,1.12,1.83,2.2,2.4,3.1
2016-12-09,0.53,1.15,1.89,2.26,2.47,3.16
2016-12-12,0.51,1.15,1.9,2.26,2.49,3.16
2016-12-13,0.54,1.17,1.92,2.26,2.48,3.14
2016-12-14,0.54,1.27,2.02,2.34,2.54,3.14
2016-12-15,0.5,1.29,2.1,2.42,2.6,3.16
2016-12-16,0.5,1.28,2.07,2.41,2.6,3.19
2016-12-19,0.52,1.24,2.03,2.35,2.54,3.12
2016-12-20,0.52,1.25,2.06,2.38,2.57,3.15
2016-12-21,0.51,1.21,2.04,2.35,2.55,3.12
2016-12-22,0.5,1.22,2.04,2.36,2.55,3.12
2016-12-23,0.51,1.22,2.04,2.35,2.55,3.12
2016-12-27,0.51,1.28,2.07,2.37,2.57,3.14
2016-12-28,0.52,1.26,2.02,2.32,2.51,3.09
2016-12-29,0.46,1.22,1.96,2.3,2.49,3.08
2016-12-30,0.5,1.2,1.93,2.25,2.45,3.06
2017-01-03,0.53,1.22,1.94,2.26,2.45,3.04
2017-01-04,0.52,1.24,1.94,2.26,2.46,3.05
2017-01-05,0.51,1.17,1.86,2.18,2.37,2.96
2017-01-06,0.52,1.22,1.92,2.23,2.42,3
2017-01-09,0.5,1.21,1.89,2.18,2.38,2.97
2017-01-10,0.51,1.19,1.89,2.18,2.38,2.97
2017-01-11,0.51,1.2,1.89,2.18,2.38,2.96
2017-01-12,0.51,1.18,1.87,2.17,2.36,3.01
2017-01-13,0.52,1.21,1.9,2.2,2.4,2.99
2017-01-17,0.54,1.17,1.84,2.14,2.33,2.93
2017-01-18,0.52,1.23,1.93,2.24,2.42,3
2017-01-19,0.51,1.25,1.97,2.28,2.47,3.04
2017-01-20,0.49,1.2,1.95,2.28,2.48,3.05
2017-01-23,0.51,1.16,1.88,2.19,2.41,2.99
2017-01-24,0.5,1.21,1.94,2.27,2.47,3.05
2017-01-25,0.49,1.23,1.99,2.33,2.53,3.1
2017-01-26,0.5,1.21,1.95,2.3,2.51,3.08
2017-01-27,0.51,1.22,1.94,2.28,2.49,3.06
2017-01-30,0.51,1.22,1.94,2.28,2.49,3.08
2017-01-31,0.52,1.19,1.9,2.24,2.45,3.05
2017-02-01,0.5,1.22,1.93,2.27,2.48,3.08
2017-02-02,0.51,1.21,1.92,2.27,2.48,3.09
2017-02-03,0.5,1.21,1.93,2.27,2.49,3.11
2017-02-06,0.53,1.16,1.86,2.19,2.42,3.05
2017-02-07,0.53,1.16,1.85,2.17,2.4,3.02
2017-02-08,0.53,1.15,1.81,2.14,2.34,2.96
2017-02-09,0.53,1.2,1.88,2.2,2.4,3.02
2017-02-10,0.54,1.2,1.89,2.22,2.41,3.01
2017-02-13,0.52,1.2,1.92,2.24,2.43,3.03
2017-02-14,0.54,1.25,1.98,2.29,2.47,3.07
2017-02-15,0.53,1.27,2.01,2.33,2.51,3.09
2017-02-16,0.52,1.22,1.95,2.26,2.45,3.05
2017-02-17,0.52,1.21,1.92,2.23,2.42,3.03
2017-02-21,0.53,1.22,1.93,2.24,2.43,3.04
2017-02-22,0.52,1.22,1.92,2.23,2.42,3.04
2017-02-23,0.51,1.18,1.87,2.2,2.38,3.02
2017-02-24,0.51,1.12,1.8,2.12,2.31,2.95
2017-02-27,0.5,1.2,1.87,2.18,2.36,2.98
2017-02-28,0.53,1.22,1.89,2.19,2.36,2.97
2017-03-01,0.62,1.29,1.99,2.29,2.46,3.06
2017-03-02,0.66,1.32,2.03,2.32,2.49,3.09
2017-03-03,0.7,1.32,2.02,2.32,2.49,3.08
2017-03-06,0.73,1.31,2.02,2.32,2.49,3.1
2017-03-07,0.75,1.32,2.05,2.34,2.52,3.11
2017-03-08,0.72,1.36,2.08,2.38,2.57,3.15
2017-03-09,0.72,1.37,2.13,2.43,2.6,3.19
2017-03-10,0.73,1.36,2.11,2.4,2.58,3.16
2017-03-13,0.78,1.4,2.14,2.43,2.62,3.2
2017-03-14,0.77,1.4,2.13,2.42,2.6,3.17
2017-03-15,0.72,1.33,2.02,2.31,2.51,3.11
2017-03-16,0.72,1.35,2.05,2.34,2.53,3.14
2017-03-17,0.72,1.33,2.03,2.31,2.5,3.11
2017-03-20,0.75,1.3,2,2.28,2.47,3.08
2017-03-21,0.76,1.27,1.96,2.24,2.43,3.04
2017-03-22,0.76,1.27,1.95,2.22,2.4,3.02
2017-03-23,0.75,1.26,1.95,2.23,2.41,3.02
2017-03-24,0.77,1.26,1.93,2.22,2.4,3
2017-03-27,0.77,1.27,1.93,2.2,2.38,2.98
2017-03-28,0.77,1.3,1.97,2.25,2.42,3.02
2017-03-29,0.77,1.26,1.93,2.21,2.39,2.99
2017-03-30,0.77,1.28,1.96,2.25,2.42,3.03
2017-03-31,0.75,1.27,1.93,2.22,2.4,3.02
2017-04-03,0.78,1.24,1.88,2.16,2.35,2.98
2017-04-04,0.78,1.25,1.88,2.16,2.36,2.99
2017-04-05,0.79,1.24,1.85,2.14,2.34,2.98
2017-04-06,0.78,1.24,1.87,2.15,2.34,2.99
2017-04-07,0.81,1.29,1.92,2.2,2.38,3
2017-04-10,0.81,1.29,1.91,2.18,2.37,2.99
2017-04-11,0.81,1.24,1.84,2.11,2.32,2.93
2017-04-12,0.8,1.24,1.81,2.09,2.28,2.92
2017-04-13,0.8,1.21,1.77,2.05,2.24,2.89
2017-04-17,0.82,1.21,1.79,2.07,2.26,2.92
2017-04-18,0.81,1.18,1.71,1.98,2.18,2.84
2017-04-19,0.8,1.19,1.74,2.02,2.21,2.87
2017-04-20,0.78,1.21,1.78,2.06,2.24,2.89
2017-04-21,0.78,1.2,1.77,2.05,2.24,2.89
2017-04-24,0.8,1.25,1.81,2.09,2.28,2.93
2017-04-25,0.81,1.29,1.87,2.15,2.35,2.99
2017-04-26,0.82,1.28,1.84,2.12,2.32,2.97
2017-04-27,0.8,1.25,1.81,2.1,2.3,2.96
2017-04-28,0.79,1.28,1.81,2.1,2.29,2.96
2017-05-01,0.82,1.28,1.84,2.13,2.33,3
2017-05-02,0.81,1.27,1.81,2.09,2.29,2.97
2017-05-03,0.84,1.3,1.86,2.14,2.33,2.97
2017-05-04,0.84,1.32,1.88,2.17,2.36,3
2017-05-05,0.88,1.32,1.89,2.17,2.36,2.99
2017-05-08,0.9,1.33,1.91,2.19,2.39,3.02
2017-05-09,0.9,1.37,1.94,2.22,2.42,3.04
2017-05-10,0.89,1.35,1.94,2.22,2.41,3.03
2017-05-11,0.87,1.35,1.93,2.2,2.39,3.03
2017-05-12,0.86,1.29,1.85,2.13,2.33,2.98
2017-05-15,0.89,1.31,1.86,2.14,2.34,3
2017-05-16,0.89,1.29,1.86,2.13,2.33,2.99
2017-05-17,0.89,1.26,1.76,2.03,2.22,2.91
2017-05-18,0.91,1.27,1.78,2.04,2.23,2.9
2017-05-19,0.9,1.28,1.79,2.05,2.23,2.9
2017-05-22,0.92,1.29,1.8,2.06,2.25,2.91
2017-05-23,0.91,1.31,1.84,2.1,2.29,2.95
2017-05-24,0.92,1.29,1.79,2.07,2.26,2.92
2017-05-25,0.92,1.3,1.78,2.06,2.25,2.92
2017-05-26,0.92,1.3,1.79,2.06,2.25,2.92
2017-05-30,0.92,1.28,1.76,2.02,2.21,2.88
2017-05-31,0.96,1.28,1.75,2.02,2.21,2.87
2017-06-01,0.96,1.28,1.76,2.02,2.21,2.87
2017-06-02,0.96,1.28,1.71,1.96,2.15,2.8
2017-06-05,0.95,1.32,1.74,1.99,2.18,2.84
2017-06-06,0.96,1.3,1.71,1.95,2.14,2.81
2017-06-07,0.98,1.32,1.74,1.99,2.18,2.84
2017-06-08,0.99,1.33,1.75,2,2.19,2.85
2017-06-09,0.99,1.35,1.77,2.02,2.21,2.86
2017-06-12,0.97,1.35,1.78,2.02,2.21,2.86
2017-06-13,0.99,1.38,1.79,2.02,2.21,2.87
2017-06-14,0.99,1.35,1.74,1.96,2.15,2.79
2017-06-15,1,1.35,1.76,1.98,2.16,2.78
2017-06-16,1.01,1.32,1.75,1.97,2.16,2.78
2017-06-19,1.01,1.36,1.8,2.02,2.19,2.79
2017-06-20,1,1.36,1.77,1.99,2.16,2.74
2017-06-21,0.97,1.36,1.78,2,2.16,2.73
2017-06-22,0.94,1.34,1.76,1.98,2.15,2.72
2017-06-23,0.95,1.34,1.77,1.98,2.15,2.71
2017-06-26,0.98,1.36,1.77,1.97,2.14,2.7
2017-06-27,0.99,1.38,1.83,2.04,2.21,2.75
2017-06-28,1,1.34,1.81,2.05,2.22,2.77
2017-06-29,1.02,1.38,1.85,2.1,2.27,2.82
2017-06-30,1.01,1.38,1.89,2.14,2.31,2.84
2017-07-03,1.04,1.41,1.93,2.19,2.35,2.86
2017-07-05,1.03,1.41,1.92,2.17,2.33,2.85
2017-07-06,1.02,1.4,1.94,2.21,2.37,2.9
2017-07-07,1.03,1.4,1.95,2.22,2.39,2.93
2017-07-10,1.03,1.4,1.93,2.2,2.38,2.93
2017-07-11,1.03,1.37,1.92,2.18,2.37,2.92
2017-07-12,1.03,1.35,1.88,2.14,2.33,2.89
2017-07-13,1.03,1.37,1.89,2.16,2.35,2.92
2017-07-14,1.02,1.35,1.87,2.13,2.33,2.91
2017-07-17,1.05,1.36,1.86,2.12,2.31,2.89
2017-07-18,1.05,1.36,1.82,2.08,2.27,2.85
2017-07-19,1.09,1.37,1.83,2.09,2.27,2.85
2017-07-20,1.13,1.37,1.82,2.08,2.27,2.83
2017-07-21,1.14,1.36,1.81,2.05,2.24,2.81
2017-07-24,1.15,1.37,1.83,2.07,2.26,2.83
2017-07-25,1.16,1.4,1.9,2.15,2.33,2.91
2017-07-26,1.11,1.36,1.83,2.09,2.29,2.89
2017-07-27,1.09,1.36,1.84,2.12,2.32,2.93
2017-07-28,1.06,1.34,1.83,2.1,2.3,2.89
2017-07-31,1.05,1.34,1.84,2.11,2.3,2.89
2017-08-01,1.06,1.34,1.8,2.07,2.26,2.86
2017-08-02,1.06,1.36,1.82,2.08,2.27,2.85
2017-08-03,1.06,1.34,1.79,2.05,2.24,2.81
2017-08-04,1.06,1.36,1.82,2.08,2.27,2.84
2017-08-07,1.01,1.36,1.81,2.07,2.26,2.84
2017-08-08,1.04,1.36,1.84,2.1,2.29,2.86
2017-08-09,1.04,1.33,1.81,2.06,2.24,2.82
2017-08-10,1.03,1.33,1.78,2.03,2.2,2.79
2017-08-11,1.01,1.3,1.74,2,2.19,2.79
2017-08-14,1.01,1.33,1.77,2.04,2.22,2.81
2017-08-15,1.02,1.35,1.83,2.09,2.27,2.84
2017-08-16,1,1.33,1.79,2.04,2.23,2.81
2017-08-17,0.98,1.32,1.76,2.01,2.19,2.78
2017-08-18,1,1.33,1.77,2.01,2.19,2.78
2017-08-21,0.99,1.32,1.76,2,2.18,2.77
2017-08-22,0.99,1.33,1.8,2.04,2.22,2.79
2017-08-23,0.98,1.32,1.76,1.99,2.17,2.75
2017-08-24,1,1.33,1.78,2.01,2.19,2.77
2017-08-25,1.01,1.35,1.77,2,2.17,2.75
2017-08-28,0.97,1.33,1.74,1.99,2.16,2.76
2017-08-29,1.01,1.33,1.7,1.96,2.13,2.74
2017-08-30,1.01,1.33,1.72,1.97,2.15,2.75
2017-08-31,0.99,1.33,1.7,1.95,2.12,2.73
2017-09-01,1,1.35,1.73,1.99,2.16,2.77
2017-09-05,1.01,1.3,1.65,1.9,2.07,2.69
2017-09-06,1.05,1.3,1.69,1.93,2.1,2.72
2017-09-07,1.03,1.27,1.63,1.88,2.05,2.66
2017-09-08,1.02,1.27,1.64,1.89,2.06,2.67
2017-09-11,1.04,1.32,1.71,1.96,2.14,2.75
2017-09-12,1.02,1.33,1.75,1.99,2.17,2.78
2017-09-13,1.02,1.35,1.78,2.01,2.2,2.79
2017-09-14,1.03,1.37,1.79,2.01,2.2,2.77
2017-09-15,1.03,1.39,1.81,2.04,2.2,2.77
2017-09-18,1.04,1.4,1.83,2.06,2.23,2.8
2017-09-19,1.03,1.4,1.84,2.07,2.24,2.81
2017-09-20,1.02,1.45,1.89,2.12,2.28,2.82
2017-09-21,1.02,1.45,1.89,2.11,2.27,2.8
2017-09-22,1.01,1.46,1.88,2.1,2.26,2.8
2017-09-25,1.04,1.44,1.85,2.07,2.22,2.76
2017-09-26,1.05,1.45,1.87,2.08,2.24,2.78
2017-09-27,1.05,1.47,1.91,2.14,2.31,2.86
2017-09-28,1.04,1.45,1.89,2.13,2.31,2.87
2017-09-29,1.04,1.47,1.92,2.16,2.33,2.86
2017-10-02,1,1.49,1.94,2.17,2.34,2.87
2017-10-03,1.05,1.47,1.92,2.15,2.33,2.87
2017-10-04,1.06,1.47,1.92,2.15,2.33,2.87
2017-10-05,1.05,1.49,1.94,2.17,2.35,2.89
2017-10-06,1.05,1.54,1.97,2.2,2.37,2.91
2017-10-10,1.06,1.51,1.95,2.18,2.35,2.88
2017-10-11,1.08,1.51,1.95,2.17,2.35,2.88
2017-10-12,1.07,1.51,1.95,2.16,2.33,2.86
2017-10-13,1.07,1.51,1.91,2.12,2.28,2.81
2017-10-16,1.09,1.54,1.95,2.15,2.3,2.82
2017-10-17,1.07,1.54,1.97,2.15,2.3,2.8
2017-10-18,1.07,1.59,1.99,2.19,2.34,2.85
2017-10-19,1.08,1.58,1.98,2.18,2.33,2.83
2017-10-20,1.09,1.6,2.03,2.24,2.39,2.89
2017-10-23,1.08,1.58,2.01,2.22,2.38,2.89
2017-10-24,1.1,1.6,2.05,2.26,2.42,2.92
2017-10-25,1.1,1.61,2.06,2.28,2.44,2.95
2017-10-26,1.09,1.63,2.07,2.3,2.46,2.96
2017-10-27,1.08,1.59,2.03,2.26,2.42,2.93
2017-10-30,1.1,1.58,2,2.22,2.37,2.88
2017-10-31,1.13,1.6,2.01,2.23,2.38,2.88
2017-11-01,1.16,1.61,2.01,2.22,2.37,2.85
2017-11-02,1.15,1.61,2,2.21,2.35,2.83
2017-11-03,1.16,1.63,1.99,2.19,2.34,2.82
2017-11-06,1.17,1.61,1.99,2.17,2.32,2.8
2017-11-07,1.2,1.63,1.99,2.17,2.32,2.77
2017-11-08,1.21,1.65,2.01,2.19,2.32,2.79
2017-11-09,1.22,1.63,2.01,2.2,2.33,2.81
2017-11-10,1.21,1.67,2.06,2.27,2.4,2.88
2017-11-13,1.22,1.7,2.08,2.27,2.4,2.87
2017-11-14,1.24,1.68,2.06,2.26,2.38,2.84
2017-11-15,1.23,1.68,2.04,2.21,2.33,2.77
2017-11-16,1.25,1.72,2.07,2.25,2.37,2.81
2017-11-17,1.26,1.73,2.06,2.23,2.35,2.78
2017-11-20,1.28,1.77,2.09,2.26,2.37,2.78
2017-11-21,1.28,1.77,2.11,2.27,2.36,2.76
2017-11-22,1.27,1.74,2.05,2.22,2.32,2.75
2017-11-24,1.26,1.75,2.07,2.23,2.34,2.76
2017-11-27,1.25,1.74,2.06,2.21,2.32,2.76
2017-11-28,1.28,1.75,2.07,2.24,2.34,2.77
2017-11-29,1.27,1.78,2.09,2.27,2.37,2.81
2017-11-30,1.25,1.78,2.14,2.31,2.42,2.83
2017-12-01,1.25,1.78,2.13,2.28,2.37,2.76
2017-12-04,1.28,1.8,2.15,2.29,2.37,2.77
2017-12-05,1.28,1.83,2.15,2.28,2.36,2.73
2017-12-06,1.28,1.78,2.11,2.25,2.33,2.71
2017-12-07,1.27,1.8,2.14,2.29,2.37,2.76
2017-12-08,1.26,1.8,2.14,2.29,2.38,2.77
2017-12-11,1.31,1.82,2.16,2.3,2.39,2.77
2017-12-12,1.32,1.83,2.18,2.32,2.4,2.79
2017-12-13,1.28,1.79,2.12,2.26,2.36,2.74
2017-12-14,1.3,1.82,2.14,2.27,2.35,2.71
2017-12-15,1.29,1.84,2.16,2.28,2.35,2.68
2017-12-18,1.36,1.84,2.17,2.3,2.39,2.74
2017-12-19,1.35,1.87,2.23,2.37,2.46,2.82
2017-12-20,1.36,1.87,2.24,2.4,2.49,2.88
2017-12-21,1.33,1.89,2.26,2.39,2.48,2.84
2017-12-22,1.31,1.91,2.26,2.4,2.48,2.83
2017-12-26,1.45,1.92,2.25,2.38,2.47,2.82
2017-12-27,1.42,1.89,2.22,2.34,2.42,2.75
2017-12-28,1.37,1.91,2.23,2.36,2.43,2.75
2017-12-29,1.37,1.89,2.2,2.33,2.4,2.74
2018-01-02,1.42,1.92,2.25,2.38,2.46,2.81
2018-01-03,1.39,1.94,2.25,2.37,2.44,2.78
2018-01-04,1.39,1.96,2.27,2.38,2.46,2.79
2018-01-05,1.37,1.96,2.29,2.4,2.47,2.81
2018-01-08,1.43,1.96,2.29,2.41,2.49,2.81
2018-01-09,1.42,1.98,2.33,2.46,2.55,2.88
2018-01-10,1.4,1.98,2.32,2.47,2.55,2.88
2018-01-11,1.41,1.98,2.32,2.46,2.54,2.91
2018-01-12,1.41,1.99,2.35,2.48,2.55,2.85
2018-01-16,1.43,2.03,2.36,2.48,2.54,2.83
2018-01-17,1.42,2.05,2.39,2.51,2.57,2.84
2018-01-18,1.43,2.05,2.43,2.55,2.62,2.9
2018-01-19,1.42,2.06,2.45,2.57,2.64,2.91
2018-01-22,1.43,2.08,2.46,2.59,2.66,2.93
2018-01-23,1.42,2.06,2.43,2.55,2.63,2.9
2018-01-24,1.41,2.08,2.43,2.57,2.65,2.93
2018-01-25,1.4,2.08,2.41,2.55,2.63,2.89
2018-01-26,1.39,2.13,2.47,2.6,2.66,2.91
2018-01-29,1.43,2.11,2.49,2.63,2.7,2.94
2018-01-30,1.42,2.13,2.51,2.65,2.73,2.98
2018-01-31,1.44,2.14,2.52,2.66,2.72,2.95
2018-02-01,1.46,2.16,2.56,2.72,2.78,3.01
2018-02-02,1.46,2.15,2.58,2.76,2.84,3.08
2018-02-05,1.49,2.08,2.5,2.68,2.77,3.04
2018-02-06,1.5,2.1,2.52,2.7,2.79,3.06
2018-02-07,1.53,2.15,2.57,2.75,2.84,3.12
2018-02-08,1.53,2.13,2.57,2.76,2.85,3.14
2018-02-09,1.53,2.05,2.52,2.72,2.83,3.14
2018-02-12,1.61,2.09,2.56,2.77,2.86,3.14
2018-02-13,1.57,2.1,2.54,2.74,2.83,3.11
2018-02-14,1.56,2.17,2.65,2.84,2.91,3.18
2018-02-15,1.56,2.19,2.65,2.83,2.9,3.15
2018-02-16,1.59,2.21,2.63,2.81,2.87,3.13
2018-02-20,1.64,2.25,2.65,2.81,2.88,3.15
2018-02-21,1.62,2.26,2.69,2.86,2.94,3.22
2018-02-22,1.61,2.25,2.66,2.84,2.92,3.21
2018-02-23,1.61,2.25,2.62,2.79,2.88,3.16
2018-02-26,1.65,2.22,2.6,2.77,2.86,3.15
2018-02-27,1.64,2.27,2.67,2.83,2.9,3.17
2018-02-28,1.63,2.25,2.65,2.8,2.87,3.13
2018-03-01,1.6,2.22,2.58,2.74,2.81,3.09
2018-03-02,1.62,2.25,2.63,2.79,2.86,3.14
2018-03-05,1.67,2.24,2.65,2.81,2.88,3.16
2018-03-06,1.65,2.25,2.65,2.81,2.88,3.14
2018-03-07,1.65,2.25,2.65,2.81,2.89,3.15
2018-03-08,1.64,2.25,2.63,2.79,2.86,3.13
2018-03-09,1.64,2.27,2.65,2.82,2.9,3.16
2018-03-12,1.68,2.27,2.64,2.79,2.87,3.13
2018-03-13,1.7,2.26,2.62,2.77,2.84,3.1
2018-03-14,1.73,2.26,2.61,2.75,2.81,3.05
2018-03-15,1.74,2.29,2.62,2.76,2.82,3.05
2018-03-16,1.75,2.31,2.65,2.78,2.85,3.08
2018-03-19,1.77,2.31,2.65,2.78,2.85,3.09
2018-03-20,1.78,2.34,2.69,2.82,2.89,3.12
2018-03-21,1.71,2.31,2.69,2.82,2.89,3.12
2018-03-22,1.69,2.29,2.63,2.76,2.83,3.06
2018-03-23,1.71,2.28,2.61,2.74,2.82,3.06
2018-03-26,1.76,2.33,2.64,2.78,2.85,3.08
2018-03-27,1.74,2.26,2.58,2.7,2.78,3.03
2018-03-28,1.7,2.28,2.59,2.72,2.77,3.01
2018-03-29,1.7,2.27,2.56,2.68,2.74,2.97
2018-04-02,1.74,2.25,2.55,2.67,2.73,2.97
2018-04-03,1.72,2.28,2.6,2.73,2.79,3.02
2018-04-04,1.68,2.28,2.61,2.73,2.79,3.03
2018-04-05,1.69,2.3,2.64,2.76,2.83,3.07
2018-04-06,1.7,2.27,2.58,2.7,2.77,3.01
2018-04-09,1.73,2.29,2.6,2.72,2.78,3.02
2018-04-10,1.71,2.32,2.62,2.74,2.8,3.02
2018-04-11,1.7,2.32,2.62,2.72,2.79,2.99
2018-04-12,1.72,2.34,2.67,2.78,2.83,3.05
2018-04-13,1.73,2.37,2.67,2.77,2.82,3.03
2018-04-16,1.76,2.39,2.69,2.78,2.83,3.03
2018-04-17,1.77,2.41,2.68,2.77,2.82,3
2018-04-18,1.78,2.42,2.73,2.83,2.87,3.06
2018-04-19,1.79,2.44,2.77,2.87,2.92,3.11
2018-04-20,1.78,2.46,2.8,2.91,2.96,3.14
2018-04-23,1.84,2.49,2.83,2.94,2.98,3.15
2018-04-24,1.84,2.48,2.83,2.95,3,3.18
2018-04-25,1.82,2.49,2.84,2.97,3.03,3.21
2018-04-26,1.79,2.49,2.82,2.95,3,3.18
2018-04-27,1.78,2.49,2.8,2.92,2.96,3.13
2018-04-30,1.84,2.49,2.79,2.91,2.95,3.11
2018-05-01,1.82,2.5,2.82,2.93,2.97,3.13
2018-05-02,1.81,2.49,2.8,2.92,2.97,3.14
2018-05-03,1.8,2.49,2.78,2.9,2.94,3.12
2018-05-04,1.8,2.51,2.78,2.9,2.95,3.12
2018-05-07,1.83,2.49,2.78,2.9,2.95,3.12
2018-05-08,1.84,2.51,2.81,2.93,2.97,3.13
2018-05-09,1.85,2.54,2.84,2.96,3,3.16
2018-05-10,1.86,2.54,2.83,2.94,2.97,3.12
2018-05-11,1.88,2.54,2.84,2.94,2.97,3.1
2018-05-14,1.9,2.55,2.85,2.96,3,3.13
2018-05-15,1.89,2.58,2.92,3.04,3.08,3.2
2018-05-16,1.88,2.58,2.94,3.05,3.09,3.21
2018-05-17,1.88,2.57,2.94,3.07,3.11,3.25
2018-05-18,1.87,2.55,2.9,3.02,3.06,3.2
2018-05-21,1.9,2.58,2.9,3.02,3.06,3.2
2018-05-22,1.9,2.59,2.9,3.02,3.06,3.21
2018-05-23,1.88,2.53,2.83,2.95,3.01,3.17
2018-05-24,1.87,2.5,2.82,2.93,2.98,3.13
2018-05-25,1.86,2.48,2.76,2.88,2.93,3.09
2018-05-29,1.9,2.32,2.58,2.71,2.77,2.96
2018-05-30,1.9,2.42,2.67,2.79,2.84,3.01
2018-05-31,1.89,2.4,2.68,2.78,2.83,3
2018-06-01,1.88,2.47,2.74,2.85,2.89,3.04
2018-06-04,1.91,2.52,2.78,2.89,2.94,3.08
2018-06-05,1.91,2.49,2.76,2.87,2.92,3.07
2018-06-06,1.91,2.52,2.81,2.93,2.97,3.13
2018-06-07,1.9,2.5,2.77,2.88,2.93,3.08
2018-06-08,1.89,2.5,2.77,2.88,2.93,3.08
2018-06-11,1.91,2.52,2.8,2.91,2.96,3.1
2018-06-12,1.89,2.54,2.81,2.91,2.96,3.09
2018-06-13,1.9,2.59,2.85,2.95,2.98,3.1
2018-06-14,1.9,2.59,2.81,2.9,2.94,3.05
2018-06-15,1.9,2.55,2.81,2.89,2.93,3.05
2018-06-18,1.91,2.56,2.8,2.89,2.92,3.05
2018-06-19,1.91,2.54,2.77,2.84,2.89,3.02
2018-06-20,1.9,2.56,2.8,2.89,2.93,3.06
2018-06-21,1.9,2.56,2.77,2.86,2.9,3.04
2018-06-22,1.89,2.56,2.77,2.86,2.9,3.04
2018-06-25,1.9,2.54,2.75,2.83,2.87,3.02
2018-06-26,1.9,2.53,2.75,2.84,2.88,3.03
2018-06-27,1.89,2.52,2.71,2.79,2.83,2.97
2018-06-28,1.89,2.52,2.73,2.81,2.84,2.97
2018-06-29,1.89,2.52,2.73,2.81,2.85,2.98
2018-07-02,1.95,2.57,2.75,2.83,2.87,2.99
2018-07-03,1.94,2.53,2.72,2.79,2.83,2.96
2018-07-05,1.92,2.55,2.74,2.8,2.84,2.95
2018-07-06,1.93,2.53,2.71,2.78,2.82,2.94
2018-07-09,1.95,2.57,2.75,2.82,2.86,2.96
2018-07-10,1.95,2.59,2.77,2.83,2.87,2.97
2018-07-11,1.93,2.58,2.74,2.82,2.85,2.95
2018-07-12,1.94,2.6,2.75,2.83,2.85,2.95
2018-07-13,1.94,2.59,2.73,2.8,2.83,2.94
2018-07-16,1.98,2.59,2.75,2.82,2.85,2.96
2018-07-17,1.98,2.62,2.76,2.83,2.86,2.97
2018-07-18,1.96,2.6,2.77,2.84,2.88,2.99
2018-07-19,1.96,2.6,2.74,2.81,2.84,2.96
2018-07-20,1.95,2.6,2.77,2.85,2.89,3.03
2018-07-23,1.96,2.64,2.83,2.92,2.96,3.1
2018-07-24,1.98,2.63,2.83,2.91,2.95,3.08
2018-07-25,1.97,2.66,2.82,2.9,2.94,3.06
2018-07-26,1.95,2.69,2.86,2.95,2.98,3.1
2018-07-27,1.96,2.67,2.84,2.92,2.96,3.09
2018-07-30,2.01,2.66,2.85,2.94,2.98,3.11
2018-07-31,1.99,2.67,2.85,2.92,2.96,3.08
2018-08-01,1.99,2.67,2.87,2.96,3,3.13
2018-08-02,1.98,2.66,2.85,2.93,2.98,3.12
2018-08-03,1.97,2.63,2.82,2.91,2.95,3.09
2018-08-06,2.02,2.64,2.8,2.89,2.94,3.08
2018-08-07,2.02,2.68,2.84,2.92,2.98,3.12
2018-08-08,2.02,2.68,2.83,2.92,2.96,3.12
2018-08-09,2.02,2.64,2.8,2.89,2.93,3.08
2018-08-10,2.01,2.61,2.75,2.82,2.87,3.03
2018-08-13,2.03,2.61,2.75,2.82,2.88,3.05
2018-08-14,2.04,2.63,2.77,2.84,2.89,3.06
2018-08-15,2.03,2.61,2.73,2.81,2.86,3.03
2018-08-16,2.03,2.63,2.75,2.82,2.87,3.03
2018-08-17,2.01,2.61,2.75,2.82,2.87,3.03
2018-08-20,2.03,2.6,2.7,2.77,2.82,2.99
2018-08-21,2.04,2.61,2.73,2.8,2.85,3
2018-08-22,2.05,2.6,2.7,2.77,2.82,2.99
2018-08-23,2.04,2.61,2.72,2.78,2.82,2.97
2018-08-24,2.05,2.63,2.72,2.78,2.82,2.97
2018-08-27,2.08,2.67,2.74,2.81,2.85,3
2018-08-28,2.09,2.67,2.77,2.84,2.88,3.03
2018-08-29,2.09,2.67,2.78,2.85,2.89,3.02
2018-08-30,2.07,2.64,2.75,2.82,2.86,3
2018-08-31,2.07,2.62,2.74,2.81,2.86,3.02
2018-09-04,2.09,2.66,2.78,2.85,2.9,3.07
2018-09-05,2.1,2.66,2.77,2.85,2.9,3.08
2018-09-06,2.09,2.64,2.76,2.83,2.88,3.06
2018-09-07,2.1,2.71,2.82,2.89,2.94,3.11
2018-09-10,2.11,2.73,2.83,2.89,2.94,3.09
2018-09-11,2.11,2.76,2.87,2.94,2.98,3.13
2018-09-12,2.12,2.74,2.87,2.93,2.97,3.11
2018-09-13,2.11,2.76,2.87,2.93,2.97,3.11
2018-09-14,2.12,2.78,2.9,2.96,2.99,3.13
2018-09-17,2.13,2.78,2.89,2.96,2.99,3.13
2018-09-18,2.13,2.81,2.94,3.01,3.05,3.2
2018-09-19,2.12,2.81,2.96,3.04,3.08,3.23
2018-09-20,2.13,2.81,2.96,3.03,3.07,3.21
2018-09-21,2.14,2.81,2.95,3.03,3.07,3.2
2018-09-24,2.18,2.83,2.96,3.04,3.08,3.21
2018-09-25,2.17,2.83,2.99,3.06,3.1,3.23
2018-09-26,2.16,2.83,2.96,3.02,3.06,3.19
2018-09-27,2.14,2.83,2.96,3.02,3.06,3.19
2018-09-28,2.15,2.81,2.94,3.01,3.05,3.19
2018-10-01,2.19,2.82,2.96,3.04,3.09,3.24
2018-10-02,2.19,2.82,2.94,3.01,3.05,3.2
2018-10-03,2.19,2.85,3.02,3.1,3.15,3.3
2018-10-04,2.18,2.87,3.05,3.14,3.19,3.35
2018-10-05,2.18,2.88,3.07,3.18,3.23,3.4
2018-10-09,2.21,2.88,3.05,3.15,3.21,3.37
2018-10-10,2.23,2.88,3.05,3.15,3.22,3.39
2018-10-11,2.22,2.85,3,3.09,3.14,3.32
2018-10-12,2.23,2.85,3,3.09,3.15,3.32
2018-10-15,2.27,2.85,3.01,3.1,3.16,3.34
2018-10-16,2.26,2.87,3.02,3.1,3.16,3.32
2018-10-17,2.27,2.89,3.04,3.13,3.19,3.35
2018-10-18,2.27,2.87,3.03,3.11,3.17,3.36
2018-10-19,2.26,2.92,3.05,3.14,3.2,3.38
2018-10-22,2.3,2.92,3.05,3.13,3.2,3.38
2018-10-23,2.29,2.89,3.01,3.1,3.17,3.37
2018-10-24,2.29,2.84,2.94,3.02,3.1,3.33
2018-10-25,2.29,2.86,2.98,3.07,3.14,3.35
2018-10-26,2.28,2.81,2.91,3,3.08,3.32
2018-10-29,2.3,2.81,2.91,3,3.08,3.33
2018-10-30,2.29,2.84,2.94,3.03,3.12,3.36
2018-10-31,2.29,2.87,2.98,3.07,3.15,3.39
2018-11-01,2.27,2.84,2.96,3.06,3.14,3.38
2018-11-02,2.28,2.91,3.04,3.13,3.22,3.46
2018-11-05,2.32,2.91,3.03,3.12,3.2,3.43
2018-11-06,2.31,2.93,3.05,3.14,3.22,3.43
2018-11-07,2.32,2.96,3.07,3.15,3.22,3.43
2018-11-08,2.3,2.98,3.09,3.17,3.24,3.43
2018-11-09,2.31,2.94,3.05,3.13,3.19,3.4
2018-11-13,2.34,2.89,2.99,3.07,3.14,3.36
2018-11-14,2.33,2.86,2.95,3.04,3.12,3.35
2018-11-15,2.32,2.86,2.94,3.02,3.11,3.36
2018-11-16,2.31,2.81,2.9,2.99,3.08,3.33
2018-11-19,2.34,2.79,2.87,2.97,3.06,3.32
2018-11-20,2.34,2.79,2.88,2.97,3.06,3.31
2018-11-21,2.36,2.81,2.89,2.98,3.06,3.31
2018-11-23,2.36,2.81,2.88,2.97,3.05,3.31
2018-11-26,2.37,2.84,2.9,2.98,3.07,3.32
2018-11-27,2.36,2.83,2.89,2.98,3.06,3.32
2018-11-28,2.35,2.81,2.87,2.97,3.06,3.34
2018-11-29,2.32,2.81,2.85,2.94,3.03,3.33
2018-11-30,2.32,2.8,2.84,2.92,3.01,3.3
2018-12-03,2.34,2.83,2.83,2.9,2.98,3.27
2018-12-04,2.38,2.8,2.79,2.84,2.91,3.16
2018-12-06,2.36,2.75,2.75,2.8,2.87,3.14
2018-12-07,2.35,2.72,2.7,2.77,2.85,3.14
2018-12-10,2.37,2.72,2.71,2.77,2.85,3.13
2018-12-11,2.37,2.78,2.75,2.81,2.89,3.13
2018-12-12,2.39,2.77,2.77,2.84,2.91,3.15
2018-12-13,2.38,2.75,2.75,2.83,2.91,3.16
2018-12-14,2.37,2.73,2.73,2.81,2.89,3.14
2018-12-17,2.36,2.7,2.69,2.77,2.86,3.11
2018-12-18,2.34,2.65,2.65,2.74,2.82,3.07
2018-12-19,2.35,2.63,2.62,2.69,2.77,3
2018-12-20,2.34,2.67,2.65,2.72,2.79,3.02
2018-12-21,2.34,2.63,2.64,2.72,2.79,3.03
2018-12-24,2.41,2.55,2.58,2.66,2.74,3
2018-12-26,2.39,2.61,2.67,2.74,2.81,3.06
2018-12-27,2.36,2.56,2.6,2.68,2.77,3.05
2018-12-28,2.35,2.52,2.56,2.63,2.72,3.04
2018-12-31,2.4,2.48,2.51,2.59,2.69,3.02
2019-01-02,2.37,2.5,2.49,2.56,2.66,2.97
2019-01-03,2.36,2.39,2.37,2.44,2.56,2.92
2019-01-04,2.37,2.5,2.49,2.56,2.67,2.98
2019-01-07,2.41,2.53,2.53,2.6,2.7,2.99
2019-01-08,2.41,2.58,2.58,2.63,2.73,3
2019-01-09,2.4,2.56,2.57,2.64,2.74,3.03
2019-01-10,2.38,2.56,2.56,2.63,2.74,3.06
2019-01-11,2.38,2.55,2.52,2.6,2.71,3.04
2019-01-14,2.4,2.53,2.53,2.6,2.71,3.06
2019-01-15,2.4,2.53,2.53,2.61,2.72,3.08
2019-01-16,2.38,2.55,2.54,2.62,2.73,3.07
2019-01-17,2.37,2.56,2.58,2.66,2.75,3.07
2019-01-18,2.36,2.62,2.62,2.7,2.79,3.09
2019-01-22,2.38,2.58,2.57,2.65,2.74,3.06
2019-01-23,2.36,2.58,2.59,2.66,2.76,3.07
2019-01-24,2.32,2.56,2.55,2.62,2.72,3.04
2019-01-25,2.34,2.6,2.59,2.66,2.76,3.06
2019-01-28,2.37,2.6,2.58,2.65,2.75,3.06
2019-01-29,2.37,2.56,2.55,2.61,2.72,3.04
2019-01-30,2.37,2.52,2.49,2.58,2.7,3.06
2019-01-31,2.36,2.45,2.43,2.51,2.63,2.99
2019-02-01,2.35,2.52,2.51,2.59,2.7,3.03
2019-02-04,2.37,2.53,2.53,2.62,2.73,3.06
2019-02-05,2.37,2.53,2.51,2.6,2.71,3.03
2019-02-06,2.37,2.52,2.5,2.59,2.7,3.03
2019-02-07,2.37,2.48,2.46,2.54,2.65,3
2019-02-08,2.38,2.45,2.44,2.53,2.63,2.97
2019-02-11,2.4,2.48,2.47,2.56,2.65,3
2019-02-12,2.38,2.5,2.49,2.58,2.68,3.02
2019-02-13,2.39,2.53,2.53,2.61,2.71,3.04
2019-02-14,2.38,2.5,2.48,2.56,2.66,3.01
2019-02-15,2.38,2.52,2.49,2.57,2.66,3
2019-02-19,2.41,2.5,2.47,2.55,2.65,2.99
2019-02-20,2.4,2.5,2.47,2.55,2.65,3
2019-02-21,2.4,2.53,2.51,2.59,2.69,3.05
2019-02-22,2.41,2.48,2.47,2.55,2.65,3.02
2019-02-25,2.42,2.51,2.48,2.57,2.67,3.03
2019-02-26,2.4,2.48,2.45,2.54,2.64,3.01
2019-02-27,2.4,2.5,2.49,2.59,2.69,3.07
2019-02-28,2.4,2.52,2.52,2.63,2.73,3.09
2019-03-01,2.39,2.55,2.56,2.67,2.76,3.13
2019-03-04,2.41,2.55,2.53,2.63,2.72,3.09
2019-03-05,2.41,2.55,2.53,2.63,2.72,3.08
2019-03-06,2.41,2.52,2.49,2.59,2.69,3.06
2019-03-07,2.4,2.47,2.44,2.54,2.64,3.03
2019-03-08,2.41,2.45,2.42,2.51,2.62,3
2019-03-11,2.41,2.47,2.44,2.53,2.64,3.03
2019-03-12,2.41,2.45,2.41,2.5,2.61,3
2019-03-13,2.4,2.45,2.42,2.51,2.61,3.02
2019-03-14,2.4,2.46,2.43,2.53,2.63,3.04
2019-03-15,2.4,2.43,2.4,2.49,2.59,3.02
2019-03-18,2.39,2.45,2.42,2.51,2.6,3.01
2019-03-19,2.41,2.46,2.42,2.51,2.61,3.02
2019-03-20,2.42,2.4,2.34,2.44,2.54,2.98
2019-03-21,2.43,2.41,2.34,2.44,2.54,2.96
2019-03-22,2.41,2.31,2.24,2.34,2.44,2.88
2019-03-25,2.41,2.26,2.21,2.32,2.43,2.87
2019-03-26,2.41,2.24,2.18,2.29,2.41,2.86
2019-03-27,2.39,2.22,2.18,2.28,2.39,2.83
2019-03-28,2.38,2.23,2.2,2.29,2.39,2.81
2019-03-29,2.35,2.27,2.23,2.31,2.41,2.81
2019-04-01,2.38,2.33,2.31,2.4,2.49,2.89
2019-04-02,2.37,2.3,2.28,2.38,2.48,2.88
2019-04-03,2.39,2.33,2.32,2.42,2.52,2.93
2019-04-04,2.39,2.33,2.32,2.41,2.51,2.92
2019-04-05,2.39,2.35,2.31,2.4,2.5,2.91
2019-04-08,2.38,2.36,2.33,2.42,2.52,2.93
2019-04-09,2.37,2.35,2.31,2.4,2.51,2.92
2019-04-10,2.38,2.31,2.28,2.37,2.48,2.9
2019-04-11,2.38,2.35,2.31,2.4,2.51,2.94
2019-04-12,2.39,2.4,2.38,2.47,2.56,2.97
2019-04-15,2.38,2.4,2.37,2.46,2.55,2.96
2019-04-16,2.38,2.41,2.41,2.5,2.6,2.99
2019-04-17,2.39,2.4,2.4,2.49,2.59,2.99
2019-04-18,2.37,2.38,2.38,2.46,2.57,2.96
2019-04-22,2.39,2.38,2.39,2.49,2.59,2.99
2019-04-23,2.4,2.36,2.36,2.46,2.57,2.98
2019-04-24,2.39,2.32,2.32,2.41,2.53,2.94
2019-04-25,2.38,2.33,2.33,2.42,2.54,2.94
2019-04-26,2.37,2.28,2.29,2.39,2.51,2.92
2019-04-29,2.39,2.3,2.32,2.42,2.54,2.96
2019-04-30,2.38,2.27,2.28,2.39,2.51,2.93
2019-05-01,2.38,2.31,2.31,2.41,2.52,2.92
2019-05-02,2.41,2.35,2.34,2.44,2.55,2.94
2019-05-03,2.38,2.33,2.33,2.43,2.54,2.93
2019-05-06,2.39,2.31,2.3,2.4,2.51,2.91
2019-05-07,2.38,2.28,2.25,2.35,2.45,2.86
2019-05-08,2.38,2.3,2.28,2.38,2.49,2.89
2019-05-09,2.38,2.26,2.25,2.34,2.45,2.87
2019-05-10,2.38,2.26,2.26,2.37,2.47,2.89
2019-05-13,2.36,2.18,2.18,2.28,2.4,2.83
2019-05-14,2.36,2.2,2.2,2.3,2.42,2.86
2019-05-15,2.37,2.16,2.15,2.25,2.37,2.82
2019-05-16,2.35,2.2,2.18,2.28,2.4,2.84
2019-05-17,2.34,2.2,2.17,2.27,2.39,2.82
2019-05-20,2.34,2.21,2.21,2.3,2.41,2.83
2019-05-21,2.34,2.26,2.23,2.33,2.43,2.84
2019-05-22,2.33,2.23,2.19,2.28,2.39,2.82
2019-05-23,2.32,2.12,2.11,2.2,2.31,2.75
2019-05-24,2.3,2.16,2.12,2.22,2.32,2.75
2019-05-28,2.32,2.12,2.06,2.16,2.26,2.7
2019-05-29,2.32,2.09,2.05,2.16,2.25,2.69
2019-05-30,2.33,2.06,2.03,2.12,2.22,2.65
2019-05-31,2.3,1.95,1.93,2.03,2.14,2.58
2019-06-03,2.3,1.82,1.83,1.95,2.07,2.53
2019-06-04,2.3,1.88,1.89,2.01,2.12,2.6
2019-06-05,2.3,1.83,1.86,2,2.12,2.63
2019-06-06,2.28,1.88,1.88,2.01,2.12,2.62
2019-06-07,2.23,1.85,1.85,1.97,2.09,2.57
2019-06-10,2.24,1.9,1.91,2.03,2.15,2.62
2019-06-11,2.22,1.93,1.92,2.03,2.15,2.62
2019-06-12,2.19,1.88,1.88,2,2.13,2.62
2019-06-13,2.14,1.83,1.84,1.96,2.1,2.61
2019-06-14,2.15,1.84,1.85,1.96,2.09,2.59
2019-06-17,2.18,1.86,1.85,1.96,2.09,2.58
2019-06-18,2.17,1.86,1.83,1.93,2.06,2.55
2019-06-19,2.13,1.74,1.77,1.89,2.03,2.54
2019-06-20,2.09,1.72,1.74,1.87,2.01,2.53
2019-06-21,2.07,1.77,1.8,1.93,2.07,2.59
2019-06-24,2.08,1.72,1.75,1.88,2.02,2.55
2019-06-25,2.07,1.71,1.73,1.86,2,2.53
2019-06-26,2.1,1.77,1.8,1.92,2.05,2.57
2019-06-27,2.09,1.74,1.76,1.88,2.01,2.52
2019-06-28,2.08,1.75,1.76,1.87,2,2.52
2019-07-01,2.16,1.78,1.79,1.9,2.03,2.55
2019-07-02,2.15,1.77,1.75,1.85,1.98,2.51
2019-07-03,2.16,1.77,1.74,1.83,1.96,2.47
2019-07-05,2.18,1.87,1.84,1.93,2.04,2.54
2019-07-08,2.21,1.88,1.86,1.94,2.05,2.53
2019-07-09,2.21,1.92,1.88,1.96,2.07,2.54
2019-07-10,2.15,1.82,1.82,1.93,2.07,2.57
2019-07-11,2.12,1.85,1.88,1.99,2.13,2.65
2019-07-12,2.1,1.84,1.86,1.98,2.12,2.64
2019-07-15,2.11,1.83,1.84,1.96,2.09,2.61
2019-07-16,2.1,1.87,1.88,2,2.13,2.63
2019-07-17,2.09,1.83,1.83,1.94,2.06,2.57
2019-07-18,2.01,1.77,1.78,1.89,2.04,2.56
2019-07-19,2.02,1.8,1.8,1.91,2.05,2.57
2019-07-22,2.04,1.8,1.8,1.92,2.05,2.58
2019-07-23,2.02,1.83,1.83,1.94,2.08,2.61
2019-07-24,2.05,1.83,1.82,1.93,2.05,2.58
2019-07-25,2.06,1.86,1.85,1.95,2.08,2.6
2019-07-26,2.08,1.86,1.85,1.95,2.08,2.59
2019-07-29,2.07,1.85,1.84,1.93,2.06,2.59
2019-07-30,2.04,1.85,1.84,1.93,2.06,2.58
2019-07-31,2.04,1.89,1.84,1.92,2.02,2.53
2019-08-01,2.03,1.73,1.68,1.77,1.9,2.44
2019-08-02,2.02,1.72,1.66,1.75,1.86,2.39
2019-08-05,2,1.59,1.55,1.63,1.75,2.3
2019-08-06,2.01,1.6,1.53,1.62,1.73,2.25
2019-08-07,1.98,1.59,1.52,1.6,1.71,2.22
2019-08-08,1.98,1.62,1.54,1.62,1.72,2.25
2019-08-09,1.96,1.63,1.57,1.65,1.74,2.26
2019-08-12,1.96,1.58,1.49,1.56,1.65,2.14
2019-08-13,1.96,1.66,1.57,1.62,1.68,2.15
2019-08-14,1.92,1.58,1.51,1.55,1.59,2.03
2019-08-15,1.87,1.48,1.42,1.47,1.52,1.98
2019-08-16,1.83,1.48,1.42,1.49,1.55,2.01
2019-08-19,1.9,1.53,1.47,1.54,1.6,2.08
2019-08-20,1.9,1.5,1.42,1.49,1.55,2.04
2019-08-21,1.93,1.56,1.47,1.54,1.59,2.07
2019-08-22,1.96,1.61,1.5,1.56,1.62,2.11
2019-08-23,1.93,1.51,1.4,1.46,1.52,2.02
2019-08-26,1.96,1.54,1.43,1.49,1.54,2.04
2019-08-27,1.94,1.53,1.4,1.44,1.49,1.97
2019-08-28,1.95,1.5,1.37,1.42,1.47,1.94
2019-08-29,1.95,1.53,1.4,1.46,1.5,1.97
2019-08-30,1.95,1.5,1.39,1.45,1.5,1.96
2019-09-03,1.94,1.47,1.35,1.42,1.47,1.95
2019-09-04,1.93,1.43,1.32,1.4,1.47,1.97
2019-09-05,1.93,1.55,1.43,1.51,1.57,2.06
2019-09-06,1.92,1.53,1.42,1.5,1.55,2.02
2019-09-09,1.92,1.58,1.49,1.57,1.63,2.11
2019-09-10,1.91,1.67,1.58,1.66,1.72,2.19
2019-09-11,1.92,1.68,1.6,1.68,1.75,2.22
2019-09-12,1.91,1.72,1.65,1.72,1.79,2.22
2019-09-13,1.92,1.79,1.75,1.83,1.9,2.37
2019-09-16,1.95,1.74,1.69,1.77,1.84,2.31
2019-09-17,1.95,1.72,1.66,1.75,1.81,2.27
2019-09-18,1.91,1.77,1.68,1.76,1.8,2.25
2019-09-19,1.89,1.74,1.66,1.73,1.79,2.22
2019-09-20,1.87,1.69,1.61,1.68,1.74,2.17
2019-09-23,1.9,1.68,1.59,1.65,1.72,2.16
2019-09-24,1.88,1.6,1.52,1.58,1.64,2.09
2019-09-25,1.85,1.68,1.6,1.66,1.73,2.18
2019-09-26,1.79,1.66,1.59,1.65,1.7,2.15
2019-09-27,1.76,1.63,1.56,1.62,1.69,2.13
2019-09-30,1.84,1.63,1.55,1.62,1.68,2.12
2019-10-01,1.78,1.56,1.51,1.59,1.65,2.11
2019-10-02,1.75,1.48,1.43,1.53,1.6,2.09
2019-10-03,1.67,1.39,1.34,1.45,1.54,2.04
2019-10-04,1.68,1.4,1.34,1.43,1.52,2.01
2019-10-07,1.71,1.46,1.38,1.47,1.56,2.05
2019-10-08,1.68,1.42,1.36,1.45,1.54,2.04
2019-10-09,1.66,1.47,1.4,1.5,1.59,2.08
2019-10-10,1.65,1.53,1.48,1.57,1.67,2.16
2019-10-11,1.65,1.63,1.59,1.68,1.76,2.22
2019-10-15,1.64,1.61,1.59,1.68,1.77,2.23
2019-10-16,1.63,1.58,1.57,1.65,1.75,2.23
2019-10-17,1.63,1.6,1.57,1.66,1.76,2.24
2019-10-18,1.63,1.58,1.56,1.66,1.76,2.25
2019-10-21,1.64,1.62,1.61,1.7,1.8,2.28
2019-10-22,1.62,1.6,1.6,1.68,1.78,2.26
2019-10-23,1.62,1.58,1.58,1.67,1.77,2.25
2019-10-24,1.64,1.58,1.58,1.67,1.77,2.26
2019-10-25,1.63,1.63,1.62,1.71,1.8,2.29
2019-10-28,1.62,1.64,1.66,1.75,1.85,2.34
2019-10-29,1.6,1.64,1.66,1.74,1.84,2.33
2019-10-30,1.59,1.61,1.61,1.69,1.78,2.26
2019-10-31,1.51,1.52,1.51,1.6,1.69,2.17
2019-11-01,1.49,1.56,1.55,1.63,1.73,2.21
2019-11-04,1.5,1.6,1.6,1.69,1.79,2.27
2019-11-05,1.53,1.63,1.66,1.77,1.86,2.34
2019-11-06,1.53,1.61,1.63,1.73,1.81,2.3
2019-11-07,1.53,1.68,1.74,1.84,1.92,2.4
2019-11-08,1.52,1.68,1.74,1.86,1.94,2.43
2019-11-12,1.56,1.66,1.73,1.84,1.92,2.39
2019-11-13,1.54,1.63,1.69,1.79,1.88,2.36
2019-11-14,1.54,1.58,1.63,1.73,1.82,2.31
2019-11-15,1.54,1.61,1.65,1.75,1.84,2.31
2019-11-18,1.54,1.6,1.63,1.73,1.81,2.3
2019-11-19,1.54,1.6,1.63,1.71,1.79,2.26
2019-11-20,1.54,1.56,1.58,1.66,1.73,2.2
2019-11-21,1.55,1.6,1.62,1.71,1.77,2.24
2019-11-22,1.55,1.61,1.62,1.71,1.77,2.22
2019-11-25,1.58,1.61,1.62,1.71,1.76,2.21
2019-11-26,1.57,1.58,1.58,1.68,1.74,2.18
2019-11-27,1.59,1.63,1.63,1.71,1.77,2.19
2019-11-29,1.56,1.61,1.62,1.73,1.78,2.21
2019-12-02,1.57,1.61,1.65,1.77,1.83,2.28
2019-12-03,1.54,1.53,1.54,1.65,1.72,2.17
2019-12-04,1.52,1.58,1.6,1.71,1.77,2.22
2019-12-05,1.51,1.58,1.62,1.73,1.8,2.24
2019-12-06,1.5,1.61,1.67,1.78,1.84,2.29
2019-12-09,1.51,1.63,1.67,1.77,1.83,2.27
2019-12-10,1.53,1.65,1.68,1.78,1.85,2.26
2019-12-11,1.54,1.61,1.64,1.74,1.79,2.23
2019-12-12,1.53,1.66,1.73,1.84,1.9,2.32
2019-12-13,1.54,1.61,1.66,1.76,1.82,2.26
2019-12-16,1.54,1.65,1.72,1.82,1.89,2.3
2019-12-17,1.53,1.63,1.71,1.82,1.89,2.31
2019-12-18,1.53,1.63,1.74,1.86,1.92,2.35
2019-12-19,1.54,1.62,1.73,1.84,1.92,2.35
2019-12-20,1.55,1.63,1.73,1.84,1.92,2.34
2019-12-23,1.56,1.64,1.75,1.86,1.93,2.35
2019-12-24,1.55,1.62,1.72,1.83,1.9,2.33
2019-12-26,1.55,1.64,1.72,1.85,1.9,2.33
2019-12-27,1.54,1.59,1.68,1.8,1.88,2.32
2019-12-30,1.54,1.58,1.68,1.81,1.9,2.34
2019-12-31,1.52,1.58,1.69,1.83,1.92,2.39
2020-01-02,1.51,1.58,1.67,1.79,1.88,2.33
2020-01-03,1.49,1.53,1.59,1.71,1.8,2.26
2020-01-06,1.53,1.54,1.61,1.72,1.81,2.28
2020-01-07,1.51,1.54,1.62,1.74,1.83,2.31
2020-01-08,1.51,1.58,1.67,1.78,1.87,2.35
2020-01-09,1.51,1.58,1.65,1.77,1.85,2.38
2020-01-10,1.51,1.56,1.63,1.74,1.83,2.28
2020-01-13,1.54,1.58,1.65,1.76,1.85,2.3
2020-01-14,1.54,1.58,1.63,1.74,1.82,2.27
2020-01-15,1.54,1.56,1.6,1.71,1.79,2.23
2020-01-16,1.52,1.58,1.63,1.73,1.81,2.26
2020-01-17,1.53,1.58,1.63,1.74,1.84,2.29
2020-01-21,1.53,1.53,1.57,1.69,1.78,2.23
2020-01-22,1.52,1.53,1.57,1.68,1.77,2.22
2020-01-23,1.52,1.51,1.55,1.65,1.74,2.18
2020-01-24,1.51,1.49,1.51,1.61,1.7,2.14
2020-01-27,1.52,1.44,1.44,1.52,1.61,2.05
2020-01-28,1.54,1.45,1.47,1.56,1.65,2.1
2020-01-29,1.53,1.42,1.41,1.51,1.6,2.05
2020-01-30,1.54,1.41,1.39,1.49,1.57,2.04
2020-01-31,1.52,1.33,1.32,1.42,1.51,1.99
2020-02-03,1.54,1.36,1.35,1.45,1.54,2.01
2020-02-04,1.54,1.41,1.42,1.52,1.61,2.08
2020-02-05,1.54,1.44,1.46,1.57,1.66,2.14
2020-02-06,1.54,1.44,1.45,1.56,1.65,2.11
2020-02-07,1.53,1.41,1.41,1.51,1.59,2.05
2020-02-10,1.55,1.37,1.38,1.47,1.56,2.03
2020-02-11,1.54,1.41,1.4,1.5,1.59,2.05
2020-02-12,1.55,1.44,1.45,1.55,1.62,2.09
2020-02-13,1.56,1.44,1.43,1.53,1.61,2.07
2020-02-14,1.55,1.42,1.42,1.51,1.59,2.04
2020-02-18,1.55,1.41,1.39,1.48,1.55,2
2020-02-19,1.55,1.42,1.41,1.5,1.56,2.01
2020-02-20,1.55,1.39,1.37,1.45,1.52,1.97
2020-02-21,1.53,1.34,1.3,1.39,1.46,1.9
2020-02-24,1.5,1.26,1.21,1.3,1.38,1.84
2020-02-25,1.5,1.2,1.16,1.25,1.33,1.8
2020-02-26,1.5,1.16,1.14,1.25,1.33,1.81
2020-02-27,1.42,1.11,1.11,1.22,1.3,1.79
2020-02-28,1.25,0.86,0.89,1.03,1.13,1.65
2020-03-02,1.1,0.84,0.88,1.01,1.1,1.66
2020-03-03,0.93,0.71,0.77,0.91,1.02,1.64
2020-03-04,0.71,0.67,0.75,0.9,1.02,1.67
2020-03-05,0.61,0.59,0.67,0.81,0.92,1.56
2020-03-06,0.45,0.49,0.58,0.69,0.74,1.25
2020-03-09,0.32,0.38,0.46,0.56,0.54,0.99
2020-03-10,0.43,0.5,0.63,0.73,0.76,1.28
2020-03-11,0.41,0.5,0.66,0.78,0.82,1.3
2020-03-12,0.33,0.5,0.66,0.82,0.88,1.49
2020-03-13,0.27,0.49,0.7,0.89,0.94,1.56
2020-03-16,0.24,0.36,0.49,0.67,0.73,1.34
2020-03-17,0.19,0.47,0.66,0.91,1.02,1.63
2020-03-18,0.02,0.54,0.79,1.08,1.18,1.77
2020-03-19,0.04,0.44,0.66,1,1.12,1.78
2020-03-20,0.05,0.37,0.52,0.82,0.92,1.55
2020-03-23,0.02,0.28,0.38,0.63,0.76,1.33
2020-03-24,0.01,0.38,0.52,0.75,0.84,1.39
2020-03-25,-0.04,0.34,0.56,0.77,0.88,1.45
2020-03-26,-0.05,0.3,0.51,0.72,0.83,1.42
2020-03-27,0.03,0.25,0.41,0.6,0.72,1.29
2020-03-30,0.12,0.23,0.39,0.57,0.7,1.31
2020-03-31,0.11,0.23,0.37,0.55,0.7,1.35
2020-04-01,0.09,0.23,0.37,0.51,0.62,1.27
2020-04-02,0.09,0.23,0.39,0.53,0.63,1.26
2020-04-03,0.1,0.23,0.39,0.52,0.62,1.24
2020-04-06,0.15,0.27,0.44,0.58,0.67,1.27
2020-04-07,0.14,0.28,0.48,0.64,0.75,1.32
2020-04-08,0.22,0.27,0.47,0.65,0.77,1.37
2020-04-09,0.25,0.23,0.41,0.6,0.73,1.35
2020-04-13,0.26,0.25,0.44,0.63,0.76,1.39
2020-04-14,0.2,0.23,0.42,0.61,0.76,1.41
2020-04-15,0.14,0.2,0.34,0.49,0.63,1.27
2020-04-16,0.14,0.2,0.35,0.5,0.61,1.21
2020-04-17,0.12,0.2,0.36,0.53,0.65,1.27
2020-04-20,0.12,0.2,0.35,0.51,0.63,1.23
2020-04-21,0.11,0.2,0.34,0.48,0.58,1.17
2020-04-22,0.12,0.22,0.37,0.52,0.63,1.22
2020-04-23,0.11,0.22,0.37,0.51,0.61,1.18
2020-04-24,0.12,0.22,0.36,0.51,0.6,1.17
2020-04-27,0.12,0.24,0.41,0.56,0.67,1.25
2020-04-28,0.11,0.2,0.37,0.52,0.62,1.2
2020-04-29,0.1,0.2,0.36,0.52,0.63,1.24
2020-04-30,0.09,0.2,0.36,0.53,0.64,1.28
2020-05-01,0.12,0.2,0.36,0.53,0.64,1.27
2020-05-04,0.13,0.19,0.36,0.52,0.64,1.29
2020-05-05,0.13,0.19,0.36,0.53,0.66,1.32
2020-05-06,0.12,0.17,0.37,0.57,0.72,1.41
2020-05-07,0.11,0.13,0.29,0.49,0.63,1.31
2020-05-08,0.12,0.16,0.33,0.53,0.69,1.39
2020-05-11,0.12,0.17,0.36,0.56,0.73,1.43
2020-05-12,0.13,0.17,0.34,0.53,0.69,1.38
2020-05-13,0.13,0.16,0.31,0.5,0.64,1.35
2020-05-14,0.12,0.16,0.31,0.48,0.63,1.3
2020-05-15,0.12,0.16,0.31,0.49,0.64,1.32
2020-05-18,0.13,0.18,0.38,0.57,0.73,1.44
2020-05-19,0.13,0.17,0.35,0.54,0.7,1.43
2020-05-20,0.12,0.16,0.34,0.53,0.68,1.4
2020-05-21,0.12,0.17,0.35,0.53,0.68,1.4
2020-05-22,0.12,0.17,0.34,0.51,0.66,1.37
2020-05-26,0.14,0.18,0.35,0.53,0.69,1.43
2020-05-27,0.15,0.19,0.34,0.52,0.68,1.44
2020-05-28,0.15,0.17,0.34,0.54,0.7,1.47
2020-05-29,0.14,0.16,0.3,0.5,0.65,1.41
2020-06-01,0.14,0.14,0.31,0.5,0.66,1.46
2020-06-02,0.15,0.17,0.32,0.52,0.68,1.48
2020-06-03,0.16,0.19,0.38,0.59,0.77,1.56
2020-06-04,0.15,0.19,0.4,0.63,0.82,1.61
2020-06-05,0.15,0.22,0.47,0.71,0.91,1.68
2020-06-08,0.17,0.22,0.45,0.69,0.88,1.65
2020-06-09,0.19,0.2,0.4,0.65,0.84,1.59
2020-06-10,0.17,0.17,0.33,0.56,0.75,1.53
2020-06-11,0.17,0.19,0.32,0.51,0.66,1.41
2020-06-12,0.16,0.19,0.33,0.54,0.71,1.45
2020-06-15,0.18,0.19,0.33,0.54,0.71,1.45
2020-06-16,0.17,0.21,0.34,0.56,0.75,1.54
2020-06-17,0.17,0.19,0.34,0.55,0.74,1.52
2020-06-18,0.16,0.19,0.34,0.54,0.71,1.47
2020-06-19,0.15,0.19,0.33,0.53,0.7,1.47
2020-06-22,0.16,0.19,0.34,0.54,0.71,1.46
2020-06-23,0.16,0.18,0.33,0.54,0.72,1.49
2020-06-24,0.15,0.19,0.33,0.52,0.69,1.44
2020-06-25,0.16,0.17,0.32,0.53,0.68,1.43
2020-06-26,0.14,0.17,0.3,0.49,0.64,1.37
2020-06-29,0.14,0.16,0.28,0.47,0.64,1.39
2020-06-30,0.16,0.16,0.29,0.49,0.66,1.41
2020-07-01,0.14,0.17,0.31,0.52,0.69,1.43
2020-07-02,0.14,0.16,0.29,0.5,0.68,1.43
2020-07-06,0.15,0.16,0.31,0.51,0.69,1.45
2020-07-07,0.15,0.16,0.29,0.48,0.65,1.38
2020-07-08,0.15,0.16,0.3,0.49,0.67,1.39
2020-07-09,0.13,0.16,0.28,0.46,0.62,1.32
2020-07-10,0.13,0.16,0.3,0.49,0.65,1.33
2020-07-13,0.14,0.16,0.3,0.48,0.64,1.33
2020-07-14,0.15,0.14,0.28,0.47,0.63,1.3
2020-07-15,0.16,0.16,0.28,0.47,0.64,1.33
2020-07-16,0.11,0.16,0.28,0.46,0.62,1.31
2020-07-17,0.11,0.14,0.29,0.47,0.64,1.33
2020-07-20,0.13,0.16,0.29,0.47,0.62,1.32
2020-07-21,0.13,0.14,0.27,0.45,0.61,1.31
2020-07-22,0.13,0.14,0.27,0.45,0.6,1.29
2020-07-23,0.12,0.16,0.27,0.44,0.59,1.24
2020-07-24,0.11,0.14,0.27,0.44,0.59,1.23
2020-07-27,0.11,0.15,0.3,0.46,0.62,1.25
2020-07-28,0.11,0.14,0.26,0.44,0.59,1.22
2020-07-29,0.11,0.12,0.25,0.43,0.58,1.24
2020-07-30,0.09,0.11,0.23,0.4,0.55,1.2
2020-07-31,0.09,0.11,0.21,0.39,0.55,1.2
2020-08-03,0.1,0.11,0.22,0.4,0.56,1.23
2020-08-04,0.09,0.11,0.19,0.36,0.52,1.19
2020-08-05,0.1,0.11,0.22,0.39,0.55,1.22
2020-08-06,0.1,0.11,0.21,0.39,0.55,1.2
2020-08-07,0.1,0.13,0.23,0.41,0.57,1.23
2020-08-10,0.11,0.14,0.24,0.42,0.59,1.25
2020-08-11,0.11,0.16,0.27,0.46,0.64,1.32
2020-08-12,0.11,0.16,0.3,0.5,0.69,1.37
2020-08-13,0.1,0.16,0.32,0.52,0.71,1.42
2020-08-14,0.1,0.14,0.29,0.51,0.71,1.45
2020-08-17,0.1,0.14,0.29,0.49,0.69,1.43
2020-08-18,0.09,0.14,0.27,0.47,0.67,1.4
2020-08-19,0.11,0.14,0.29,0.48,0.68,1.42
2020-08-20,0.11,0.13,0.26,0.46,0.65,1.38
2020-08-21,0.1,0.16,0.27,0.46,0.64,1.35
2020-08-24,0.12,0.14,0.28,0.47,0.65,1.35
2020-08-25,0.11,0.15,0.3,0.49,0.69,1.39
2020-08-26,0.11,0.16,0.28,0.5,0.69,1.41
2020-08-27,0.11,0.16,0.31,0.53,0.74,1.5
2020-08-28,0.1,0.14,0.28,0.51,0.74,1.52
2020-08-31,0.11,0.14,0.28,0.5,0.72,1.49
2020-09-01,0.12,0.13,0.26,0.46,0.68,1.43
2020-09-02,0.12,0.14,0.26,0.45,0.66,1.38
2020-09-03,0.11,0.13,0.24,0.43,0.63,1.34
2020-09-04,0.11,0.14,0.3,0.5,0.72,1.46
2020-09-08,0.13,0.14,0.28,0.47,0.69,1.43
2020-09-09,0.12,0.14,0.28,0.48,0.71,1.45
2020-09-10,0.12,0.14,0.26,0.46,0.68,1.43
2020-09-11,0.11,0.13,0.26,0.45,0.67,1.42
2020-09-14,0.11,0.14,0.27,0.46,0.68,1.42
2020-09-15,0.11,0.14,0.27,0.46,0.68,1.43
2020-09-16,0.12,0.14,0.28,0.47,0.69,1.45
2020-09-17,0.09,0.13,0.28,0.47,0.69,1.43
2020-09-18,0.1,0.14,0.29,0.48,0.7,1.45
2020-09-21,0.1,0.14,0.27,0.46,0.68,1.43
2020-09-22,0.1,0.13,0.27,0.46,0.68,1.42
2020-09-23,0.11,0.14,0.28,0.46,0.68,1.42
2020-09-24,0.1,0.14,0.27,0.46,0.67,1.4
2020-09-25,0.1,0.12,0.26,0.45,0.66,1.4
2020-09-28,0.11,0.14,0.26,0.46,0.67,1.42
2020-09-29,0.09,0.11,0.24,0.44,0.66,1.41
2020-09-30,0.1,0.13,0.28,0.47,0.69,1.46
2020-10-01,0.09,0.14,0.27,0.46,0.68,1.45
2020-10-02,0.09,0.13,0.28,0.48,0.7,1.48
2020-10-05,0.1,0.14,0.33,0.55,0.78,1.57
2020-10-06,0.1,0.14,0.32,0.53,0.76,1.56
2020-10-07,0.1,0.16,0.35,0.56,0.81,1.6
2020-10-08,0.09,0.13,0.33,0.54,0.78,1.57
2020-10-09,0.1,0.16,0.34,0.55,0.79,1.58
2020-10-13,0.11,0.16,0.31,0.52,0.74,1.52
2020-10-14,0.12,0.14,0.3,0.51,0.73,1.5
2020-10-15,0.11,0.14,0.32,0.52,0.74,1.52
2020-10-16,0.11,0.14,0.32,0.53,0.76,1.52
2020-10-19,0.11,0.16,0.34,0.54,0.78,1.55
2020-10-20,0.1,0.14,0.34,0.57,0.81,1.6
2020-10-21,0.1,0.14,0.36,0.58,0.83,1.62
2020-10-22,0.09,0.16,0.38,0.62,0.87,1.67
2020-10-23,0.1,0.18,0.37,0.61,0.85,1.64
2020-10-26,0.11,0.16,0.35,0.58,0.81,1.59
2020-10-27,0.1,0.16,0.34,0.56,0.79,1.57
2020-10-28,0.1,0.16,0.34,0.56,0.79,1.56
2020-10-29,0.09,0.16,0.38,0.61,0.85,1.62
2020-10-30,0.09,0.14,0.38,0.64,0.88,1.65
2020-11-02,0.09,0.16,0.38,0.63,0.87,1.63
2020-11-03,0.1,0.17,0.39,0.65,0.9,1.66
2020-11-04,0.1,0.14,0.33,0.55,0.78,1.55
2020-11-05,0.1,0.14,0.33,0.56,0.79,1.54
2020-11-06,0.1,0.16,0.36,0.59,0.83,1.6
2020-11-09,0.11,0.17,0.44,0.7,0.96,1.73
2020-11-10,0.1,0.19,0.46,0.72,0.98,1.75
2020-11-12,0.1,0.17,0.4,0.64,0.88,1.64
2020-11-13,0.09,0.17,0.41,0.65,0.89,1.65
2020-11-16,0.09,0.19,0.41,0.66,0.91,1.66
2020-11-17,0.09,0.18,0.39,0.63,0.87,1.62
2020-11-18,0.09,0.16,0.4,0.64,0.88,1.62
2020-11-19,0.07,0.18,0.39,0.63,0.86,1.58
2020-11-20,0.07,0.16,0.38,0.62,0.83,1.53
2020-11-23,0.08,0.16,0.39,0.64,0.86,1.56
2020-11-24,0.09,0.16,0.39,0.65,0.88,1.6
2020-11-25,0.09,0.17,0.39,0.65,0.88,1.62
2020-11-27,0.09,0.16,0.37,0.61,0.84,1.57
2020-11-30,0.08,0.16,0.36,0.62,0.84,1.58
2020-12-01,0.09,0.17,0.42,0.68,0.92,1.66
2020-12-02,0.09,0.16,0.42,0.69,0.95,1.7
2020-12-03,0.08,0.16,0.4,0.67,0.92,1.67
2020-12-04,0.09,0.16,0.42,0.7,0.97,1.73
2020-12-07,0.08,0.14,0.4,0.67,0.94,1.69
2020-12-08,0.09,0.14,0.39,0.65,0.92,1.67
2020-12-09,0.08,0.16,0.41,0.68,0.95,1.69
2020-12-10,0.08,0.14,0.39,0.65,0.92,1.65
2020-12-11,0.08,0.11,0.37,0.63,0.9,1.63
2020-12-14,0.09,0.13,0.37,0.63,0.9,1.63
2020-12-15,0.08,0.11,0.37,0.64,0.92,1.65
2020-12-16,0.09,0.13,0.37,0.64,0.92,1.66
2020-12-17,0.08,0.13,0.38,0.66,0.94,1.68
2020-12-18,0.08,0.13,0.39,0.67,0.95,1.7
2020-12-21,0.09,0.13,0.39,0.66,0.95,1.68
2020-12-22,0.09,0.13,0.37,0.64,0.93,1.65
2020-12-23,0.09,0.13,0.38,0.67,0.96,1.7
2020-12-24,0.09,0.13,0.37,0.66,0.94,1.66
2020-12-28,0.11,0.13,0.38,0.65,0.94,1.67
2020-12-29,0.1,0.12,0.37,0.66,0.94,1.67
2020-12-30,0.08,0.12,0.37,0.66,0.93,1.66
2020-12-31,0.09,0.13,0.36,0.65,0.93,1.65
2021-01-04,0.09,0.11,0.36,0.64,0.93,1.66
2021-01-05,0.09,0.13,0.38,0.66,0.96,1.7
2021-01-06,0.09,0.14,0.43,0.74,1.04,1.81
2021-01-07,0.09,0.14,0.46,0.78,1.08,1.85
2021-01-08,0.08,0.14,0.49,0.81,1.13,1.87
2021-01-11,0.08,0.14,0.5,0.84,1.15,1.88
2021-01-12,0.09,0.14,0.5,0.83,1.15,1.88
2021-01-13,0.09,0.14,0.48,0.8,1.1,1.82
2021-01-14,0.09,0.16,0.49,0.82,1.15,1.88
2021-01-15,0.09,0.13,0.46,0.78,1.11,1.85
2021-01-19,0.09,0.14,0.45,0.78,1.1,1.84
2021-01-20,0.08,0.13,0.45,0.78,1.1,1.84
2021-01-21,0.09,0.13,0.45,0.79,1.12,1.87
2021-01-22,0.08,0.13,0.44,0.77,1.1,1.85
2021-01-25,0.09,0.13,0.42,0.73,1.05,1.8
2021-01-26,0.07,0.11,0.42,0.74,1.05,1.8
2021-01-27,0.08,0.12,0.41,0.72,1.04,1.79
2021-01-28,0.07,0.12,0.42,0.75,1.07,1.81
2021-01-29,0.06,0.11,0.45,0.79,1.11,1.87
2021-02-01,0.07,0.11,0.42,0.76,1.09,1.84
2021-02-02,0.07,0.11,0.45,0.79,1.12,1.87
2021-02-03,0.04,0.11,0.46,0.81,1.15,1.92
2021-02-04,0.04,0.11,0.46,0.81,1.15,1.93
2021-02-05,0.03,0.09,0.47,0.83,1.19,1.97
2021-02-08,0.05,0.11,0.48,0.83,1.19,1.96
2021-02-09,0.04,0.11,0.48,0.83,1.18,1.95
2021-02-10,0.05,0.11,0.46,0.8,1.15,1.92
2021-02-11,0.05,0.11,0.46,0.81,1.16,1.94
2021-02-12,0.04,0.11,0.5,0.85,1.2,2.01
2021-02-16,0.04,0.13,0.57,0.94,1.3,2.08
2021-02-17,0.04,0.11,0.57,0.94,1.29,2.06
2021-02-18,0.03,0.11,0.56,0.94,1.29,2.08
2021-02-19,0.04,0.11,0.59,0.98,1.34,2.14
2021-02-22,0.03,0.11,0.61,1,1.37,2.19
2021-02-23,0.04,0.11,0.59,1,1.37,2.21
2021-02-24,0.03,0.12,0.62,1.02,1.38,2.24
2021-02-25,0.04,0.17,0.81,1.23,1.54,2.33
2021-02-26,0.04,0.14,0.75,1.15,1.44,2.17
2021-03-01,0.05,0.13,0.71,1.12,1.45,2.23
2021-03-02,0.04,0.13,0.67,1.08,1.42,2.21
2021-03-03,0.05,0.14,0.73,1.14,1.47,2.25
2021-03-04,0.04,0.14,0.77,1.21,1.54,2.3
2021-03-05,0.04,0.14,0.79,1.23,1.56,2.28
2021-03-08,0.05,0.17,0.86,1.28,1.59,2.31
2021-03-09,0.05,0.17,0.83,1.23,1.55,2.26
2021-03-10,0.04,0.16,0.8,1.2,1.53,2.24
2021-03-11,0.04,0.14,0.78,1.2,1.54,2.29
2021-03-12,0.04,0.14,0.85,1.3,1.64,2.4
2021-03-15,0.04,0.14,0.84,1.28,1.62,2.37
2021-03-16,0.02,0.15,0.83,1.28,1.62,2.38
2021-03-17,0.02,0.13,0.8,1.27,1.63,2.42
2021-03-18,0.01,0.16,0.86,1.35,1.71,2.45
2021-03-19,0.01,0.16,0.9,1.38,1.74,2.45
2021-03-22,0.03,0.15,0.87,1.34,1.69,2.38
2021-03-23,0.01,0.15,0.83,1.29,1.63,2.34
2021-03-24,0.02,0.14,0.83,1.27,1.62,2.31
2021-03-25,0.02,0.14,0.82,1.29,1.63,2.34
2021-03-26,0.02,0.14,0.85,1.32,1.67,2.37
2021-03-29,0.03,0.14,0.89,1.37,1.73,2.43
2021-03-30,0.02,0.16,0.9,1.39,1.73,2.38
2021-03-31,0.03,0.16,0.92,1.4,1.74,2.41
2021-04-01,0.02,0.17,0.9,1.37,1.69,2.34
2021-04-02,0.02,0.19,0.97,1.42,1.72,2.35
2021-04-05,0.03,0.17,0.94,1.4,1.73,2.36
2021-04-06,0.02,0.16,0.88,1.34,1.67,2.32
2021-04-07,0.02,0.16,0.87,1.34,1.68,2.35
2021-04-08,0.01,0.14,0.85,1.3,1.64,2.32
2021-04-09,0.02,0.16,0.87,1.33,1.67,2.34
2021-04-12,0.02,0.18,0.89,1.35,1.69,2.34
2021-04-13,0.03,0.16,0.85,1.29,1.64,2.32
2021-04-14,0.02,0.16,0.87,1.31,1.64,2.32
2021-04-15,0.02,0.16,0.81,1.24,1.56,2.23
2021-04-16,0.02,0.16,0.84,1.26,1.59,2.26
2021-04-19,0.02,0.16,0.85,1.28,1.61,2.29
2021-04-20,0.03,0.15,0.81,1.25,1.58,2.27
2021-04-21,0.03,0.15,0.81,1.24,1.57,2.26
2021-04-22,0.03,0.16,0.81,1.24,1.57,2.24
2021-04-23,0.03,0.16,0.83,1.26,1.58,2.25
2021-04-26,0.03,0.18,0.85,1.27,1.58,2.24
2021-04-27,0.01,0.17,0.88,1.32,1.63,2.29
2021-04-28,0.01,0.17,0.86,1.31,1.63,2.29
2021-04-29,0.01,0.16,0.86,1.32,1.65,2.31
2021-04-30,0.01,0.16,0.86,1.32,1.65,2.3
2021-05-03,0.04,0.16,0.84,1.29,1.63,2.3
2021-05-04,0.02,0.16,0.82,1.28,1.61,2.27
2021-05-05,0.02,0.16,0.8,1.25,1.59,2.25
2021-05-06,0.02,0.16,0.81,1.25,1.58,2.24
2021-05-07,0.02,0.14,0.77,1.24,1.6,2.28
2021-05-10,0.02,0.16,0.8,1.27,1.63,2.32
2021-05-11,0.01,0.16,0.8,1.28,1.64,2.35
2021-05-12,0.02,0.16,0.87,1.34,1.69,2.4
2021-05-13,0.02,0.16,0.84,1.31,1.66,2.39
2021-05-14,0.01,0.16,0.82,1.29,1.63,2.35
2021-05-17,0.02,0.16,0.84,1.3,1.64,2.36
2021-05-18,0.02,0.16,0.83,1.29,1.64,2.37
2021-05-19,0.01,0.16,0.87,1.34,1.68,2.38
2021-05-20,0.01,0.15,0.83,1.29,1.63,2.34
2021-05-21,0.01,0.17,0.84,1.29,1.63,2.33
2021-05-24,0.02,0.15,0.82,1.28,1.61,2.31
2021-05-25,0.02,0.15,0.79,1.23,1.56,2.26
2021-05-26,0.02,0.14,0.8,1.24,1.58,2.27
2021-05-27,0.02,0.14,0.81,1.28,1.61,2.29
2021-05-28,0.01,0.14,0.79,1.24,1.58,2.26
2021-06-01,0.02,0.16,0.81,1.28,1.62,2.3
2021-06-02,0.02,0.13,0.8,1.26,1.59,2.28
2021-06-03,0.02,0.16,0.84,1.3,1.63,2.3
2021-06-04,0.02,0.14,0.78,1.23,1.56,2.24
2021-06-07,0.02,0.16,0.79,1.24,1.57,2.25
2021-06-08,0.02,0.14,0.77,1.2,1.53,2.21
2021-06-09,0.03,0.16,0.75,1.17,1.5,2.17
2021-06-10,0.03,0.14,0.73,1.14,1.45,2.15
2021-06-11,0.03,0.16,0.76,1.16,1.47,2.15
2021-06-14,0.03,0.16,0.8,1.2,1.51,2.19
2021-06-15,0.03,0.16,0.79,1.21,1.51,2.2
2021-06-16,0.04,0.21,0.89,1.29,1.57,2.2
2021-06-17,0.04,0.23,0.9,1.27,1.52,2.11
2021-06-18,0.05,0.26,0.89,1.22,1.45,2.01
2021-06-21,0.05,0.27,0.9,1.25,1.5,2.11
2021-06-22,0.04,0.25,0.87,1.23,1.48,2.1
2021-06-23,0.05,0.26,0.9,1.25,1.5,2.11
2021-06-24,0.05,0.26,0.9,1.26,1.49,2.1
2021-06-25,0.06,0.28,0.92,1.29,1.54,2.16
2021-06-28,0.05,0.25,0.9,1.25,1.49,2.1
2021-06-29,0.04,0.27,0.89,1.24,1.49,2.1
2021-06-30,0.05,0.25,0.87,1.21,1.45,2.06
2021-07-01,0.05,0.25,0.89,1.24,1.48,2.07
2021-07-02,0.05,0.24,0.86,1.19,1.44,2.05
2021-07-06,0.05,0.22,0.81,1.13,1.37,2
2021-07-07,0.05,0.22,0.79,1.09,1.33,1.94
2021-07-08,0.06,0.19,0.74,1.06,1.3,1.91
2021-07-09,0.06,0.23,0.79,1.12,1.37,1.99
2021-07-12,0.05,0.23,0.81,1.13,1.38,2
2021-07-13,0.05,0.26,0.85,1.16,1.42,2.04
2021-07-14,0.06,0.23,0.8,1.11,1.37,1.98
2021-07-15,0.05,0.23,0.78,1.07,1.31,1.92
2021-07-16,0.05,0.25,0.79,1.08,1.31,1.93
2021-07-19,0.05,0.21,0.7,0.97,1.19,1.81
2021-07-20,0.05,0.2,0.69,0.98,1.23,1.88
2021-07-21,0.05,0.22,0.74,1.05,1.3,1.94
2021-07-22,0.05,0.2,0.71,1.02,1.27,1.9
2021-07-23,0.05,0.22,0.72,1.04,1.3,1.92
2021-07-26,0.05,0.22,0.73,1.04,1.29,1.93
2021-07-27,0.05,0.2,0.71,1.01,1.25,1.89
2021-07-28,0.05,0.2,0.72,1.01,1.26,1.9
2021-07-29,0.06,0.2,0.73,1.04,1.28,1.91
2021-07-30,0.06,0.19,0.69,1,1.24,1.89
2021-08-02,0.05,0.17,0.66,0.96,1.2,1.86
2021-08-03,0.05,0.17,0.65,0.95,1.19,1.85
2021-08-04,0.05,0.17,0.67,0.96,1.19,1.83
2021-08-05,0.05,0.21,0.72,1.01,1.23,1.86
2021-08-06,0.06,0.21,0.77,1.07,1.31,1.94
2021-08-09,0.06,0.23,0.79,1.09,1.33,1.96
2021-08-10,0.05,0.24,0.82,1.12,1.36,1.99
2021-08-11,0.05,0.23,0.81,1.11,1.35,1.99
2021-08-12,0.06,0.23,0.83,1.13,1.36,2.03
2021-08-13,0.06,0.23,0.79,1.08,1.29,1.94
2021-08-16,0.06,0.21,0.75,1.04,1.26,1.92
2021-08-17,0.07,0.23,0.77,1.05,1.26,1.92
2021-08-18,0.07,0.23,0.79,1.06,1.27,1.91
2021-08-19,0.06,0.22,0.78,1.04,1.24,1.88
2021-08-20,0.05,0.23,0.8,1.06,1.26,1.87
2021-08-23,0.05,0.23,0.78,1.05,1.25,1.87
2021-08-24,0.05,0.24,0.8,1.08,1.29,1.91
2021-08-25,0.06,0.23,0.84,1.13,1.35,1.96
2021-08-26,0.05,0.25,0.84,1.13,1.34,1.94
2021-08-27,0.05,0.22,0.79,1.09,1.31,1.91
2021-08-30,0.05,0.2,0.77,1.07,1.29,1.9
2021-08-31,0.04,0.2,0.77,1.08,1.3,1.92
2021-09-01,0.05,0.2,0.78,1.08,1.31,1.92
2021-09-02,0.05,0.2,0.78,1.07,1.29,1.9
2021-09-03,0.05,0.21,0.78,1.09,1.33,1.94
2021-09-07,0.05,0.22,0.82,1.14,1.38,1.99
2021-09-08,0.05,0.22,0.81,1.11,1.35,1.95
2021-09-09,0.04,0.23,0.79,1.08,1.3,1.9
2021-09-10,0.05,0.23,0.82,1.12,1.35,1.94
2021-09-13,0.06,0.21,0.81,1.11,1.33,1.91
2021-09-14,0.04,0.21,0.79,1.07,1.28,1.85
2021-09-15,0.04,0.21,0.81,1.1,1.31,1.87
2021-09-16,0.04,0.23,0.84,1.13,1.34,1.88
2021-09-17,0.04,0.23,0.88,1.17,1.37,1.91
2021-09-20,0.04,0.23,0.83,1.12,1.31,1.85
2021-09-21,0.03,0.22,0.84,1.13,1.33,1.86
2021-09-22,0.03,0.25,0.86,1.13,1.32,1.84
2021-09-23,0.03,0.27,0.94,1.22,1.41,1.92
2021-09-24,0.03,0.29,0.97,1.27,1.47,1.99
2021-09-27,0.04,0.31,0.98,1.3,1.48,1.99
2021-09-28,0.04,0.31,1.02,1.34,1.54,2.07
2021-09-29,0.04,0.3,1.01,1.34,1.55,2.09
2021-09-30,0.04,0.28,0.98,1.32,1.52,2.08
2021-10-01,0.04,0.27,0.93,1.26,1.48,2.04
2021-10-04,0.04,0.27,0.95,1.27,1.49,2.05
2021-10-05,0.04,0.28,0.98,1.32,1.54,2.1
2021-10-06,0.04,0.3,0.99,1.32,1.53,2.08
2021-10-07,0.05,0.32,1.02,1.36,1.58,2.13
2021-10-08,0.05,0.32,1.05,1.39,1.61,2.16
2021-10-12,0.06,0.35,1.08,1.39,1.59,2.1
2021-10-13,0.05,0.37,1.09,1.38,1.56,2.05
2021-10-14,0.05,0.36,1.05,1.34,1.52,2.02
2021-10-15,0.05,0.41,1.13,1.42,1.59,2.05
2021-10-18,0.06,0.44,1.16,1.43,1.59,2.01
2021-10-19,0.05,0.41,1.17,1.47,1.65,2.09
2021-10-20,0.05,0.4,1.16,1.46,1.65,2.12
2021-10-21,0.06,0.45,1.23,1.52,1.68,2.13
2021-10-22,0.06,0.48,1.22,1.49,1.66,2.08
2021-10-25,0.06,0.47,1.19,1.47,1.64,2.09
2021-10-26,0.06,0.47,1.2,1.46,1.63,2.05
2021-10-27,0.06,0.5,1.16,1.41,1.54,1.95
2021-10-28,0.06,0.5,1.18,1.44,1.57,1.96
2021-10-29,0.05,0.48,1.18,1.44,1.55,1.93
2021-11-01,0.05,0.5,1.2,1.46,1.58,1.98
2021-11-02,0.05,0.46,1.15,1.42,1.56,1.96
2021-11-03,0.05,0.47,1.19,1.46,1.6,2
2021-11-04,0.04,0.41,1.1,1.37,1.53,1.96
2021-11-05,0.05,0.39,1.04,1.3,1.45,1.87
2021-11-08,0.06,0.45,1.13,1.38,1.51,1.89
2021-11-09,0.04,0.41,1.08,1.32,1.46,1.83
2021-11-10,0.05,0.51,1.23,1.45,1.56,1.92
2021-11-12,0.05,0.53,1.24,1.47,1.58,1.95
2021-11-15,0.05,0.53,1.26,1.51,1.63,2.01
2021-11-16,0.05,0.54,1.27,1.52,1.63,2.02
2021-11-17,0.05,0.52,1.24,1.49,1.6,2
2021-11-18,0.05,0.52,1.22,1.47,1.59,1.97
2021-11-19,0.05,0.52,1.22,1.45,1.54,1.91
2021-11-22,0.05,0.63,1.33,1.55,1.63,1.98
2021-11-23,0.06,0.6,1.33,1.58,1.67,2.02
2021-11-24,0.06,0.64,1.34,1.58,1.64,1.96
2021-11-26,0.06,0.5,1.16,1.4,1.48,1.83
2021-11-29,0.06,0.51,1.18,1.42,1.52,1.87
2021-11-30,0.05,0.52,1.14,1.36,1.43,1.78
2021-12-01,0.06,0.56,1.15,1.35,1.43,1.77
2021-12-02,0.05,0.63,1.21,1.38,1.44,1.76
2021-12-03,0.06,0.6,1.13,1.29,1.35,1.69
2021-12-06,0.06,0.65,1.21,1.38,1.43,1.75
2021-12-07,0.06,0.7,1.26,1.43,1.48,1.8
2021-12-08,0.07,0.68,1.27,1.44,1.52,1.87
2021-12-09,0.06,0.7,1.26,1.42,1.49,1.87
2021-12-10,0.06,0.67,1.25,1.42,1.48,1.88
2021-12-13,0.05,0.66,1.21,1.37,1.42,1.81
2021-12-14,0.05,0.67,1.23,1.39,1.44,1.82
2021-12-15,0.06,0.69,1.26,1.42,1.47,1.86
2021-12-16,0.05,0.64,1.19,1.36,1.44,1.87
2021-12-17,0.05,0.66,1.18,1.34,1.41,1.82
2021-12-20,0.07,0.65,1.17,1.34,1.43,1.85
2021-12-21,0.07,0.7,1.24,1.4,1.48,1.89
2021-12-22,0.08,0.68,1.23,1.39,1.46,1.86
2021-12-23,0.08,0.71,1.25,1.42,1.5,1.91
2021-12-27,0.06,0.76,1.26,1.41,1.48,1.88
2021-12-28,0.06,0.74,1.27,1.41,1.49,1.9
2021-12-29,0.05,0.75,1.29,1.47,1.55,1.96
2021-12-30,0.05,0.73,1.27,1.44,1.52,1.93
2021-12-31,0.06,0.73,1.26,1.44,1.52,1.9
2022-01-03,0.09,0.78,1.37,1.55,1.63,2.01
2022-01-04,0.08,0.77,1.37,1.57,1.66,2.07
2022-01-05,0.09,0.83,1.43,1.62,1.71,2.09
2022-01-06,0.1,0.88,1.47,1.66,1.73,2.09
2022-01-07,0.1,0.87,1.5,1.69,1.76,2.11
2022-01-10,0.13,0.92,1.53,1.71,1.78,2.11
2022-01-11,0.12,0.9,1.51,1.69,1.75,2.08
2022-01-12,0.12,0.92,1.5,1.67,1.74,2.08
2022-01-13,0.12,0.91,1.47,1.64,1.7,2.05
2022-01-14,0.13,0.99,1.55,1.72,1.78,2.12
2022-01-18,0.17,1.06,1.65,1.82,1.87,2.18
2022-01-19,0.17,1.04,1.62,1.78,1.83,2.14
2022-01-20,0.18,1.08,1.62,1.77,1.83,2.14
2022-01-21,0.17,1.01,1.54,1.7,1.75,2.07
2022-01-24,0.2,0.99,1.53,1.69,1.75,2.1
2022-01-25,0.2,1.02,1.56,1.73,1.78,2.12
2022-01-26,0.19,1.13,1.66,1.81,1.85,2.16
2022-01-27,0.2,1.18,1.66,1.78,1.81,2.09
2022-01-28,0.19,1.15,1.61,1.74,1.78,2.07
2022-01-31,0.24,1.18,1.62,1.75,1.79,2.11
2022-02-01,0.2,1.18,1.63,1.76,1.81,2.12
2022-02-02,0.2,1.16,1.6,1.74,1.78,2.11
2022-02-03,0.21,1.19,1.66,1.78,1.82,2.14
2022-02-04,0.23,1.31,1.78,1.9,1.93,2.23
2022-02-07,0.28,1.3,1.76,1.88,1.92,2.22
2022-02-08,0.27,1.35,1.81,1.93,1.96,2.25
2022-02-09,0.27,1.36,1.82,1.92,1.94,2.25
2022-02-10,0.41,1.61,1.96,2.03,2.03,2.3
2022-02-11,0.37,1.5,1.84,1.92,1.92,2.24
2022-02-14,0.45,1.58,1.9,1.98,1.98,2.29
2022-02-15,0.41,1.58,1.94,2.03,2.05,2.37
2022-02-16,0.39,1.52,1.9,2,2.03,2.34
2022-02-17,0.37,1.49,1.85,1.94,1.97,2.31
2022-02-18,0.35,1.47,1.82,1.9,1.92,2.24
2022-02-22,0.39,1.56,1.85,1.93,1.94,2.24
2022-02-23,0.36,1.58,1.89,1.98,1.99,2.29
2022-02-24,0.33,1.54,1.84,1.94,1.96,2.28
2022-02-25,0.33,1.55,1.86,1.96,1.97,2.29
2022-02-28,0.37,1.44,1.71,1.81,1.83,2.17
2022-03-01,0.32,1.31,1.56,1.67,1.72,2.11
2022-03-02,0.33,1.5,1.74,1.83,1.86,2.24
2022-03-03,0.37,1.53,1.74,1.82,1.86,2.24
2022-03-04,0.33,1.5,1.65,1.7,1.74,2.16
2022-03-07,0.38,1.55,1.71,1.77,1.78,2.19
2022-03-08,0.36,1.63,1.8,1.85,1.86,2.24
2022-03-09,0.38,1.68,1.87,1.92,1.94,2.29
2022-03-10,0.38,1.72,1.92,1.98,1.98,2.38
2022-03-11,0.39,1.75,1.96,2.01,2,2.36
2022-03-14,0.45,1.87,2.1,2.16,2.14,2.47
2022-03-15,0.46,1.85,2.1,2.16,2.15,2.49
2022-03-16,0.43,1.95,2.18,2.22,2.19,2.46
2022-03-17,0.4,1.94,2.17,2.22,2.2,2.5
2022-03-18,0.41,1.97,2.14,2.17,2.14,2.42
2022-03-21,0.55,2.14,2.33,2.36,2.32,2.55
2022-03-22,0.51,2.18,2.39,2.42,2.38,2.6
2022-03-23,0.5,2.13,2.34,2.37,2.32,2.52
2022-03-24,0.5,2.13,2.37,2.39,2.34,2.51
2022-03-25,0.53,2.3,2.55,2.56,2.48,2.6
2022-03-28,0.6,2.35,2.54,2.55,2.46,2.57
2022-03-29,0.56,2.35,2.49,2.5,2.41,2.53
2022-03-30,0.55,2.31,2.44,2.43,2.35,2.48
2022-03-31,0.51,2.28,2.42,2.4,2.32,2.44
2022-04-01,0.52,2.44,2.55,2.5,2.39,2.44
2022-04-04,0.67,2.43,2.56,2.52,2.42,2.48
2022-04-05,0.65,2.51,2.69,2.65,2.54,2.57
2022-04-06,0.67,2.5,2.7,2.69,2.61,2.63
2022-04-07,0.68,2.47,2.7,2.73,2.66,2.69
2022-04-08,0.69,2.53,2.76,2.79,2.72,2.76
2022-04-11,0.78,2.5,2.79,2.84,2.79,2.84
2022-04-12,0.74,2.39,2.66,2.73,2.72,2.82
2022-04-13,0.75,2.37,2.66,2.71,2.7,2.81
2022-04-14,0.78,2.47,2.79,2.84,2.83,2.92
2022-04-18,0.82,2.46,2.79,2.85,2.85,2.95
2022-04-19,0.82,2.61,2.91,2.95,2.93,3.01
2022-04-20,0.82,2.6,2.87,2.88,2.85,2.9
2022-04-21,0.82,2.68,2.96,2.96,2.9,2.94
2022-04-22,0.82,2.72,2.94,2.95,2.9,2.95
2022-04-25,0.93,2.63,2.84,2.85,2.81,2.88
2022-04-26,0.84,2.54,2.79,2.8,2.77,2.86
2022-04-27,0.82,2.58,2.81,2.84,2.82,2.91
2022-04-28,0.81,2.63,2.86,2.88,2.85,2.92
2022-04-29,0.83,2.7,2.92,2.94,2.89,2.96
2022-05-02,0.9,2.73,3.01,3.04,2.99,3.07
2022-05-03,0.9,2.78,3.01,3.03,2.97,3.03
2022-05-04,0.88,2.66,2.93,2.97,2.93,3.01
2022-05-05,0.84,2.71,3.01,3.07,3.05,3.15
2022-05-06,0.84,2.72,3.06,3.13,3.12,3.23
2022-05-09,0.92,2.61,2.95,3.04,3.05,3.19
2022-05-10,0.89,2.62,2.91,2.99,2.99,3.12
2022-05-11,0.9,2.66,2.89,2.94,2.91,3.05
2022-05-12,0.95,2.56,2.81,2.86,2.84,3
2022-05-13,1.01,2.61,2.89,2.95,2.93,3.1
2022-05-16,1.07,2.58,2.83,2.89,2.88,3.09
2022-05-17,1.06,2.71,2.96,3,2.98,3.17
2022-05-18,1.02,2.68,2.89,2.91,2.89,3.07
2022-05-19,1.04,2.63,2.84,2.87,2.84,3.05
2022-05-20,1.01,2.6,2.8,2.82,2.78,2.99
2022-05-23,1.07,2.65,2.88,2.9,2.86,3.08
2022-05-24,1.05,2.5,2.76,2.8,2.76,2.98
2022-05-25,1.05,2.48,2.71,2.76,2.75,2.97
2022-05-26,1.06,2.46,2.7,2.75,2.75,2.99
2022-05-27,1.06,2.47,2.71,2.76,2.74,2.97
2022-05-31,1.13,2.53,2.81,2.87,2.85,3.07
2022-06-01,1.12,2.66,2.94,2.98,2.94,3.09
2022-06-02,1.13,2.65,2.92,2.95,2.92,3.09
2022-06-03,1.17,2.66,2.95,2.99,2.96,3.11
2022-06-06,1.23,2.73,3.03,3.07,3.04,3.19
2022-06-07,1.24,2.75,2.99,3.02,2.98,3.13
2022-06-08,1.25,2.78,3.03,3.06,3.03,3.18
2022-06-09,1.26,2.83,3.07,3.08,3.04,3.18
2022-06-10,1.34,3.06,3.25,3.24,3.15,3.2
2022-06-13,1.69,3.4,3.56,3.53,3.43,3.42
2022-06-14,1.78,3.45,3.61,3.6,3.49,3.45
2022-06-15,1.69,3.2,3.38,3.39,3.33,3.39
2022-06-16,1.54,3.14,3.35,3.36,3.28,3.35
2022-06-17,1.58,3.17,3.34,3.34,3.25,3.3
2022-06-21,1.66,3.21,3.38,3.39,3.31,3.39
2022-06-22,1.57,3.06,3.22,3.24,3.16,3.25
2022-06-23,1.59,3.01,3.14,3.16,3.09,3.21
2022-06-24,1.66,3.04,3.18,3.19,3.13,3.26
2022-06-27,1.75,3.08,3.24,3.27,3.2,3.31
2022-06-28,1.75,3.1,3.25,3.27,3.2,3.3
2022-06-29,1.73,3.06,3.15,3.17,3.1,3.22
2022-06-30,1.66,2.92,3.01,3.04,2.98,3.14
2022-07-01,1.66,2.84,2.88,2.92,2.88,3.11
2022-07-05,1.86,2.82,2.82,2.87,2.82,3.05
2022-07-06,1.85,2.97,2.96,2.99,2.93,3.14
2022-07-07,1.89,3.03,3.05,3.07,3.01,3.2
2022-07-08,1.91,3.12,3.13,3.16,3.09,3.27
2022-07-11,2.13,3.07,3.05,3.06,2.99,3.18
2022-07-12,2.16,3.03,3.01,3.01,2.96,3.13
2022-07-13,2.33,3.13,3.02,3,2.91,3.08
2022-07-14,2.33,3.15,3.06,3.05,2.96,3.11
2022-07-15,2.29,3.13,3.05,3.03,2.93,3.1
2022-07-18,2.44,3.15,3.06,3.05,2.96,3.14
2022-07-19,2.46,3.23,3.14,3.11,3.01,3.17
2022-07-20,2.44,3.25,3.18,3.15,3.04,3.17
2022-07-21,2.4,3.1,3,2.99,2.91,3.08
2022-07-22,2.41,2.98,2.87,2.85,2.77,3
2022-07-25,2.55,3,2.89,2.89,2.81,3.04
2022-07-26,2.48,3.02,2.89,2.88,2.81,3.03
2022-07-27,2.37,2.96,2.82,2.83,2.78,3.03
2022-07-28,2.35,2.85,2.69,2.69,2.68,3.02
2022-07-29,2.34,2.89,2.7,2.7,2.67,3
2022-08-01,2.48,2.9,2.66,2.64,2.6,2.92
2022-08-02,2.48,3.06,2.85,2.82,2.75,3
2022-08-03,2.44,3.1,2.86,2.81,2.73,2.96
2022-08-04,2.41,3.03,2.76,2.73,2.68,2.97
2022-08-05,2.48,3.24,2.97,2.91,2.83,3.06
2022-08-08,2.57,3.21,2.91,2.85,2.77,3
2022-08-09,2.58,3.28,2.97,2.89,2.8,3.01
2022-08-10,2.56,3.23,2.93,2.86,2.78,3.04
2022-08-11,2.52,3.23,2.98,2.94,2.87,3.15
2022-08-12,2.53,3.25,2.97,2.92,2.84,3.12
2022-08-15,2.63,3.2,2.91,2.86,2.79,3.1
2022-08-16,2.61,3.25,2.95,2.9,2.82,3.11
2022-08-17,2.59,3.28,3.04,2.99,2.89,3.15
2022-08-18,2.61,3.22,3.02,2.97,2.88,3.14
2022-08-19,2.64,3.25,3.11,3.06,2.98,3.22
2022-08-22,2.74,3.32,3.17,3.12,3.03,3.24
2022-08-23,2.71,3.29,3.18,3.14,3.05,3.26
2022-08-24,2.73,3.36,3.2,3.2,3.11,3.32
2022-08-25,2.78,3.35,3.15,3.11,3.03,3.25
2022-08-26,2.78,3.37,3.2,3.14,3.04,3.21
2022-08-29,2.89,3.42,3.27,3.21,3.12,3.25
2022-08-30,2.88,3.46,3.27,3.22,3.11,3.23
2022-08-31,2.87,3.45,3.3,3.25,3.15,3.27
2022-09-01,2.88,3.51,3.39,3.36,3.26,3.37
2022-09-02,2.85,3.4,3.3,3.29,3.2,3.35
2022-09-06,2.96,3.5,3.43,3.41,3.33,3.49
2022-09-07,2.98,3.45,3.37,3.35,3.27,3.42
2022-09-08,2.97,3.48,3.39,3.37,3.29,3.45
2022-09-09,2.98,3.56,3.45,3.42,3.33,3.47
2022-09-12,3.09,3.58,3.47,3.45,3.37,3.53
2022-09-13,3.19,3.75,3.58,3.53,3.42,3.51
2022-09-14,3.14,3.78,3.6,3.52,3.41,3.47
2022-09-15,3.12,3.87,3.66,3.59,3.45,3.48
2022-09-16,3.1,3.85,3.62,3.56,3.45,3.52
2022-09-19,3.29,3.95,3.69,3.62,3.49,3.52
2022-09-20,3.26,3.96,3.75,3.69,3.57,3.59
2022-09-21,3.21,4.02,3.74,3.65,3.51,3.5
2022-09-22,3.19,4.11,3.91,3.84,3.7,3.65
2022-09-23,3.12,4.2,3.96,3.85,3.69,3.61
2022-09-26,3.3,4.27,4.15,4.06,3.88,3.72
2022-09-27,3.26,4.3,4.21,4.14,3.97,3.87
2022-09-28,3.29,4.07,3.92,3.83,3.72,3.7
2022-09-29,3.26,4.16,3.98,3.89,3.76,3.71
2022-09-30,3.22,4.22,4.06,3.97,3.83,3.79
2022-10-03,3.34,4.12,3.9,3.79,3.67,3.73
2022-10-04,3.32,4.1,3.84,3.73,3.62,3.7
2022-10-05,3.33,4.15,3.96,3.87,3.76,3.78
2022-10-06,3.32,4.23,4.05,3.95,3.83,3.81
2022-10-07,3.31,4.3,4.14,4.03,3.89,3.86
2022-10-11,3.53,4.3,4.14,4.06,3.93,3.92
2022-10-12,3.56,4.28,4.12,4.03,3.91,3.9
2022-10-13,3.64,4.47,4.21,4.11,3.97,3.97
2022-10-14,3.65,4.48,4.25,4.15,4,3.99
2022-10-17,3.82,4.45,4.24,4.15,4.02,4.04
2022-10-18,3.89,4.43,4.21,4.12,4.01,4.04
2022-10-19,3.91,4.55,4.35,4.26,4.14,4.15
2022-10-20,3.91,4.62,4.45,4.36,4.24,4.24
2022-10-21,3.9,4.49,4.34,4.28,4.21,4.33
2022-10-24,4,4.5,4.36,4.31,4.25,4.4
2022-10-25,3.97,4.42,4.25,4.17,4.1,4.26
2022-10-26,3.94,4.39,4.2,4.12,4.04,4.19
2022-10-27,3.95,4.3,4.09,4.01,3.96,4.12
2022-10-28,3.99,4.41,4.19,4.1,4.02,4.15
2022-10-31,4.06,4.51,4.27,4.18,4.1,4.22
2022-11-01,4.06,4.54,4.27,4.18,4.07,4.14
2022-11-02,4.04,4.61,4.3,4.2,4.1,4.15
2022-11-03,4.06,4.71,4.36,4.26,4.14,4.18
2022-11-04,4.02,4.66,4.33,4.26,4.17,4.27
2022-11-07,4.12,4.72,4.39,4.31,4.22,4.34
2022-11-08,4.1,4.67,4.31,4.22,4.14,4.28
2022-11-09,4.11,4.61,4.27,4.2,4.12,4.31
2022-11-10,4.09,4.34,3.95,3.89,3.82,4.03
2022-11-14,4.16,4.4,4,3.95,3.88,4.07
2022-11-15,4.14,4.37,3.93,3.88,3.8,3.98
2022-11-16,4.14,4.35,3.83,3.77,3.67,3.85
2022-11-17,4.13,4.43,3.93,3.87,3.77,3.89
2022-11-18,4.15,4.51,3.99,3.92,3.82,3.92
2022-11-21,4.23,4.48,3.97,3.94,3.83,3.91
2022-11-22,4.21,4.47,3.93,3.86,3.76,3.83
2022-11-23,4.21,4.46,3.88,3.81,3.71,3.74
2022-11-25,4.22,4.42,3.85,3.78,3.68,3.74
2022-11-28,4.3,4.46,3.88,3.8,3.69,3.74
2022-11-29,4.27,4.48,3.92,3.85,3.75,3.81
2022-11-30,4.27,4.38,3.82,3.76,3.68,3.8
2022-12-01,4.22,4.25,3.68,3.62,3.53,3.64
2022-12-02,4.22,4.28,3.67,3.61,3.51,3.56
2022-12-05,4.27,4.41,3.8,3.72,3.6,3.62
2022-12-06,4.27,4.34,3.73,3.64,3.51,3.52
2022-12-07,4.2,4.26,3.62,3.54,3.42,3.42
2022-12-08,4.17,4.31,3.71,3.63,3.48,3.44
2022-12-09,4.19,4.33,3.75,3.69,3.57,3.56
2022-12-12,4.29,4.39,3.8,3.73,3.61,3.57
2022-12-13,4.26,4.22,3.66,3.6,3.51,3.53
2022-12-14,4.23,4.23,3.64,3.59,3.49,3.52
2022-12-15,4.22,4.23,3.62,3.56,3.44,3.48
2022-12-16,4.2,4.17,3.61,3.58,3.48,3.53
2022-12-19,4.28,4.25,3.7,3.67,3.57,3.62
2022-12-20,4.25,4.25,3.79,3.78,3.69,3.74
2022-12-21,4.22,4.21,3.78,3.77,3.68,3.74
2022-12-22,4.24,4.24,3.79,3.77,3.67,3.73
2022-12-23,4.23,4.31,3.86,3.83,3.75,3.82
2022-12-27,4.35,4.32,3.94,3.93,3.84,3.93
2022-12-28,4.35,4.31,3.97,3.97,3.88,3.98
2022-12-29,4.34,4.34,3.94,3.91,3.83,3.92
2022-12-30,4.3,4.41,3.99,3.96,3.88,3.97
2023-01-03,4.4,4.4,3.94,3.89,3.79,3.88
2023-01-04,4.41,4.36,3.85,3.79,3.69,3.81
2023-01-05,4.51,4.45,3.9,3.82,3.71,3.78
2023-01-06,4.51,4.24,3.69,3.63,3.55,3.67
2023-01-09,4.55,4.19,3.66,3.6,3.53,3.66
2023-01-10,4.57,4.24,3.72,3.67,3.61,3.74
2023-01-11,4.57,4.2,3.66,3.61,3.54,3.67
2023-01-12,4.5,4.12,3.53,3.48,3.43,3.56
2023-01-13,4.51,4.22,3.6,3.55,3.49,3.61
2023-01-17,4.56,4.18,3.6,3.57,3.53,3.64
2023-01-18,4.54,4.06,3.43,3.4,3.37,3.54
2023-01-19,4.55,4.09,3.48,3.43,3.39,3.57
2023-01-20,4.57,4.14,3.56,3.51,3.48,3.66
2023-01-23,4.58,4.21,3.61,3.56,3.52,3.69
2023-01-24,4.57,4.12,3.58,3.52,3.46,3.62
2023-01-25,4.56,4.11,3.54,3.51,3.46,3.62
2023-01-26,4.55,4.17,3.58,3.54,3.49,3.62
2023-01-27,4.57,4.19,3.62,3.58,3.52,3.64
2023-01-30,4.59,4.25,3.68,3.62,3.55,3.66
2023-01-31,4.58,4.21,3.63,3.59,3.52,3.65
2023-02-01,4.54,4.09,3.48,3.43,3.39,3.55
2023-02-02,4.53,4.09,3.49,3.44,3.4,3.55
2023-02-03,4.57,4.3,3.67,3.61,3.53,3.63
2023-02-06,4.59,4.44,3.81,3.73,3.63,3.67
2023-02-07,4.59,4.47,3.85,3.78,3.67,3.72
2023-02-08,4.59,4.45,3.82,3.75,3.63,3.7
2023-02-09,4.64,4.48,3.87,3.79,3.67,3.75
2023-02-10,4.66,4.5,3.93,3.86,3.74,3.83
2023-02-13,4.68,4.52,3.93,3.84,3.72,3.79
2023-02-14,4.67,4.6,4,3.9,3.77,3.81
2023-02-15,4.66,4.62,4.04,3.94,3.81,3.85
2023-02-16,4.7,4.62,4.06,3.98,3.86,3.92
2023-02-17,4.7,4.6,4.03,3.95,3.82,3.88
2023-02-21,4.72,4.67,4.16,4.08,3.95,3.98
2023-02-22,4.71,4.66,4.13,4.07,3.93,3.94
2023-02-23,4.71,4.66,4.09,4.02,3.88,3.88
2023-02-24,4.72,4.78,4.19,4.1,3.95,3.93
2023-02-27,4.74,4.78,4.17,4.08,3.92,3.93
2023-02-28,4.72,4.81,4.18,4.07,3.92,3.93
2023-03-01,4.73,4.89,4.27,4.17,4.01,3.97
2023-03-02,4.74,4.89,4.32,4.24,4.08,4.03
2023-03-03,4.74,4.86,4.26,4.15,3.97,3.9
2023-03-06,4.76,4.89,4.27,4.16,3.98,3.92
2023-03-07,4.87,5,4.31,4.17,3.97,3.88
2023-03-08,4.89,5.05,4.34,4.19,3.98,3.88
2023-03-09,4.87,4.9,4.22,4.1,3.93,3.88
2023-03-10,4.83,4.6,3.96,3.86,3.7,3.7
2023-03-13,4.7,4.03,3.68,3.65,3.55,3.7
2023-03-14,4.71,4.2,3.78,3.74,3.64,3.77
2023-03-15,4.59,3.93,3.59,3.57,3.51,3.7
2023-03-16,4.57,4.14,3.72,3.67,3.56,3.71
2023-03-17,4.36,3.81,3.44,3.45,3.39,3.6
2023-03-20,4.65,3.92,3.56,3.55,3.47,3.65
2023-03-21,4.62,4.17,3.73,3.68,3.59,3.73
2023-03-22,4.63,3.96,3.54,3.53,3.48,3.68
2023-03-23,4.57,3.76,3.39,3.39,3.38,3.66
2023-03-24,4.57,3.76,3.41,3.4,3.38,3.64
2023-03-27,4.75,3.94,3.59,3.57,3.53,3.77
2023-03-28,4.64,4.02,3.63,3.6,3.55,3.77
2023-03-29,4.64,4.08,3.67,3.62,3.57,3.78
2023-03-30,4.8,4.1,3.66,3.61,3.55,3.74
2023-03-31,4.68,4.06,3.6,3.55,3.48,3.67
2023-04-03,4.77,3.97,3.52,3.48,3.43,3.64
2023-04-04,4.74,3.84,3.39,3.38,3.35,3.6
2023-04-05,4.72,3.79,3.36,3.34,3.3,3.56
2023-04-06,4.77,3.82,3.37,3.34,3.3,3.54
2023-04-07,4.81,3.97,3.49,3.45,3.39,3.61
2023-04-10,4.94,4,3.52,3.47,3.41,3.62
2023-04-11,4.89,4.03,3.54,3.48,3.43,3.62
2023-04-12,4.87,3.95,3.46,3.43,3.41,3.64
2023-04-13,4.95,3.96,3.51,3.48,3.45,3.69
2023-04-14,4.98,4.08,3.6,3.56,3.52,3.74
2023-04-17,5.06,4.18,3.69,3.64,3.6,3.81
2023-04-18,5.04,4.19,3.69,3.63,3.58,3.79
2023-04-19,5.01,4.24,3.71,3.66,3.6,3.79
2023-04-20,4.97,4.14,3.63,3.59,3.54,3.75
2023-04-21,4.98,4.17,3.66,3.62,3.57,3.78
2023-04-24,5.04,4.12,3.6,3.56,3.52,3.73
2023-04-25,4.97,3.86,3.43,3.42,3.4,3.65
2023-04-26,5,3.9,3.46,3.45,3.43,3.7
2023-04-27,5.03,4.07,3.6,3.57,3.53,3.76
2023-04-28,4.95,4.04,3.51,3.49,3.44,3.67
2023-05-01,5.1,4.14,3.64,3.62,3.59,3.84
2023-05-02,5.08,3.97,3.46,3.44,3.44,3.72
2023-05-03,5.09,3.89,3.37,3.37,3.38,3.7
2023-05-04,5.1,3.75,3.29,3.32,3.37,3.73
2023-05-05,5.1,3.92,3.41,3.41,3.44,3.76
2023-05-08,5.15,4,3.49,3.5,3.52,3.84
2023-05-09,5.13,4.01,3.51,3.51,3.53,3.85
2023-05-10,5.08,3.9,3.37,3.4,3.43,3.8
2023-05-11,5.04,3.89,3.36,3.37,3.39,3.73
2023-05-12,5.08,3.98,3.45,3.45,3.46,3.78
2023-05-15,5.06,3.99,3.46,3.48,3.5,3.84
2023-05-16,5.07,4.06,3.52,3.53,3.54,3.87
2023-05-17,5.1,4.12,3.58,3.58,3.57,3.88
2023-05-18,5.14,4.24,3.69,3.67,3.65,3.91
2023-05-19,5.12,4.28,3.76,3.74,3.7,3.95
2023-05-22,5.24,4.29,3.77,3.74,3.72,3.97
2023-05-23,5.18,4.26,3.76,3.73,3.7,3.96
2023-05-24,5.21,4.31,3.75,3.76,3.73,3.97
2023-05-25,5.21,4.5,3.9,3.86,3.83,4.01
2023-05-26,5.16,4.54,3.92,3.86,3.8,3.96
2023-05-30,5.28,4.46,3.81,3.75,3.69,3.9
2023-05-31,5.26,4.4,3.74,3.69,3.64,3.85
2023-06-01,5.24,4.33,3.7,3.66,3.61,3.84
2023-06-02,5.23,4.5,3.84,3.78,3.69,3.88
2023-06-05,5.2,4.46,3.82,3.77,3.69,3.89
2023-06-06,5.18,4.51,3.85,3.78,3.7,3.87
2023-06-07,5.16,4.56,3.93,3.88,3.79,3.95
2023-06-08,5.12,4.52,3.87,3.8,3.73,3.89
2023-06-09,5.11,4.59,3.92,3.84,3.75,3.89
2023-06-12,5.14,4.55,3.89,3.82,3.73,3.87
2023-06-13,5.11,4.67,4.01,3.94,3.84,3.94
2023-06-14,5.1,4.74,4.06,3.95,3.83,3.9
2023-06-15,5.07,4.62,3.91,3.82,3.72,3.85
2023-06-16,5.09,4.7,3.99,3.88,3.77,3.86
2023-06-20,5.14,4.68,3.96,3.85,3.74,3.83
2023-06-21,5.15,4.68,3.95,3.84,3.72,3.81
2023-06-22,5.15,4.77,4.03,3.92,3.8,3.88
2023-06-23,5.15,4.71,3.99,3.88,3.74,3.82
2023-06-26,5.24,4.65,3.96,3.85,3.72,3.83
2023-06-27,5.19,4.74,4.02,3.9,3.77,3.84
2023-06-28,5.18,4.71,3.97,3.83,3.71,3.81
2023-06-29,5.2,4.87,4.14,3.99,3.85,3.92
2023-06-30,5.17,4.87,4.13,3.97,3.81,3.85
2023-07-03,5.21,4.94,4.19,4.03,3.86,3.87
2023-07-05,5.21,4.94,4.25,4.11,3.95,3.95
2023-07-06,5.23,4.99,4.37,4.22,4.05,4.01
2023-07-07,5.22,4.94,4.35,4.23,4.06,4.05
2023-07-10,5.25,4.85,4.25,4.14,4.01,4.05
2023-07-11,5.25,4.88,4.24,4.13,3.99,4.03
2023-07-12,5.24,4.72,4.07,3.97,3.86,3.96
2023-07-13,5.24,4.59,3.93,3.85,3.76,3.9
2023-07-14,5.25,4.74,4.04,3.94,3.83,3.93
2023-07-17,5.26,4.74,4.02,3.91,3.81,3.94
2023-07-18,5.25,4.74,4,3.9,3.8,3.91
2023-07-19,5.26,4.74,3.98,3.87,3.75,3.84
2023-07-20,5.26,4.8,4.08,3.98,3.85,3.91
2023-07-21,5.27,4.82,4.09,3.97,3.84,3.91
2023-07-24,5.28,4.81,4.13,4,3.86,3.92
2023-07-25,5.28,4.85,4.15,4.05,3.91,3.95
2023-07-26,5.28,4.82,4.09,3.99,3.86,3.94
2023-07-27,5.28,4.91,4.24,4.13,4.01,4.06
2023-07-28,5.28,4.87,4.18,4.08,3.96,4.03
2023-07-31,5.28,4.88,4.18,4.08,3.97,4.02
2023-08-01,5.27,4.92,4.24,4.15,4.05,4.11
2023-08-02,5.27,4.88,4.24,4.17,4.08,4.17
2023-08-03,5.27,4.9,4.3,4.26,4.2,4.32
2023-08-04,5.28,4.78,4.15,4.1,4.05,4.21
2023-08-07,5.29,4.76,4.16,4.13,4.09,4.27
2023-08-08,5.3,4.74,4.1,4.06,4.02,4.2
2023-08-09,5.28,4.79,4.12,4.07,4,4.18
2023-08-10,5.28,4.82,4.21,4.17,4.09,4.24
2023-08-11,5.28,4.89,4.31,4.26,4.16,4.27
2023-08-14,5.29,4.96,4.36,4.29,4.19,4.29
2023-08-15,5.29,4.92,4.36,4.31,4.21,4.32
2023-08-16,5.29,4.97,4.42,4.37,4.28,4.38
2023-08-17,5.29,4.94,4.42,4.38,4.3,4.41
2023-08-18,5.28,4.92,4.38,4.34,4.26,4.38
2023-08-21,5.3,4.97,4.46,4.42,4.34,4.45
2023-08-22,5.3,5.02,4.49,4.44,4.34,4.42
2023-08-23,5.3,4.95,4.36,4.3,4.19,4.27
2023-08-24,5.31,4.98,4.39,4.34,4.23,4.3
2023-08-25,5.34,5.03,4.44,4.37,4.25,4.3
2023-08-28,5.34,4.98,4.38,4.32,4.2,4.29
2023-08-29,5.33,4.87,4.26,4.21,4.12,4.23
2023-08-30,5.32,4.9,4.27,4.22,4.12,4.23
2023-08-31,5.32,4.85,4.23,4.19,4.09,4.2
2023-09-01,5.3,4.87,4.29,4.27,4.18,4.29
2023-09-05,5.32,4.94,4.37,4.35,4.27,4.38
2023-09-06,5.31,5.01,4.44,4.39,4.3,4.37
2023-09-07,5.3,4.94,4.38,4.35,4.27,4.36
2023-09-08,5.31,4.98,4.39,4.35,4.26,4.33
2023-09-11,5.32,4.97,4.4,4.37,4.29,4.37
2023-09-12,5.32,4.98,4.41,4.36,4.27,4.35
2023-09-13,5.31,4.96,4.39,4.34,4.25,4.34
2023-09-14,5.31,5,4.42,4.38,4.29,4.39
2023-09-15,5.32,5.02,4.45,4.41,4.33,4.42
2023-09-18,5.31,5.05,4.46,4.41,4.32,4.4
2023-09-19,5.31,5.08,4.51,4.47,4.37,4.43
2023-09-20,5.33,5.12,4.52,4.46,4.35,4.4
2023-09-21,5.33,5.12,4.61,4.57,4.49,4.56
2023-09-22,5.32,5.1,4.57,4.53,4.44,4.53
2023-09-25,5.35,5.09,4.62,4.61,4.55,4.67
2023-09-26,5.34,5.04,4.62,4.62,4.56,4.7
2023-09-27,5.34,5.1,4.67,4.69,4.61,4.73
2023-09-28,5.32,5.04,4.62,4.63,4.59,4.71
2023-09-29,5.32,5.03,4.6,4.61,4.59,4.73
2023-10-02,5.35,5.12,4.72,4.73,4.69,4.81
2023-10-03,5.35,5.15,4.8,4.84,4.81,4.95
2023-10-04,5.34,5.05,4.72,4.75,4.73,4.87
2023-10-05,5.34,5.03,4.68,4.73,4.72,4.89
2023-10-06,5.36,5.08,4.75,4.79,4.78,4.95
2023-10-10,5.34,4.96,4.62,4.66,4.66,4.85
2023-10-11,5.34,4.99,4.59,4.61,4.58,4.73
2023-10-12,5.35,5.06,4.69,4.73,4.7,4.86
2023-10-13,5.35,5.04,4.65,4.66,4.63,4.78
2023-10-16,5.34,5.09,4.72,4.74,4.71,4.87
2023-10-17,5.35,5.19,4.86,4.88,4.83,4.94
2023-10-18,5.34,5.19,4.92,4.95,4.91,5
2023-10-19,5.33,5.14,4.95,5,4.98,5.11
2023-10-20,5.31,5.07,4.86,4.93,4.93,5.09
2023-10-23,5.32,5.05,4.81,4.87,4.86,5.01
2023-10-24,5.31,5.02,4.82,4.86,4.83,4.96
2023-10-25,5.32,5.08,4.89,4.98,4.95,5.09
2023-10-26,5.32,5.02,4.79,4.86,4.86,5.01
2023-10-27,5.32,4.99,4.76,4.83,4.84,5.03
2023-10-30,5.33,5.03,4.8,4.88,4.88,5.04
2023-10-31,5.33,5.07,4.82,4.89,4.88,5.04
2023-11-01,5.31,4.95,4.67,4.75,4.77,4.96
2023-11-02,5.28,4.98,4.65,4.68,4.67,4.82
2023-11-03,5.27,4.83,4.49,4.55,4.57,4.77
2023-11-06,5.29,4.93,4.6,4.66,4.67,4.84
2023-11-07,5.28,4.91,4.53,4.58,4.58,4.75
2023-11-08,5.28,4.93,4.51,4.54,4.49,4.64
2023-11-09,5.27,5.03,4.65,4.68,4.62,4.77
2023-11-10,5.26,5.04,4.65,4.68,4.61,4.73
2023-11-13,5.28,5.02,4.66,4.69,4.63,4.75
2023-11-14,5.26,4.8,4.42,4.45,4.44,4.61
2023-11-15,5.26,4.9,4.52,4.56,4.53,4.68
2023-11-16,5.25,4.83,4.43,4.47,4.45,4.63
2023-11-17,5.25,4.88,4.45,4.47,4.44,4.59
2023-11-20,5.27,4.89,4.44,4.46,4.42,4.57
2023-11-21,5.26,4.86,4.41,4.44,4.41,4.57
2023-11-22,5.27,4.89,4.44,4.46,4.42,4.55
2023-11-24,5.28,4.92,4.49,4.51,4.47,4.6
2023-11-27,5.28,4.84,4.38,4.43,4.39,4.53
2023-11-28,5.27,4.73,4.29,4.36,4.34,4.52
2023-11-29,5.25,4.64,4.22,4.28,4.27,4.44
2023-11-30,5.25,4.73,4.31,4.38,4.37,4.54
2023-12-01,5.23,4.56,4.14,4.22,4.22,4.4
2023-12-04,5.26,4.64,4.23,4.3,4.28,4.43
2023-12-05,5.25,4.57,4.14,4.2,4.18,4.3
2023-12-06,5.25,4.6,4.12,4.16,4.12,4.22
2023-12-07,5.24,4.58,4.11,4.16,4.14,4.25
2023-12-08,5.24,4.71,4.24,4.28,4.23,4.31
2023-12-11,5.26,4.71,4.25,4.27,4.23,4.32
2023-12-12,5.26,4.73,4.23,4.24,4.2,4.3
2023-12-13,5.24,4.46,4,4.04,4.04,4.19
2023-12-14,5.23,4.37,3.9,3.93,3.92,4.03
2023-12-15,5.24,4.44,3.91,3.94,3.91,4
2023-12-18,5.26,4.43,3.94,3.97,3.95,4.05
2023-12-19,5.23,4.41,3.94,3.96,3.93,4.03
2023-12-20,5.24,4.34,3.86,3.88,3.86,3.98
2023-12-21,5.22,4.33,3.87,3.91,3.89,4.03
2023-12-22,5.24,4.31,3.87,3.92,3.9,4.05
2023-12-26,5.25,4.26,3.89,3.91,3.89,4.04
2023-12-27,5.24,4.2,3.78,3.81,3.79,3.95
2023-12-28,5.25,4.26,3.83,3.84,3.84,3.98
2023-12-29,5.2,4.23,3.84,3.88,3.88,4.03
2024-01-02,5.22,4.33,3.93,3.95,3.95,4.08
2024-01-03,5.24,4.33,3.9,3.92,3.91,4.05
2024-01-04,5.24,4.38,3.97,3.99,3.99,4.13
2024-01-05,5.24,4.4,4.02,4.04,4.05,4.21
2024-01-08,5.25,4.36,3.97,3.99,4.01,4.17
2024-01-09,5.24,4.36,3.97,4,4.02,4.18
2024-01-10,5.23,4.37,3.99,4.01,4.04,4.2
2024-01-11,5.23,4.26,3.9,3.95,3.98,4.18
2024-01-12,5.22,4.14,3.84,3.91,3.96,4.2
2024-01-16,5.22,4.22,3.95,4.01,4.07,4.3
2024-01-17,5.24,4.34,4.02,4.07,4.1,4.31
2024-01-18,5.22,4.34,4.04,4.1,4.14,4.37
2024-01-19,5.22,4.39,4.08,4.12,4.15,4.36
2024-01-22,5.22,4.37,4.03,4.07,4.11,4.32
2024-01-23,5.21,4.31,4.06,4.11,4.14,4.38
2024-01-24,5.21,4.34,4.06,4.14,4.18,4.41
2024-01-25,5.21,4.28,4.01,4.07,4.14,4.38
2024-01-26,5.21,4.34,4.04,4.1,4.15,4.38
2024-01-29,5.22,4.29,3.97,4.02,4.08,4.31
2024-01-30,5.21,4.36,4,4.03,4.06,4.28
2024-01-31,5.22,4.27,3.91,3.95,3.99,4.22
2024-02-01,5.22,4.2,3.8,3.83,3.87,4.1
2024-02-02,5.23,4.36,3.99,4.02,4.03,4.22
2024-02-05,5.22,4.46,4.13,4.16,4.17,4.35
2024-02-06,5.23,4.39,4.03,4.07,4.09,4.29
2024-02-07,5.23,4.41,4.06,4.09,4.09,4.31
2024-02-08,5.23,4.46,4.12,4.15,4.15,4.36
2024-02-09,5.24,4.48,4.14,4.17,4.17,4.37
2024-02-12,5.23,4.46,4.13,4.16,4.17,4.37
2024-02-13,5.25,4.64,4.31,4.33,4.31,4.46
2024-02-14,5.23,4.56,4.25,4.27,4.27,4.45
2024-02-15,5.23,4.56,4.22,4.25,4.24,4.42
2024-02-16,5.24,4.64,4.29,4.31,4.3,4.45
2024-02-20,5.24,4.59,4.25,4.28,4.27,4.44
2024-02-21,5.24,4.64,4.3,4.33,4.32,4.49
2024-02-22,5.25,4.69,4.33,4.35,4.33,4.47
2024-02-23,5.26,4.67,4.28,4.28,4.26,4.37
2024-02-26,5.26,4.69,4.29,4.32,4.28,4.4
2024-02-27,5.25,4.7,4.32,4.34,4.31,4.44
2024-02-28,5.24,4.64,4.26,4.28,4.27,4.4
2024-02-29,5.25,4.64,4.26,4.28,4.25,4.38
2024-03-01,5.23,4.54,4.17,4.2,4.19,4.33
2024-03-04,5.24,4.61,4.21,4.23,4.22,4.36
2024-03-05,5.23,4.54,4.13,4.15,4.13,4.27
2024-03-06,5.24,4.55,4.12,4.12,4.11,4.24
2024-03-07,5.24,4.5,4.07,4.09,4.09,4.25
2024-03-08,5.24,4.48,4.06,4.08,4.09,4.26
2024-03-11,5.24,4.51,4.08,4.09,4.1,4.26
2024-03-12,5.25,4.58,4.15,4.16,4.16,4.31
2024-03-13,5.25,4.61,4.19,4.2,4.19,4.35
2024-03-14,5.25,4.68,4.29,4.3,4.29,4.44
2024-03-15,5.25,4.72,4.33,4.33,4.31,4.43
2024-03-18,5.25,4.73,4.36,4.35,4.34,4.46
2024-03-19,5.24,4.68,4.31,4.31,4.3,4.44
2024-03-20,5.24,4.59,4.25,4.28,4.27,4.45
2024-03-21,5.25,4.62,4.26,4.28,4.27,4.44
2024-03-22,5.24,4.59,4.2,4.22,4.22,4.39
2024-03-25,5.23,4.54,4.23,4.25,4.25,4.42
2024-03-26,5.22,4.56,4.22,4.23,4.24,4.4
2024-03-27,5.22,4.54,4.18,4.18,4.2,4.36
2024-03-28,5.23,4.59,4.21,4.2,4.2,4.34
2024-04-01,5.23,4.72,4.34,4.33,4.33,4.47
2024-04-02,5.22,4.7,4.35,4.37,4.36,4.51
2024-04-03,5.22,4.68,4.34,4.36,4.36,4.51
2024-04-04,5.21,4.65,4.3,4.31,4.31,4.47
2024-04-05,5.23,4.73,4.38,4.39,4.39,4.54
2024-04-08,5.23,4.78,4.43,4.43,4.42,4.55
2024-04-09,5.23,4.74,4.37,4.38,4.36,4.5
2024-04-10,5.25,4.97,4.61,4.59,4.55,4.64
2024-04-11,5.25,4.93,4.61,4.6,4.56,4.65
2024-04-12,5.25,4.88,4.54,4.53,4.5,4.61
2024-04-15,5.25,4.93,4.65,4.65,4.63,4.74
2024-04-16,5.25,4.97,4.69,4.69,4.67,4.77
2024-04-17,5.25,4.93,4.62,4.61,4.59,4.71
2024-04-18,5.25,4.98,4.68,4.67,4.64,4.74
2024-04-19,5.25,4.97,4.66,4.65,4.62,4.72
2024-04-22,5.22,4.97,4.66,4.65,4.62,4.72
2024-04-23,5.25,4.86,4.63,4.62,4.61,4.73
2024-04-24,5.26,4.89,4.64,4.66,4.65,4.78
2024-04-25,5.26,4.96,4.7,4.71,4.7,4.82
2024-04-26,5.25,4.96,4.68,4.68,4.67,4.78
2024-04-29,5.25,4.97,4.65,4.64,4.63,4.75
2024-04-30,5.25,5.04,4.72,4.71,4.69,4.79
2024-05-01,5.26,4.96,4.64,4.64,4.63,4.74
2024-05-02,5.25,4.87,4.57,4.57,4.58,4.72
2024-05-03,5.25,4.81,4.48,4.49,4.5,4.66
2024-05-06,5.25,4.82,4.48,4.48,4.49,4.64
2024-05-07,5.25,4.82,4.48,4.47,4.47,4.61
2024-05-08,5.25,4.84,4.5,4.49,4.48,4.64
2024-05-09,5.25,4.8,4.47,4.46,4.45,4.6
2024-05-10,5.26,4.87,4.52,4.51,4.5,4.64
2024-05-13,5.25,4.85,4.5,4.49,4.48,4.63
2024-05-14,5.24,4.81,4.46,4.45,4.45,4.59
2024-05-15,5.25,4.73,4.35,4.35,4.36,4.52
2024-05-16,5.25,4.78,4.4,4.39,4.38,4.52
2024-05-17,5.25,4.83,4.44,4.43,4.42,4.56
2024-05-20,5.25,4.82,4.46,4.44,4.44,4.58
2024-05-21,5.25,4.82,4.43,4.42,4.41,4.55
2024-05-22,5.25,4.86,4.47,4.44,4.43,4.55
2024-05-23,5.26,4.91,4.52,4.5,4.47,4.58
2024-05-24,5.26,4.93,4.53,4.49,4.46,4.57
2024-05-28,5.26,4.94,4.56,4.56,4.54,4.66
2024-05-29,5.26,4.96,4.63,4.63,4.61,4.74
2024-05-30,5.26,4.92,4.57,4.57,4.55,4.69
2024-05-31,5.25,4.89,4.52,4.52,4.51,4.65
2024-06-03,5.26,4.82,4.42,4.41,4.41,4.55
2024-06-04,5.25,4.77,4.35,4.33,4.33,4.48
2024-06-05,5.25,4.72,4.31,4.29,4.29,4.44
2024-06-06,5.25,4.72,4.29,4.28,4.28,4.43
2024-06-07,5.26,4.87,4.46,4.45,4.43,4.55
2024-06-10,5.25,4.87,4.48,4.47,4.47,4.59
2024-06-11,5.25,4.81,4.41,4.4,4.39,4.53
2024-06-12,5.25,4.75,4.32,4.31,4.31,4.47
2024-06-13,5.25,4.68,4.24,4.23,4.24,4.4
2024-06-14,5.25,4.67,4.22,4.2,4.2,4.34
2024-06-17,5.25,4.75,4.3,4.28,4.28,4.4
2024-06-18,5.24,4.69,4.24,4.22,4.22,4.36
2024-06-20,5.24,4.7,4.26,4.25,4.25,4.39
2024-06-21,5.23,4.7,4.26,4.25,4.25,4.39
2024-06-24,5.24,4.71,4.27,4.25,4.25,4.38
2024-06-25,5.23,4.65,4.25,4.23,4.23,4.36
2024-06-26,5.24,4.71,4.32,4.32,4.32,4.45
2024-06-27,5.23,4.7,4.29,4.27,4.29,4.43
2024-06-28,5.22,4.71,4.33,4.33,4.36,4.51
2024-07-01,5.24,4.77,4.44,4.45,4.48,4.64
2024-07-02,5.24,4.74,4.39,4.4,4.43,4.6
2024-07-03,5.24,4.71,4.33,4.33,4.36,4.53
2024-07-05,5.23,4.6,4.22,4.23,4.28,4.47
2024-07-08,5.23,4.62,4.23,4.23,4.28,4.46
2024-07-09,5.23,4.62,4.24,4.25,4.3,4.49
2024-07-10,5.23,4.62,4.24,4.24,4.28,4.47
2024-07-11,5.21,4.5,4.13,4.15,4.2,4.41
2024-07-12,5.21,4.45,4.1,4.13,4.18,4.39
2024-07-15,5.2,4.44,4.13,4.16,4.23,4.46
2024-07-16,5.2,4.43,4.09,4.11,4.17,4.38
2024-07-17,5.2,4.42,4.07,4.09,4.16,4.37
2024-07-18,5.21,4.46,4.11,4.14,4.2,4.41
2024-07-19,5.2,4.49,4.16,4.18,4.25,4.45
2024-07-22,5.19,4.5,4.17,4.2,4.26,4.48
2024-07-23,5.18,4.4,4.15,4.18,4.25,4.48
2024-07-24,5.18,4.37,4.12,4.2,4.28,4.54
2024-07-25,5.17,4.41,4.13,4.18,4.27,4.5
2024-07-26,5.16,4.36,4.06,4.1,4.2,4.45
2024-07-29,5.15,4.36,4.05,4.08,4.17,4.42
2024-07-30,5.14,4.35,4.03,4.06,4.15,4.4
2024-07-31,5.15,4.29,3.97,4,4.09,4.35
2024-08-01,5.12,4.16,3.84,3.89,3.99,4.27
2024-08-02,5.05,3.88,3.62,3.68,3.8,4.11
2024-08-05,5.09,3.89,3.62,3.66,3.78,4.06
2024-08-06,5.09,3.99,3.73,3.79,3.9,4.18
2024-08-07,5.09,4,3.79,3.85,3.96,4.26
2024-08-08,5.09,4.04,3.83,3.89,3.99,4.28
2024-08-09,5.09,4.05,3.8,3.85,3.94,4.23
2024-08-12,5.07,4.01,3.75,3.8,3.9,4.19
2024-08-13,5.06,3.93,3.68,3.74,3.85,4.16
2024-08-14,5.07,3.94,3.67,3.72,3.83,4.12
2024-08-15,5.09,4.08,3.79,3.83,3.92,4.18
2024-08-16,5.08,4.06,3.77,3.81,3.89,4.15
2024-08-19,5.06,4.06,3.75,3.78,3.86,4.11
2024-08-20,5.04,3.99,3.7,3.73,3.82,4.07
2024-08-21,5.02,3.92,3.64,3.69,3.79,4.06
2024-08-22,5.04,3.99,3.72,3.77,3.86,4.13
2024-08-23,5.01,3.9,3.65,3.71,3.81,4.1
2024-08-26,4.98,3.91,3.66,3.72,3.82,4.11
2024-08-27,4.98,3.83,3.66,3.73,3.83,4.13
2024-08-28,4.96,3.83,3.63,3.74,3.84,4.13
2024-08-29,4.98,3.87,3.66,3.76,3.87,4.15
2024-08-30,4.98,3.91,3.71,3.8,3.91,4.2
2024-09-03,4.97,3.88,3.65,3.73,3.84,4.13
2024-09-04,4.96,3.76,3.56,3.65,3.77,4.06
2024-09-05,4.94,3.75,3.54,3.63,3.73,4.02
2024-09-06,4.93,3.66,3.5,3.6,3.72,4.03
2024-09-09,4.89,3.68,3.49,3.58,3.7,4
2024-09-10,4.85,3.59,3.43,3.53,3.65,3.97
2024-09-11,4.89,3.62,3.45,3.54,3.65,3.96
2024-09-12,4.85,3.64,3.47,3.57,3.68,4
2024-09-13,4.78,3.57,3.43,3.53,3.66,3.98
2024-09-16,4.75,3.56,3.41,3.51,3.63,3.94
2024-09-17,4.75,3.59,3.44,3.53,3.65,3.96
2024-09-18,4.65,3.61,3.47,3.58,3.7,4.03
2024-09-19,4.61,3.59,3.49,3.6,3.73,4.06
2024-09-20,4.56,3.55,3.48,3.59,3.73,4.07
2024-09-23,4.53,3.57,3.51,3.62,3.75,4.09
2024-09-24,4.5,3.49,3.47,3.6,3.74,4.09
2024-09-25,4.51,3.53,3.52,3.65,3.79,4.14
2024-09-26,4.5,3.6,3.55,3.65,3.79,4.12
2024-09-27,4.5,3.55,3.5,3.6,3.75,4.1
2024-09-30,4.52,3.66,3.58,3.67,3.81,4.14
2024-10-01,4.5,3.61,3.51,3.6,3.74,4.08
2024-10-02,4.48,3.63,3.55,3.65,3.79,4.14
2024-10-03,4.48,3.7,3.62,3.71,3.85,4.18
2024-10-04,4.53,3.93,3.81,3.88,3.98,4.26
2024-10-07,4.55,3.99,3.86,3.92,4.03,4.3
2024-10-08,4.53,3.98,3.86,3.94,4.04,4.32
2024-10-09,4.54,3.99,3.91,3.97,4.06,4.34
2024-10-10,4.54,3.98,3.91,3.99,4.09,4.38
2024-10-11,4.53,3.95,3.88,3.97,4.08,4.39
2024-10-15,4.52,3.95,3.86,3.93,4.03,4.32
2024-10-16,4.51,3.93,3.84,3.92,4.02,4.3
2024-10-17,4.54,3.96,3.9,3.99,4.09,4.39
2024-10-18,4.53,3.95,3.88,3.97,4.08,4.38
2024-10-21,4.51,4.02,3.98,4.07,4.19,4.49
2024-10-22,4.51,4.03,4,4.1,4.2,4.49
2024-10-23,4.52,4.07,4.05,4.14,4.24,4.51
2024-10-24,4.5,4.07,4.03,4.12,4.21,4.47
2024-10-25,4.52,4.11,4.07,4.15,4.25,4.51
2024-10-28,4.49,4.12,4.11,4.19,4.28,4.53
2024-10-29,4.49,4.11,4.11,4.18,4.28,4.52
2024-10-30,4.47,4.15,4.14,4.2,4.29,4.49
2024-10-31,4.44,4.16,4.15,4.21,4.28,4.47
2024-11-01,4.41,4.21,4.22,4.3,4.37,4.57
2024-11-04,4.44,4.17,4.17,4.24,4.31,4.5
2024-11-05,4.43,4.19,4.16,4.22,4.26,4.44
2024-11-06,4.44,4.27,4.27,4.37,4.42,4.6
2024-11-07,4.43,4.21,4.17,4.25,4.31,4.52
2024-11-08,4.43,4.26,4.2,4.25,4.3,4.47
2024-11-12,4.43,4.34,4.32,4.38,4.43,4.58
2024-11-13,4.4,4.27,4.3,4.38,4.44,4.63
2024-11-14,4.41,4.34,4.32,4.38,4.43,4.58
2024-11-15,4.41,4.31,4.3,4.36,4.43,4.6
2024-11-18,4.42,4.29,4.28,4.35,4.42,4.61
2024-11-19,4.41,4.27,4.25,4.32,4.39,4.57
2024-11-20,4.42,4.31,4.28,4.34,4.41,4.59
2024-11-21,4.43,4.34,4.3,4.36,4.43,4.61
2024-11-22,4.43,4.37,4.3,4.35,4.41,4.6
2024-11-25,4.42,4.21,4.17,4.21,4.27,4.45
2024-11-26,4.4,4.21,4.17,4.24,4.3,4.48
2024-11-27,4.4,4.19,4.11,4.17,4.25,4.44
2024-11-29,4.39,4.13,4.05,4.1,4.18,4.36
2024-12-02,4.38,4.17,4.08,4.13,4.19,4.36
2024-12-03,4.36,4.17,4.11,4.17,4.23,4.4
2024-12-04,4.35,4.13,4.07,4.13,4.19,4.35
2024-12-05,4.34,4.15,4.07,4.12,4.17,4.33
2024-12-06,4.31,4.1,4.03,4.09,4.15,4.34
2024-12-09,4.3,4.13,4.07,4.13,4.2,4.39
2024-12-10,4.29,4.15,4.09,4.15,4.22,4.41
2024-12-11,4.26,4.15,4.13,4.2,4.26,4.48
2024-12-12,4.23,4.18,4.18,4.25,4.32,4.55
2024-12-13,4.23,4.25,4.25,4.33,4.4,4.61
2024-12-16,4.25,4.25,4.25,4.32,4.39,4.6
2024-12-17,4.26,4.25,4.26,4.33,4.4,4.59
2024-12-18,4.25,4.35,4.4,4.45,4.5,4.65
2024-12-19,4.23,4.32,4.43,4.51,4.57,4.74
2024-12-20,4.23,4.3,4.37,4.45,4.52,4.72
2024-12-23,4.24,4.3,4.44,4.52,4.59,4.78
2024-12-24,4.28,4.29,4.43,4.52,4.59,4.76
2024-12-26,4.24,4.3,4.42,4.49,4.58,4.76
2024-12-27,4.19,4.31,4.45,4.53,4.62,4.82
2024-12-30,4.23,4.24,4.37,4.46,4.55,4.77
2024-12-31,4.23,4.25,4.38,4.48,4.58,4.78
2025-01-02,4.22,4.25,4.38,4.47,4.57,4.79
2025-01-03,4.2,4.28,4.41,4.51,4.6,4.82
2025-01-06,4.21,4.28,4.42,4.52,4.62,4.85
2025-01-07,4.21,4.3,4.46,4.57,4.67,4.91
2025-01-08,4.21,4.28,4.45,4.56,4.67,4.91
2025-01-09,4.21,4.27,4.46,4.57,4.68,4.92
2025-01-10,4.22,4.4,4.59,4.7,4.77,4.96
2025-01-13,4.23,4.4,4.61,4.71,4.79,4.97
2025-01-14,4.22,4.37,4.59,4.7,4.78,4.98
2025-01-15,4.21,4.27,4.45,4.55,4.66,4.88
2025-01-16,4.21,4.23,4.39,4.5,4.61,4.84
2025-01-17,4.2,4.27,4.42,4.52,4.61,4.84
2025-01-21,4.22,4.29,4.4,4.49,4.57,4.8
2025-01-22,4.22,4.29,4.43,4.51,4.6,4.82
2025-01-23,4.22,4.29,4.45,4.55,4.65,4.87
2025-01-24,4.21,4.27,4.43,4.53,4.63,4.85
2025-01-27,4.2,4.17,4.32,4.43,4.53,4.76
2025-01-28,4.2,4.19,4.33,4.43,4.55,4.78
2025-01-29,4.2,4.21,4.35,4.44,4.55,4.79
2025-01-30,4.19,4.18,4.31,4.41,4.52,4.76
2025-01-31,4.2,4.22,4.36,4.47,4.58,4.83
2025-02-03,4.22,4.26,4.35,4.45,4.54,4.77
2025-02-04,4.22,4.21,4.31,4.42,4.52,4.75
2025-02-05,4.22,4.17,4.24,4.33,4.43,4.64
2025-02-06,4.22,4.21,4.28,4.36,4.45,4.65
2025-02-07,4.24,4.29,4.34,4.42,4.49,4.69
2025-02-10,4.23,4.28,4.34,4.42,4.51,4.71
2025-02-11,4.23,4.29,4.37,4.45,4.54,4.75
2025-02-12,4.23,4.36,4.48,4.56,4.62,4.83
2025-02-13,4.22,4.31,4.39,4.46,4.52,4.72
2025-02-14,4.22,4.26,4.33,4.41,4.47,4.69
2025-02-18,4.23,4.29,4.4,4.48,4.55,4.77
2025-02-19,4.22,4.28,4.37,4.46,4.53,4.76
2025-02-20,4.21,4.28,4.34,4.43,4.5,4.74
2025-02-21,4.21,4.19,4.26,4.35,4.42,4.67
2025-02-24,4.19,4.13,4.23,4.32,4.4,4.66
2025-02-25,4.19,4.07,4.12,4.21,4.3,4.55
2025-02-26,4.2,4.05,4.06,4.16,4.25,4.51
2025-02-27,4.2,4.07,4.09,4.19,4.29,4.56
2025-02-28,4.2,3.99,4.03,4.14,4.24,4.51
2025-03-03,4.21,3.96,3.97,4.06,4.16,4.45
2025-03-04,4.2,3.96,4.01,4.11,4.22,4.53
2025-03-05,4.21,3.99,4.08,4.18,4.28,4.57
2025-03-06,4.2,3.96,4.06,4.18,4.29,4.58
2025-03-07,4.2,3.99,4.09,4.21,4.32,4.62
2025-03-10,4.19,3.89,3.98,4.1,4.22,4.54
2025-03-11,4.2,3.94,4.03,4.16,4.28,4.59
2025-03-12,4.21,4.01,4.09,4.2,4.32,4.63
2025-03-13,4.2,3.94,4.02,4.15,4.27,4.59
2025-03-14,4.2,4.02,4.09,4.2,4.31,4.62
2025-03-17,4.2,4.06,4.11,4.21,4.31,4.6
2025-03-18,4.2,4.04,4.07,4.18,4.29,4.58
2025-03-19,4.2,3.99,4.03,4.14,4.25,4.56
2025-03-20,4.19,3.95,4.01,4.12,4.24,4.55
2025-03-21,4.19,3.94,4,4.12,4.25,4.59
2025-03-24,4.19,4.04,4.09,4.22,4.34,4.66
2025-03-25,4.19,3.96,4.07,4.19,4.31,4.65
2025-03-26,4.2,3.98,4.08,4.22,4.35,4.69
2025-03-27,4.2,3.97,4.09,4.23,4.38,4.73
2025-03-28,4.2,3.89,3.98,4.11,4.27,4.64
2025-03-31,4.21,3.89,3.96,4.09,4.23,4.59
2025-04-01,4.2,3.87,3.91,4.03,4.17,4.52
2025-04-02,4.21,3.91,3.95,4.07,4.2,4.54
2025-04-03,4.2,3.71,3.75,3.88,4.06,4.49
2025-04-04,4.17,3.68,3.72,3.84,4.01,4.41
2025-04-07,4.17,3.73,3.82,3.97,4.15,4.58
2025-04-08,4.19,3.71,3.88,4.05,4.26,4.71
2025-04-09,4.24,3.91,4.06,4.2,4.34,4.72
2025-04-10,4.22,3.84,4.04,4.21,4.4,4.86
2025-04-11,4.23,3.96,4.15,4.32,4.48,4.85
2025-04-14,4.22,3.84,4.02,4.2,4.38,4.8
2025-04-15,4.22,3.84,3.98,4.15,4.35,4.79
2025-04-16,4.21,3.77,3.91,4.08,4.29,4.74
2025-04-17,4.23,3.81,3.95,4.13,4.34,4.8
2025-04-21,4.22,3.75,3.97,4.19,4.42,4.91
2025-04-22,4.22,3.76,3.98,4.19,4.41,4.88
2025-04-23,4.22,3.81,4,4.2,4.4,4.83
2025-04-24,4.21,3.77,3.91,4.11,4.32,4.77
2025-04-25,4.21,3.74,3.88,4.06,4.29,4.74
2025-04-28,4.2,3.67,3.81,4.01,4.23,4.69
2025-04-29,4.2,3.65,3.77,3.96,4.19,4.64
2025-04-30,4.2,3.6,3.72,3.93,4.17,4.66
2025-05-01,4.2,3.7,3.81,4.02,4.25,4.74
2025-05-02,4.22,3.83,3.92,4.11,4.33,4.79
2025-05-05,4.22,3.83,3.95,4.14,4.36,4.83
2025-05-06,4.22,3.78,3.9,4.1,4.3,4.81
2025-05-07,4.22,3.78,3.87,4.06,4.26,4.77
2025-05-08,4.23,3.9,4,4.18,4.37,4.83
2025-05-09,4.22,3.88,4,4.18,4.37,4.83
2025-05-12,4.31,3.98,4.09,4.27,4.45,4.89
2025-05-13,4.29,4.02,4.12,4.3,4.49,4.94
2025-05-14,4.29,4.05,4.17,4.35,4.53,4.97
2025-05-15,4.27,3.96,4.07,4.25,4.45,4.91
2025-05-16,4.25,3.98,4.06,4.24,4.43,4.89
2025-05-19,4.28,3.97,4.07,4.26,4.46,4.92
2025-05-20,4.26,3.97,4.07,4.27,4.48,4.96
2025-05-21,4.24,4,4.15,4.37,4.58,5.08
2025-05-22,4.25,4,4.11,4.32,4.54,5.05
2025-05-23,4.24,4,4.08,4.29,4.51,5.04
2025-05-27,4.24,3.92,4.04,4.22,4.43,4.94
2025-05-28,4.24,3.96,4.05,4.27,4.47,4.97
2025-05-29,4.25,3.92,4,4.2,4.43,4.92
2025-05-30,4.25,3.89,3.96,4.18,4.41,4.92
2025-06-02,4.25,3.94,4.01,4.22,4.46,4.99
2025-06-03,4.24,3.96,4.04,4.23,4.46,4.98
2025-06-04,4.25,3.87,3.93,4.14,4.37,4.89
2025-06-05,4.25,3.92,3.99,4.18,4.4,4.88
2025-06-06,4.25,4.04,4.13,4.31,4.51,4.97
2025-06-09,4.25,4.01,4.09,4.28,4.49,4.95
2025-06-10,4.26,4.01,4.08,4.27,4.47,4.93
2025-06-11,4.26,3.94,4.02,4.21,4.41,4.91
2025-06-12,4.27,3.9,3.97,4.15,4.36,4.84
2025-06-13,4.26,3.96,4.02,4.2,4.41,4.9
2025-06-16,4.24,3.97,4.04,4.23,4.46,4.96
2025-06-17,4.23,3.94,3.99,4.17,4.39,4.88
2025-06-18,4.23,3.94,3.98,4.17,4.38,4.88
2025-06-20,4.21,3.9,3.96,4.16,4.38,4.89
2025-06-23,4.19,3.84,3.91,4.1,4.34,4.87
2025-06-24,4.19,3.75,3.86,4.06,4.3,4.83
2025-06-25,4.19,3.74,3.83,4.05,4.29,4.83
2025-06-26,4.21,3.7,3.79,4,4.26,4.81
2025-06-27,4.2,3.73,3.83,4.03,4.29,4.85
2025-06-30,4.24,3.72,3.79,3.98,4.24,4.78
2025-07-01,4.24,3.78,3.84,4.03,4.26,4.78
2025-07-02,4.24,3.78,3.87,4.06,4.3,4.82
2025-07-03,4.26,3.88,3.94,4.12,4.35,4.86
2025-07-07,4.26,3.9,3.96,4.16,4.4,4.92
2025-07-08,4.26,3.9,3.99,4.18,4.42,4.94
2025-07-09,4.26,3.86,3.92,4.11,4.34,4.87
2025-07-10,4.25,3.86,3.93,4.12,4.35,4.86
2025-07-11,4.25,3.9,3.99,4.19,4.43,4.96
2025-07-14,4.26,3.9,3.98,4.19,4.43,4.97
2025-07-15,4.25,3.95,4.05,4.26,4.5,5.01
2025-07-16,4.24,3.88,3.99,4.21,4.46,5.01
2025-07-17,4.24,3.91,4.01,4.22,4.47,5.01
2025-07-18,4.24,3.88,3.96,4.18,4.44,5
2025-07-21,4.24,3.85,3.91,4.13,4.38,4.94
2025-07-22,4.24,3.83,3.88,4.09,4.35,4.9
2025-07-23,4.25,3.88,3.94,4.15,4.4,4.95
2025-07-24,4.25,3.91,3.98,4.18,4.43,4.96
2025-07-25,4.25,3.91,3.95,4.15,4.4,4.92
2025-07-28,4.24,3.91,3.96,4.18,4.42,4.96
2025-07-29,4.24,3.86,3.9,4.1,4.34,4.86
2025-07-30,4.25,3.94,3.96,4.15,4.38,4.89
2025-07-31,4.24,3.94,3.96,4.14,4.37,4.89
2025-08-01,4.19,3.69,3.77,3.97,4.23,4.81
2025-08-04,4.16,3.69,3.75,3.95,4.22,4.8
2025-08-05,4.16,3.72,3.77,3.97,4.22,4.78
2025-08-06,4.14,3.69,3.77,3.97,4.22,4.81
2025-08-07,4.14,3.72,3.79,3.99,4.23,4.81
2025-08-08,4.14,3.76,3.84,4.03,4.27,4.85
2025-08-11,4.15,3.76,3.83,4.03,4.27,4.84
2025-08-12,4.14,3.72,3.83,4.03,4.29,4.88
2025-08-13,4.11,3.67,3.77,3.98,4.24,4.83
2025-08-14,4.12,3.74,3.82,4.03,4.29,4.88
2025-08-15,4.12,3.75,3.85,4.07,4.33,4.92
2025-08-18,4.14,3.77,3.86,4.07,4.34,4.94
2025-08-19,4.12,3.75,3.82,4.04,4.3,4.9
2025-08-20,4.12,3.74,3.81,4.02,4.29,4.89
2025-08-21,4.14,3.79,3.86,4.07,4.33,4.92
2025-08-22,4.1,3.68,3.76,3.98,4.26,4.88
2025-08-25,4.1,3.73,3.8,4.01,4.28,4.89
2025-08-26,4.1,3.61,3.75,3.98,4.26,4.9
2025-08-27,4.08,3.59,3.69,3.95,4.24,4.91
2025-08-28,4.08,3.62,3.69,3.92,4.22,4.88
2025-08-29,4.05,3.59,3.68,3.92,4.23,4.92
2025-09-02,4.05,3.66,3.74,3.98,4.28,4.97
2025-09-03,4.03,3.61,3.69,3.92,4.22,4.9
2025-09-04,4.01,3.59,3.65,3.87,4.17,4.86
2025-09-05,3.92,3.51,3.59,3.8,4.1,4.78
2025-09-08,3.95,3.49,3.57,3.77,4.05,4.69
2025-09-09,3.95,3.54,3.61,3.81,4.08,4.72
2025-09-10,3.94,3.54,3.59,3.78,4.04,4.69
2025-09-11,3.94,3.52,3.59,3.76,4.01,4.65
2025-09-12,3.94,3.56,3.63,3.81,4.06,4.68
2025-09-15,3.91,3.54,3.61,3.79,4.05,4.66
2025-09-16,3.9,3.51,3.59,3.78,4.04,4.65
2025-09-17,3.88,3.52,3.62,3.81,4.06,4.66
2025-09-18,3.89,3.57,3.67,3.86,4.11,4.72
2025-09-19,3.89,3.57,3.68,3.88,4.14,4.75
2025-09-22,3.86,3.61,3.71,3.9,4.15,4.77
2025-09-23,3.86,3.53,3.68,3.87,4.12,4.73
2025-09-24,3.87,3.57,3.7,3.91,4.16,4.76
2025-09-25,3.89,3.64,3.75,3.94,4.18,4.75
2025-09-26,3.87,3.63,3.76,3.96,4.2,4.77
2025-09-29,3.86,3.63,3.74,3.92,4.15,4.71
2025-09-30,3.86,3.6,3.74,3.93,4.16,4.73
2025-10-01,3.85,3.55,3.68,3.88,4.12,4.72
2025-10-02,3.86,3.55,3.67,3.86,4.1,4.69
2025-10-03,3.87,3.58,3.72,3.9,4.13,4.71
2025-10-06,3.86,3.6,3.75,3.95,4.18,4.76
2025-10-07,3.85,3.57,3.71,3.9,4.14,4.73
2025-10-08,3.85,3.58,3.72,3.91,4.13,4.72
2025-10-09,3.87,3.6,3.74,3.92,4.14,4.72
2025-10-10,3.86,3.52,3.65,3.83,4.05,4.63
2025-10-14,3.85,3.48,3.6,3.79,4.03,4.62
2025-10-15,3.87,3.5,3.63,3.82,4.05,4.64
2025-10-16,3.86,3.41,3.55,3.74,3.99,4.58
2025-10-17,3.84,3.46,3.59,3.78,4.02,4.6
2025-10-20,3.81,3.46,3.58,3.77,4,4.58
2025-10-21,3.8,3.45,3.56,3.74,3.98,4.55
2025-10-22,3.8,3.45,3.56,3.74,3.97,4.54
2025-10-23,3.8,3.48,3.61,3.79,4.01,4.58
2025-10-24,3.77,3.48,3.61,3.79,4.02,4.59
2025-10-27,3.73,3.48,3.61,3.79,4.01,4.57
2025-10-28,3.73,3.47,3.6,3.77,3.99,4.55
2025-10-29,3.77,3.59,3.7,3.87,4.08,4.61
2025-10-30,3.76,3.61,3.72,3.9,4.11,4.65
2025-10-31,3.73,3.6,3.71,3.89,4.11,4.67
2025-11-03,3.82,3.6,3.72,3.9,4.13,4.69
2025-11-04,3.8,3.58,3.69,3.88,4.1,4.67
2025-11-05,3.8,3.63,3.76,3.95,4.17,4.74
2025-11-06,3.77,3.57,3.69,3.87,4.11,4.69
2025-11-07,3.77,3.55,3.67,3.87,4.11,4.7
2025-11-10,3.79,3.58,3.72,3.9,4.13,4.71
2025-11-12,3.79,3.56,3.68,3.86,4.08,4.67
2025-11-13,3.8,3.58,3.71,3.89,4.11,4.7
2025-11-14,3.8,3.62,3.74,3.92,4.14,4.74
2025-11-17,3.8,3.6,3.72,3.9,4.13,4.73
2025-11-18,3.78,3.58,3.7,3.89,4.12,4.74
2025-11-19,3.79,3.58,3.71,3.9,4.13,4.75
2025-11-20,3.78,3.55,3.68,3.87,4.1,4.73
2025-11-21,3.75,3.51,3.62,3.82,4.06,4.71
2025-11-24,3.75,3.46,3.61,3.8,4.04,4.68
2025-11-25,3.74,3.43,3.55,3.77,4.01,4.67
2025-11-26,3.76,3.45,3.56,3.75,4,4.64
2025-11-28,3.73,3.47,3.59,3.78,4.02,4.67
2025-12-01,3.71,3.54,3.67,3.86,4.09,4.74
2025-12-02,3.68,3.51,3.66,3.85,4.09,4.74
2025-12-03,3.64,3.49,3.62,3.82,4.06,4.73
2025-12-04,3.63,3.52,3.68,3.87,4.11,4.76
2025-12-05,3.62,3.56,3.72,3.9,4.14,4.79
2025-12-08,3.64,3.57,3.75,3.94,4.17,4.81
2025-12-09,3.64,3.61,3.78,3.96,4.18,4.8
2025-12-10,3.6,3.54,3.72,3.92,4.13,4.78
2025-12-11,3.58,3.52,3.72,3.91,4.14,4.79
2025-12-12,3.54,3.52,3.75,3.95,4.19,4.85
2025-12-15,3.56,3.51,3.73,3.94,4.18,4.84
2025-12-16,3.56,3.48,3.69,3.9,4.15,4.82
2025-12-17,3.55,3.49,3.7,3.91,4.16,4.83
2025-12-18,3.53,3.46,3.66,3.87,4.12,4.8
2025-12-19,3.54,3.48,3.7,3.91,4.16,4.82
2025-12-22,3.56,3.44,3.71,3.93,4.17,4.84
2025-12-23,3.56,3.48,3.72,3.94,4.18,4.83
2025-12-24,3.6,3.47,3.7,3.91,4.15,4.79
2025-12-26,3.56,3.46,3.68,3.89,4.14,4.81
2025-12-29,3.57,3.45,3.67,3.88,4.12,4.8
2025-12-30,3.55,3.45,3.68,3.89,4.14,4.81
2025-12-31,3.57,3.47,3.73,3.94,4.18,4.84
2026-01-02,3.54,3.47,3.74,3.95,4.19,4.86
2026-01-05,3.54,3.46,3.71,3.92,4.17,4.85
2026-01-06,3.53,3.47,3.72,3.93,4.18,4.86
2026-01-07,3.52,3.47,3.7,3.91,4.15,4.82
2026-01-08,3.52,3.49,3.74,3.95,4.19,4.85
2026-01-09,3.52,3.54,3.75,3.95,4.18,4.82
2026-01-12,3.56,3.54,3.77,3.97,4.19,4.83
2026-01-13,3.57,3.53,3.75,3.95,4.18,4.83
2026-01-14,3.57,3.51,3.72,3.92,4.15,4.79
2026-01-15,3.57,3.56,3.77,3.96,4.17,4.79
2026-01-16,3.57,3.59,3.82,4.02,4.24,4.83
2026-01-20,3.59,3.6,3.86,4.08,4.3,4.91
2026-01-21,3.59,3.6,3.83,4.04,4.26,4.87
2026-01-22,3.6,3.61,3.85,4.05,4.26,4.84
2026-01-23,3.59,3.6,3.84,4.03,4.24,4.82
2026-01-26,3.59,3.56,3.82,4.02,4.22,4.8
2026-01-27,3.58,3.53,3.81,4.03,4.24,4.83
2026-01-28,3.59,3.56,3.83,4.05,4.26,4.85
2026-01-29,3.59,3.53,3.8,4.01,4.24,4.85
2026-01-30,3.58,3.52,3.79,4.01,4.26,4.87
2026-02-02,3.6,3.57,3.83,4.05,4.29,4.9
2026-02-03,3.6,3.57,3.83,4.04,4.28,4.9
2026-02-04,3.6,3.57,3.83,4.05,4.29,4.91
2026-02-05,3.59,3.47,3.74,3.97,4.21,4.85
2026-02-06,3.6,3.5,3.76,3.98,4.22,4.85
2026-02-09,3.6,3.48,3.75,3.97,4.22,4.85
2026-02-10,3.6,3.45,3.7,3.92,4.16,4.78
2026-02-11,3.61,3.52,3.75,3.96,4.18,4.82
2026-02-12,3.61,3.47,3.67,3.87,4.09,4.72
2026-02-13,3.6,3.4,3.61,3.81,4.04,4.69
2026-02-17,3.61,3.43,3.63,3.82,4.05,4.68
2026-02-18,3.61,3.47,3.66,3.86,4.09,4.71
2026-02-19,3.61,3.47,3.65,3.85,4.08,4.7
2026-02-20,3.6,3.48,3.65,3.85,4.08,4.72
2026-02-23,3.6,3.43,3.59,3.79,4.03,4.7
2026-02-24,3.6,3.43,3.61,3.81,4.04,4.7
2026-02-25,3.6,3.45,3.61,3.82,4.05,4.7
2026-02-26,3.6,3.42,3.57,3.78,4.02,4.67
2026-02-27,3.59,3.38,3.51,3.72,3.97,4.64
2026-03-02,3.61,3.47,3.62,3.82,4.05,4.7
2026-03-03,3.6,3.51,3.63,3.83,4.06,4.7
2026-03-04,3.6,3.54,3.67,3.87,4.09,4.72
2026-03-05,3.59,3.57,3.72,3.92,4.13,4.74
2026-03-06,3.58,3.56,3.72,3.93,4.15,4.77
2026-03-09,3.61,3.56,3.71,3.9,4.12,4.72
2026-03-10,3.6,3.57,3.73,3.93,4.15,4.78
2026-03-11,3.61,3.64,3.79,3.98,4.21,4.86
2026-03-12,3.61,3.76,3.88,4.06,4.27,4.88
2026-03-13,3.61,3.73,3.87,4.07,4.28,4.9
2026-03-16,3.61,3.68,3.8,4,4.23,4.86
2026-03-17,3.61,3.68,3.79,3.98,4.2,4.85
2026-03-18,3.62,3.76,3.87,4.05,4.26,4.88
2026-03-19,3.62,3.79,3.88,4.06,4.25,4.83
2026-03-20,3.63,3.88,4.01,4.2,4.39,4.96
2026-03-23,3.63,3.83,3.95,4.15,4.34,4.91
2026-03-24,3.63,3.9,4.03,4.21,4.39,4.94
2026-03-25,3.63,3.84,3.96,4.15,4.33,4.89
2026-03-26,3.63,3.96,4.08,4.25,4.42,4.93
2026-03-27,3.62,3.88,4.06,4.25,4.44,4.98
2026-03-30,3.62,3.82,3.97,4.16,4.35,4.91
2026-03-31,3.61,3.79,3.92,4.11,4.3,4.88
2026-04-01,3.61,3.81,3.97,4.15,4.33,4.91
2026-04-02,3.61,3.79,3.94,4.12,4.31,4.88
2026-04-03,3.62,3.84,3.99,4.17,4.35,4.91
2026-04-06,3.64,3.84,3.98,4.16,4.34,4.89
2026-04-07,3.62,3.81,3.95,4.13,4.33,4.9
2026-04-08,3.61,3.79,3.92,4.1,4.29,4.89
2026-04-09,3.6,3.78,3.91,4.1,4.29,4.9
2026-04-10,3.6,3.81,3.94,4.12,4.31,4.91
2026-04-13,3.62,3.78,3.92,4.1,4.3,4.9
2026-04-14,3.62,3.76,3.87,4.06,4.26,4.87
2026-04-15,3.62,3.76,3.9,4.08,4.29,4.89
2026-04-16,3.62,3.78,3.91,4.1,4.32,4.93
2026-04-17,3.61,3.71,3.84,4.04,4.26,4.88
2026-04-20,3.62,3.72,3.86,4.04,4.26,4.88
2026-04-21,3.6,3.78,3.91,4.09,4.3,4.89
2026-04-22,3.6,3.79,3.91,4.1,4.3,4.9
2026-04-23,3.6,3.83,3.96,4.13,4.34,4.92
2026-04-24,3.6,3.78,3.92,4.1,4.31,4.91
2026-04-27,3.6,3.78,3.94,4.14,4.35,4.94
2026-04-28,3.6,3.84,3.97,4.16,4.36,4.94
2026-04-29,3.6,3.92,4.05,4.23,4.42,4.98
2026-04-30,3.59,3.88,4.02,4.2,4.4,4.98
2026-05-01,3.59,3.88,4.02,4.2,4.39,4.97
2026-05-04,3.61,3.95,4.08,4.26,4.45,5.02
2026-05-05,3.61,3.93,4.08,4.25,4.43,4.98
2026-05-06,3.61,3.87,3.99,4.17,4.36,4.94
2026-05-07,3.61,3.92,4.04,4.22,4.41,4.97
2026-05-08,3.6,3.9,4.02,4.19,4.38,4.95
2026-05-11,3.61,3.95,4.07,4.24,4.42,4.98
2026-05-12,3.61,4,4.12,4.29,4.46,5.03
2026-05-13,3.61,3.98,4.12,4.28,4.46,5.03
2026-05-14,3.6,4,4.13,4.29,4.47,5.02
2026-05-15,3.6,4.09,4.26,4.43,4.59,5.12
2026-05-18,3.6,4.07,4.27,4.43,4.61,5.14
2026-05-19,3.59,4.13,4.32,4.5,4.67,5.18
2026-05-20,3.57,4.04,4.22,4.39,4.57,5.11
2026-05-21,3.59,4.08,4.25,4.41,4.57,5.1
2026-05-22,3.59,4.13,4.27,4.41,4.56,5.07
2026-05-26,3.6,4.01,4.19,4.33,4.5,5.03
2026-05-27,3.59,4,4.17,4.32,4.48,5.01
2026-05-28,3.6,3.99,4.15,4.29,4.45,4.98
2026-05-29,3.6,3.98,4.13,4.27,4.45,4.99
2026-06-01,3.63,4.05,4.18,4.32,4.47,4.99
2026-06-02,3.63,4.05,4.17,4.31,4.46,4.97
2026-06-03,3.63,4.08,4.21,4.34,4.49,4.99
2026-06-04,3.63,4.05,4.18,4.32,4.47,4.97
2026-06-05,3.63,4.17,4.29,4.41,4.55,5.01
2026-06-08,3.65,4.15,4.29,4.42,4.56,5.03
2026-06-09,3.64,4.13,4.26,4.39,4.53,5.01
2026-06-10,3.64,4.13,4.27,4.4,4.55,5.03
2026-06-11,3.63,4.05,4.18,4.31,4.45,4.95
2026-06-12,3.63,4.09,4.21,4.34,4.48,4.97
2026-06-15,3.64,4.07,4.18,4.32,4.47,4.97
2026-06-16,3.64,4.05,4.16,4.28,4.43,4.93
2026-06-17,3.68,4.2,4.27,4.37,4.49,4.93
2026-06-18,3.67,4.19,4.23,4.34,4.46,4.9
2026-06-22,3.7,4.24,4.29,4.39,4.51,4.95
2026-06-23,3.7,4.16,4.27,4.38,4.5,4.94
2026-06-24,3.7,4.11,4.17,4.28,4.41,4.86
2026-06-25,3.69,4.09,4.15,4.26,4.4,4.86
2026-06-26,3.67,4.07,4.12,4.23,4.38,4.87
2026-06-29,3.74,4.1,4.14,4.24,4.38,4.86
2026-06-30,3.74,4.14,4.19,4.3,4.44,4.91
2026-07-01,3.71,4.17,4.24,4.35,4.48,4.97
2026-07-02,3.68,4.14,4.23,4.35,4.49,4.98
2026-07-06,3.74,4.13,4.21,4.33,4.48,4.99
2026-07-07,3.73,4.19,4.27,4.4,4.55,5.05
2026-07-08,3.73,4.21,4.31,4.43,4.56,5.06
2026-07-09,3.69,4.16,4.27,4.4,4.54,5.05
2026-07-10,3.71,4.21,4.3,4.42,4.56,5.06
2026-07-13,3.76,4.26,4.37,4.48,4.62,5.1
2026-07-14,3.71,4.18,4.31,4.44,4.58,5.08
2026-07-15,3.7,4.13,4.26,4.39,4.55,5.08
2026-07-16,3.7,4.16,4.28,4.41,4.57,5.09
2026-07-17,3.71,4.18,4.28,4.4,4.55,5.06
2026-07-20,3.73,4.21,4.33,4.45,4.6,5.11
2026-07-21,3.74,4.26,4.37,4.5,4.63,5.13
2026-07-22,3.75,4.31,4.41,4.53,4.67,5.15
2026-07-23,3.81,4.37,4.46,4.58,4.71,5.17
2026-07-24,3.81,4.33,4.43,4.55,4.69,5.16
2026-07-27,3.82,4.31,4.4,4.52,4.65,5.12
2026-07-28,3.77,4.26,4.35,4.47,4.61,5.09
2026-07-29,3.7,4.22,4.37,4.51,4.67,5.2
2026-07-30,3.69,4.23,4.38,4.52,4.68,5.21
2026-07-31,3.69,4.28,4.45,4.59,4.75,5.27
2026-08-03,3.75,4.25,4.4,4.54,4.7,5.23
2026-08-04,3.74,4.2,4.33,4.47,4.63,5.18
2026-08-05,3.74,4.18,4.33,4.47,4.63,5.17
2026-08-06,3.74,4.25,4.4,4.53,4.69,5.22
2026-08-07,3.72,4.19,4.35,4.49,4.65,5.19
2026-08-10,3.74,4.25,4.41,4.56,4.72,5.25
2026-08-11,3.74,4.22,4.39,4.54,4.7,5.24
2026-08-12,3.72,4.2,4.38,4.52,4.68,5.24
2026-08-13,3.71,4.15,4.32,4.47,4.63,5.21
2026-08-14,3.71,4.17,4.36,4.51,4.68,5.25
2026-08-17,3.72,4.19,4.38,4.54,4.72,5.31
2026-08-18,3.71,4.19,4.37,4.53,4.71,5.28
2026-08-19,3.71,4.19,4.35,4.48,4.65,5.19
2026-08-20,3.71,4.19,4.39,4.53,4.69,5.23
2026-08-21,3.72,4.24,4.43,4.57,4.74,5.27
2026-08-24,3.72,4.24,4.41,4.55,4.7,5.23
2026-08-25,3.71,4.17,4.35,4.48,4.64,5.17
2026-08-26,3.7,4.19,4.37,4.51,4.66,5.18
2026-08-27,3.69,4.2,4.38,4.52,4.67,5.19
2026-08-28,3.74,4.34,4.48,4.59,4.73,5.22
2026-08-31,3.78,4.34,4.49,4.62,4.75,5.25
2026-09-01,3.78,4.39,4.55,4.66,4.79,5.27
2026-09-02,3.78,4.39,4.54,4.66,4.79,5.27
2026-09-03,3.75,4.34,4.52,4.63,4.77,5.25
2026-09-04,3.77,4.37,4.54,4.65,4.78,5.24
2026-09-08,3.8,4.39,4.57,4.68,4.8,5.25
2026-09-09,3.81,4.43,4.61,4.71,4.83,5.28
2026-09-10,3.86,4.56,4.75,4.84,4.95,5.37
2026-09-11,3.92,4.63,4.78,4.87,4.96,5.35
2026-09-14,3.97,4.65,4.8,4.88,4.97,5.34
2026-09-15,3.97,4.67,4.83,4.91,5,5.36
2026-09-16,3.99,4.74,4.86,4.94,5.01,5.35
2026-09-17,3.97,4.67,4.78,4.86,4.94,5.29
2026-09-18,3.99,4.76,4.86,4.93,5.01,5.34
2026-09-21,4.02,4.76,4.83,4.89,4.96,5.29
2026-09-22,4.01,4.71,4.83,4.89,4.96,5.29
2026-09-23,4.04,4.85,4.99,5.05,5.11,5.4
2026-09-24,4.08,4.87,5.03,5.1,5.18,5.47
2026-09-25,4.08,4.81,4.98,5.06,5.17,5.49
2026-09-28,4.1,4.92,5.06,5.15,5.24,5.56
2026-09-29,4.07,4.89,5.06,5.16,5.26,5.59
2026-09-30,4.03,4.88,5.09,5.19,5.29,5.64
2026-10-01,4,4.78,5.01,5.12,5.24,5.61
2026-10-02,4.01,4.83,5.06,5.17,5.28,5.63
2026-10-05,4.05,4.84,5.06,5.19,5.31,5.66
2026-10-06,4.04,4.79,5.03,5.15,5.27,5.64
2026-10-07,4.05,4.77,5.03,5.15,5.28,5.67
2026-10-08,4.05,4.75,4.99,5.11,5.22,5.6
